
Gurobi 12.0.3 (win64, Java) logging started Wed Aug 27 13:07:25 2025

Set parameter LogToConsole to value 0
Set parameter WLSAccessID
Set parameter WLSSecret
Set parameter LicenseID to value 2699416
Set parameter TimeLimit to value 15
Set parameter LogFile to value "mip1.log"
Set parameter Threads to value 2
Academic license 2699416 - for non-commercial use only - registered to pa___@id.uff.br
Gurobi Optimizer version 12.0.3 build v12.0.3rc0 (win64 - Windows 10.0 (19045.2))

CPU model: Intel(R) Core(TM) i5-7400 CPU @ 3.00GHz, instruction set [SSE2|AVX|AVX2]
Thread count: 4 physical cores, 4 logical processors, using up to 2 threads

Non-default parameters:
TimeLimit  15
LogToConsole  0
Threads  2

Academic license 2699416 - for non-commercial use only - registered to pa___@id.uff.br
Optimize a model with 156 rows, 178 columns and 693 nonzeros
Model fingerprint: 0xb761a7b2
Variable types: 1 continuous, 177 integer (177 binary)
Coefficient statistics:
  Matrix range     [1e+00, 9e+02]
  Objective range  [3e-01, 2e+01]
  Bounds range     [1e+00, 4e+01]
  RHS range        [7e+01, 7e+01]

User MIP start produced solution with objective 4.38538e-15 (0.00s)
Loaded user MIP start with objective 4.38538e-15

Presolve removed 32 rows and 45 columns
Presolve time: 0.00s
Presolved: 124 rows, 133 columns, 493 nonzeros
Found heuristic solution: objective 11.7586207
Variable types: 0 continuous, 133 integer (132 binary)
Found heuristic solution: objective 26.7241379

Root relaxation: objective 6.665489e+01, 62 iterations, 0.00 seconds (0.00 work units)

    Nodes    |    Current Node    |     Objective Bounds      |     Work
 Expl Unexpl |  Obj  Depth IntInf | Incumbent    BestBd   Gap | It/Node Time

     0     0   66.65489    0   10   26.72414   66.65489   149%     -    0s
H    0     0                      66.3965517   66.65489  0.39%     -    0s
     0     0   66.61925    0    5   66.39655   66.61925  0.34%     -    0s
     0     0   66.60753    0   10   66.39655   66.60753  0.32%     -    0s
     0     0     cutoff    0        66.39655   66.39655  0.00%     -    0s

Cutting planes:
  Gomory: 4
  Cover: 2

Explored 1 nodes (93 simplex iterations) in 0.02 seconds (0.00 work units)
Thread count was 2 (of 4 available processors)

Solution count 4: 66.3966 26.7241 11.7586 4.38538e-15 

Optimal solution found (tolerance 1.00e-04)
Best objective 6.639655172414e+01, best bound 6.639655172414e+01, gap 0.0000%
Set parameter TimeLimit to value 15
Gurobi Optimizer version 12.0.3 build v12.0.3rc0 (win64 - Windows 10.0 (19045.2))

CPU model: Intel(R) Core(TM) i5-7400 CPU @ 3.00GHz, instruction set [SSE2|AVX|AVX2]
Thread count: 4 physical cores, 4 logical processors, using up to 2 threads

Non-default parameters:
TimeLimit  15
LogToConsole  0
Threads  2

Academic license 2699416 - for non-commercial use only - registered to pa___@id.uff.br
Optimize a model with 156 rows, 178 columns and 693 nonzeros
Model fingerprint: 0xa702b207
Variable types: 1 continuous, 177 integer (177 binary)
Coefficient statistics:
  Matrix range     [1e+00, 9e+02]
  Objective range  [2e+00, 2e+01]
  Bounds range     [1e+00, 4e+01]
  RHS range        [7e+01, 7e+01]

User MIP start produced solution with objective -1.77636e-15 (0.00s)
Loaded user MIP start with objective -1.77636e-15
MIP start from previous solve did not produce a new incumbent solution

Presolve removed 32 rows and 45 columns
Presolve time: 0.00s
Presolved: 124 rows, 133 columns, 493 nonzeros
Variable types: 0 continuous, 133 integer (132 binary)

Root relaxation: objective 1.188889e+01, 42 iterations, 0.00 seconds (0.00 work units)

    Nodes    |    Current Node    |     Objective Bounds      |     Work
 Expl Unexpl |  Obj  Depth IntInf | Incumbent    BestBd   Gap | It/Node Time

     0     0   11.88889    0    7   -0.00000   11.88889      -     -    0s
H    0     0                       4.3333333   11.88889   174%     -    0s
H    0     0                       6.3333333   11.88889  87.7%     -    0s
H    0     0                       7.6666667   11.88889  55.1%     -    0s
H    0     0                       9.3333333   11.88889  27.4%     -    0s
     0     0   11.00000    0    2    9.33333   11.00000  17.9%     -    0s
H    0     0                      11.0000000   11.00000  0.00%     -    0s

Cutting planes:
  Gomory: 1
  Zero half: 1

Explored 1 nodes (45 simplex iterations) in 0.01 seconds (0.00 work units)
Thread count was 2 (of 4 available processors)

Solution count 6: 11 9.33333 7.66667 ... -1.77636e-15

Optimal solution found (tolerance 1.00e-04)
Best objective 1.100000000000e+01, best bound 1.100000000000e+01, gap 0.0000%
Set parameter TimeLimit to value 15
Gurobi Optimizer version 12.0.3 build v12.0.3rc0 (win64 - Windows 10.0 (19045.2))

CPU model: Intel(R) Core(TM) i5-7400 CPU @ 3.00GHz, instruction set [SSE2|AVX|AVX2]
Thread count: 4 physical cores, 4 logical processors, using up to 2 threads

Non-default parameters:
TimeLimit  15
LogToConsole  0
Threads  2

Academic license 2699416 - for non-commercial use only - registered to pa___@id.uff.br
Optimize a model with 156 rows, 178 columns and 693 nonzeros
Model fingerprint: 0x0069fe60
Variable types: 1 continuous, 177 integer (177 binary)
Coefficient statistics:
  Matrix range     [1e+00, 9e+02]
  Objective range  [2e+00, 2e+01]
  Bounds range     [1e+00, 4e+01]
  RHS range        [7e+01, 7e+01]

User MIP start produced solution with objective -0 (0.01s)
Loaded user MIP start with objective -0
MIP start from previous solve did not produce a new incumbent solution

Presolve removed 32 rows and 45 columns
Presolve time: 0.00s
Presolved: 124 rows, 133 columns, 493 nonzeros
Variable types: 0 continuous, 133 integer (132 binary)

Root relaxation: objective 1.463415e+00, 27 iterations, 0.00 seconds (0.00 work units)

    Nodes    |    Current Node    |     Objective Bounds      |     Work
 Expl Unexpl |  Obj  Depth IntInf | Incumbent    BestBd   Gap | It/Node Time

     0     0     cutoff    0        -0.00000   -0.00000  0.00%     -    0s

Explored 1 nodes (31 simplex iterations) in 0.01 seconds (0.00 work units)
Thread count was 2 (of 4 available processors)

Solution count 1: -0 
No other solutions better than -0

Optimal solution found (tolerance 1.00e-04)
Best objective -0.000000000000e+00, best bound -0.000000000000e+00, gap 0.0000%

Gurobi 12.0.3 (win64, Java) logging started Wed Aug 27 13:07:25 2025

Set parameter LogToConsole to value 0
Set parameter WLSAccessID
Set parameter WLSSecret
Set parameter LicenseID to value 2699416
Set parameter TimeLimit to value 15
Set parameter LogFile to value "mip1.log"
Set parameter Threads to value 2
Academic license 2699416 - for non-commercial use only - registered to pa___@id.uff.br
Gurobi Optimizer version 12.0.3 build v12.0.3rc0 (win64 - Windows 10.0 (19045.2))

CPU model: Intel(R) Core(TM) i5-7400 CPU @ 3.00GHz, instruction set [SSE2|AVX|AVX2]
Thread count: 4 physical cores, 4 logical processors, using up to 2 threads

Non-default parameters:
TimeLimit  15
LogToConsole  0
Threads  2

Academic license 2699416 - for non-commercial use only - registered to pa___@id.uff.br
Optimize a model with 8 rows, 41 columns and 51 nonzeros
Model fingerprint: 0x36af95e1
Variable types: 1 continuous, 40 integer (40 binary)
Coefficient statistics:
  Matrix range     [1e+00, 1e+02]
  Objective range  [6e-02, 3e+00]
  Bounds range     [1e+00, 2e+00]
  RHS range        [2e+00, 2e+00]

User MIP start produced solution with objective 1.66533e-16 (0.00s)
Loaded user MIP start with objective 1.66533e-16

Presolve removed 6 rows and 36 columns
Presolve time: 0.00s
Presolved: 2 rows, 5 columns, 7 nonzeros
Found heuristic solution: objective 1.9393939
Variable types: 0 continuous, 5 integer (4 binary)

Explored 0 nodes (0 simplex iterations) in 0.01 seconds (0.00 work units)
Thread count was 2 (of 4 available processors)

Solution count 2: 1.93939 1.66533e-16 

Optimal solution found (tolerance 1.00e-04)
Best objective 1.939393939394e+00, best bound 1.939393939394e+00, gap 0.0000%
Set parameter TimeLimit to value 15
Gurobi Optimizer version 12.0.3 build v12.0.3rc0 (win64 - Windows 10.0 (19045.2))

CPU model: Intel(R) Core(TM) i5-7400 CPU @ 3.00GHz, instruction set [SSE2|AVX|AVX2]
Thread count: 4 physical cores, 4 logical processors, using up to 2 threads

Non-default parameters:
TimeLimit  15
LogToConsole  0
Threads  2

Academic license 2699416 - for non-commercial use only - registered to pa___@id.uff.br
Optimize a model with 8 rows, 41 columns and 51 nonzeros
Model fingerprint: 0xc97e5e40
Variable types: 1 continuous, 40 integer (40 binary)
Coefficient statistics:
  Matrix range     [1e+00, 1e+02]
  Objective range  [1e+00, 3e+00]
  Bounds range     [1e+00, 2e+00]
  RHS range        [2e+00, 2e+00]

User MIP start produced solution with objective -0 (0.00s)
Loaded user MIP start with objective -0
MIP start from previous solve did not produce a new incumbent solution

Presolve removed 8 rows and 41 columns
Presolve time: 0.00s
Presolve: All rows and columns removed

Explored 0 nodes (0 simplex iterations) in 0.01 seconds (0.00 work units)
Thread count was 1 (of 4 available processors)

Solution count 1: -0 
No other solutions better than -0

Optimal solution found (tolerance 1.00e-04)
Best objective -0.000000000000e+00, best bound -0.000000000000e+00, gap 0.0000%

Gurobi 12.0.3 (win64, Java) logging started Wed Aug 27 13:07:25 2025

Set parameter LogToConsole to value 0
Set parameter WLSAccessID
Set parameter WLSSecret
Set parameter LicenseID to value 2699416
Set parameter TimeLimit to value 15
Set parameter LogFile to value "mip1.log"
Set parameter Threads to value 2
Academic license 2699416 - for non-commercial use only - registered to pa___@id.uff.br
Gurobi Optimizer version 12.0.3 build v12.0.3rc0 (win64 - Windows 10.0 (19045.2))

CPU model: Intel(R) Core(TM) i5-7400 CPU @ 3.00GHz, instruction set [SSE2|AVX|AVX2]
Thread count: 4 physical cores, 4 logical processors, using up to 2 threads

Non-default parameters:
TimeLimit  15
LogToConsole  0
Threads  2

Academic license 2699416 - for non-commercial use only - registered to pa___@id.uff.br
Optimize a model with 247 rows, 207 columns and 1116 nonzeros
Model fingerprint: 0x86d47713
Variable types: 1 continuous, 206 integer (206 binary)
Coefficient statistics:
  Matrix range     [1e+00, 1e+03]
  Objective range  [3e-01, 1e+01]
  Bounds range     [1e+00, 7e+01]
  RHS range        [1e+02, 1e+02]

User MIP start produced solution with objective 1.06581e-14 (0.01s)
Loaded user MIP start with objective 1.06581e-14

Presolve removed 41 rows and 34 columns
Presolve time: 0.00s
Presolved: 206 rows, 173 columns, 852 nonzeros
Found heuristic solution: objective 8.7822581
Variable types: 0 continuous, 173 integer (172 binary)
Found heuristic solution: objective 28.4758065

Root relaxation: objective 1.032855e+02, 150 iterations, 0.00 seconds (0.00 work units)

    Nodes    |    Current Node    |     Objective Bounds      |     Work
 Expl Unexpl |  Obj  Depth IntInf | Incumbent    BestBd   Gap | It/Node Time

     0     0  103.28546    0   52   28.47581  103.28546   263%     -    0s
H    0     0                     102.0080645  103.28546  1.25%     -    0s
H    0     0                     102.2741935  103.28546  0.99%     -    0s
H    0     0                     102.5403226  103.28546  0.73%     -    0s
     0     0  103.23986    0   19  102.54032  103.23986  0.68%     -    0s
H    0     0                     102.8064516  103.23569  0.42%     -    0s
H    0     0                     103.0725806  103.23569  0.16%     -    0s
     0     0  103.23569    0   17  103.07258  103.23569  0.16%     -    0s
     0     0  103.22106    0   24  103.07258  103.22106  0.14%     -    0s
     0     0  103.22106    0   34  103.07258  103.22106  0.14%     -    0s
     0     0  103.22106    0   22  103.07258  103.22106  0.14%     -    0s
     0     0  103.21109    0   33  103.07258  103.21109  0.13%     -    0s
     0     0  103.21106    0   56  103.07258  103.21106  0.13%     -    0s
     0     0  103.21037    0   44  103.07258  103.21037  0.13%     -    0s
     0     0  103.20741    0   71  103.07258  103.20741  0.13%     -    0s
     0     0  103.20735    0   67  103.07258  103.20735  0.13%     -    0s
     0     0  103.20644    0   56  103.07258  103.20644  0.13%     -    0s
     0     0  103.20635    0   56  103.07258  103.20635  0.13%     -    0s
     0     0  103.20604    0   61  103.07258  103.20604  0.13%     -    0s
     0     0  103.20601    0   61  103.07258  103.20601  0.13%     -    0s
     0     0  103.20598    0   61  103.07258  103.20598  0.13%     -    0s
     0     0  103.20525    0   61  103.07258  103.20525  0.13%     -    0s
     0     2  103.20525    0   61  103.07258  103.20525  0.13%     -    0s

Cutting planes:
  Gomory: 1
  Cover: 2
  MIR: 2
  StrongCG: 2
  Zero half: 7
  Mod-K: 1
  RLT: 2
  Relax-and-lift: 2

Explored 63 nodes (1035 simplex iterations) in 0.15 seconds (0.06 work units)
Thread count was 2 (of 4 available processors)

Solution count 9: 103.073 102.806 102.54 ... 1.06581e-14

Optimal solution found (tolerance 1.00e-04)
Best objective 1.030725806452e+02, best bound 1.030806451613e+02, gap 0.0078%
Set parameter TimeLimit to value 15
Gurobi Optimizer version 12.0.3 build v12.0.3rc0 (win64 - Windows 10.0 (19045.2))

CPU model: Intel(R) Core(TM) i5-7400 CPU @ 3.00GHz, instruction set [SSE2|AVX|AVX2]
Thread count: 4 physical cores, 4 logical processors, using up to 2 threads

Non-default parameters:
TimeLimit  15
LogToConsole  0
Threads  2

Academic license 2699416 - for non-commercial use only - registered to pa___@id.uff.br
Optimize a model with 247 rows, 207 columns and 1116 nonzeros
Model fingerprint: 0xea1cdf16
Variable types: 1 continuous, 206 integer (206 binary)
Coefficient statistics:
  Matrix range     [1e+00, 1e+03]
  Objective range  [1e+00, 1e+01]
  Bounds range     [1e+00, 7e+01]
  RHS range        [1e+02, 1e+02]

User MIP start produced solution with objective -3.55271e-15 (0.01s)
Loaded user MIP start with objective -3.55271e-15
MIP start from previous solve did not produce a new incumbent solution

Presolve removed 41 rows and 34 columns
Presolve time: 0.00s
Presolved: 206 rows, 173 columns, 852 nonzeros
Variable types: 0 continuous, 173 integer (172 binary)

Root relaxation: objective 9.454545e+00, 87 iterations, 0.00 seconds (0.00 work units)

    Nodes    |    Current Node    |     Objective Bounds      |     Work
 Expl Unexpl |  Obj  Depth IntInf | Incumbent    BestBd   Gap | It/Node Time

*    0     0               0       9.4545455    9.45455  0.00%     -    0s

Explored 1 nodes (87 simplex iterations) in 0.01 seconds (0.00 work units)
Thread count was 2 (of 4 available processors)

Solution count 2: 9.45455 -3.55271e-15 

Optimal solution found (tolerance 1.00e-04)
Best objective 9.454545454545e+00, best bound 9.454545454545e+00, gap 0.0000%
Set parameter TimeLimit to value 15
Gurobi Optimizer version 12.0.3 build v12.0.3rc0 (win64 - Windows 10.0 (19045.2))

CPU model: Intel(R) Core(TM) i5-7400 CPU @ 3.00GHz, instruction set [SSE2|AVX|AVX2]
Thread count: 4 physical cores, 4 logical processors, using up to 2 threads

Non-default parameters:
TimeLimit  15
LogToConsole  0
Threads  2

Academic license 2699416 - for non-commercial use only - registered to pa___@id.uff.br
Optimize a model with 247 rows, 207 columns and 1116 nonzeros
Model fingerprint: 0x44c2705d
Variable types: 1 continuous, 206 integer (206 binary)
Coefficient statistics:
  Matrix range     [1e+00, 1e+03]
  Objective range  [1e+00, 1e+01]
  Bounds range     [1e+00, 7e+01]
  RHS range        [1e+02, 1e+02]

User MIP start produced solution with objective -0 (0.00s)
Loaded user MIP start with objective -0
MIP start from previous solve did not produce a new incumbent solution

Presolve removed 41 rows and 34 columns
Presolve time: 0.00s
Presolved: 206 rows, 173 columns, 852 nonzeros
Variable types: 0 continuous, 173 integer (172 binary)

Root relaxation: cutoff, 53 iterations, 0.00 seconds (0.00 work units)

    Nodes    |    Current Node    |     Objective Bounds      |     Work
 Expl Unexpl |  Obj  Depth IntInf | Incumbent    BestBd   Gap | It/Node Time

     0     0     cutoff    0        -0.00000   -0.00000  0.00%     -    0s

Explored 1 nodes (53 simplex iterations) in 0.01 seconds (0.00 work units)
Thread count was 2 (of 4 available processors)

Solution count 1: -0 
No other solutions better than -0

Optimal solution found (tolerance 1.00e-04)
Best objective -0.000000000000e+00, best bound -0.000000000000e+00, gap 0.0000%

Gurobi 12.0.3 (win64, Java) logging started Wed Aug 27 13:07:26 2025

Set parameter LogToConsole to value 0
Set parameter WLSAccessID
Set parameter WLSSecret
Set parameter LicenseID to value 2699416
Set parameter TimeLimit to value 15
Set parameter LogFile to value "mip1.log"
Set parameter Threads to value 2
Academic license 2699416 - for non-commercial use only - registered to pa___@id.uff.br
Gurobi Optimizer version 12.0.3 build v12.0.3rc0 (win64 - Windows 10.0 (19045.2))

CPU model: Intel(R) Core(TM) i5-7400 CPU @ 3.00GHz, instruction set [SSE2|AVX|AVX2]
Thread count: 4 physical cores, 4 logical processors, using up to 2 threads

Non-default parameters:
TimeLimit  15
LogToConsole  0
Threads  2

Academic license 2699416 - for non-commercial use only - registered to pa___@id.uff.br
Optimize a model with 60 rows, 108 columns and 229 nonzeros
Model fingerprint: 0xe02a93d4
Variable types: 1 continuous, 107 integer (107 binary)
Coefficient statistics:
  Matrix range     [1e+00, 9e+02]
  Objective range  [5e-02, 8e+00]
  Bounds range     [1e+00, 4e+01]
  RHS range        [4e+01, 4e+01]

User MIP start produced solution with objective 1.41553e-15 (0.01s)
Loaded user MIP start with objective 1.41553e-15

Presolve removed 21 rows and 66 columns
Presolve time: 0.00s
Presolved: 39 rows, 42 columns, 118 nonzeros
Found heuristic solution: objective 3.5164835
Variable types: 0 continuous, 42 integer (41 binary)
Found heuristic solution: objective 4.7252747

Root relaxation: objective 3.918956e+01, 19 iterations, 0.00 seconds (0.00 work units)

    Nodes    |    Current Node    |     Objective Bounds      |     Work
 Expl Unexpl |  Obj  Depth IntInf | Incumbent    BestBd   Gap | It/Node Time

     0     0   39.18956    0    8    4.72527   39.18956   729%     -    0s
H    0     0                      39.0659341   39.18956  0.32%     -    0s
H    0     0                      39.1208791   39.18956  0.18%     -    0s
H    0     0                      39.1758242   39.18956  0.04%     -    0s

Cutting planes:
  Gomory: 1
  Cover: 2
  Zero half: 1

Explored 1 nodes (22 simplex iterations) in 0.01 seconds (0.00 work units)
Thread count was 2 (of 4 available processors)

Solution count 6: 39.1758 39.1209 39.0659 ... 1.41553e-15

Optimal solution found (tolerance 1.00e-04)
Best objective 3.917582417582e+01, best bound 3.917582417582e+01, gap 0.0000%
Set parameter TimeLimit to value 15
Gurobi Optimizer version 12.0.3 build v12.0.3rc0 (win64 - Windows 10.0 (19045.2))

CPU model: Intel(R) Core(TM) i5-7400 CPU @ 3.00GHz, instruction set [SSE2|AVX|AVX2]
Thread count: 4 physical cores, 4 logical processors, using up to 2 threads

Non-default parameters:
TimeLimit  15
LogToConsole  0
Threads  2

Academic license 2699416 - for non-commercial use only - registered to pa___@id.uff.br
Optimize a model with 60 rows, 108 columns and 229 nonzeros
Model fingerprint: 0xa7c6e1d9
Variable types: 1 continuous, 107 integer (107 binary)
Coefficient statistics:
  Matrix range     [1e+00, 9e+02]
  Objective range  [2e+00, 8e+00]
  Bounds range     [1e+00, 4e+01]
  RHS range        [4e+01, 4e+01]

User MIP start produced solution with objective 4.44089e-15 (0.00s)
Loaded user MIP start with objective 4.44089e-15
MIP start from previous solve did not produce a new incumbent solution

Presolve removed 21 rows and 66 columns
Presolve time: 0.00s
Presolved: 39 rows, 42 columns, 118 nonzeros
Variable types: 0 continuous, 42 integer (41 binary)

Root relaxation: objective 3.000000e+00, 11 iterations, 0.00 seconds (0.00 work units)

    Nodes    |    Current Node    |     Objective Bounds      |     Work
 Expl Unexpl |  Obj  Depth IntInf | Incumbent    BestBd   Gap | It/Node Time

     0     0    3.00000    0   16    0.00000    3.00000      -     -    0s
H    0     0                       1.6666667    3.00000  80.0%     -    0s
H    0     0                       2.3333333    3.00000  28.6%     -    0s

Cutting planes:
  Gomory: 1

Explored 1 nodes (13 simplex iterations) in 0.01 seconds (0.00 work units)
Thread count was 2 (of 4 available processors)

Solution count 3: 2.33333 1.66667 4.44089e-15 

Optimal solution found (tolerance 1.00e-04)
Best objective 2.333333333333e+00, best bound 2.333333333333e+00, gap 0.0000%
Set parameter TimeLimit to value 15
Gurobi Optimizer version 12.0.3 build v12.0.3rc0 (win64 - Windows 10.0 (19045.2))

CPU model: Intel(R) Core(TM) i5-7400 CPU @ 3.00GHz, instruction set [SSE2|AVX|AVX2]
Thread count: 4 physical cores, 4 logical processors, using up to 2 threads

Non-default parameters:
TimeLimit  15
LogToConsole  0
Threads  2

Academic license 2699416 - for non-commercial use only - registered to pa___@id.uff.br
Optimize a model with 60 rows, 108 columns and 229 nonzeros
Model fingerprint: 0x4e893e39
Variable types: 1 continuous, 107 integer (107 binary)
Coefficient statistics:
  Matrix range     [1e+00, 9e+02]
  Objective range  [2e+00, 8e+00]
  Bounds range     [1e+00, 4e+01]
  RHS range        [4e+01, 4e+01]

User MIP start produced solution with objective -0 (0.00s)
Loaded user MIP start with objective -0
MIP start from previous solve did not produce a new incumbent solution

Presolve removed 21 rows and 66 columns
Presolve time: 0.00s
Presolved: 39 rows, 42 columns, 118 nonzeros
Variable types: 0 continuous, 42 integer (41 binary)

Root relaxation: objective 5.000000e-01, 5 iterations, 0.00 seconds (0.00 work units)

    Nodes    |    Current Node    |     Objective Bounds      |     Work
 Expl Unexpl |  Obj  Depth IntInf | Incumbent    BestBd   Gap | It/Node Time

*    0     0               0       0.5000000    0.50000  0.00%     -    0s

Explored 1 nodes (5 simplex iterations) in 0.01 seconds (0.00 work units)
Thread count was 2 (of 4 available processors)

Solution count 2: 0.5 -0 
No other solutions better than 0.5

Optimal solution found (tolerance 1.00e-04)
Best objective 5.000000000000e-01, best bound 5.000000000000e-01, gap 0.0000%
Set parameter TimeLimit to value 15
Gurobi Optimizer version 12.0.3 build v12.0.3rc0 (win64 - Windows 10.0 (19045.2))

CPU model: Intel(R) Core(TM) i5-7400 CPU @ 3.00GHz, instruction set [SSE2|AVX|AVX2]
Thread count: 4 physical cores, 4 logical processors, using up to 2 threads

Non-default parameters:
TimeLimit  15
LogToConsole  0
Threads  2

Academic license 2699416 - for non-commercial use only - registered to pa___@id.uff.br
Optimize a model with 60 rows, 108 columns and 229 nonzeros
Model fingerprint: 0x78dd4718
Variable types: 1 continuous, 107 integer (107 binary)
Coefficient statistics:
  Matrix range     [1e+00, 9e+02]
  Objective range  [2e+00, 8e+00]
  Bounds range     [1e+00, 4e+01]
  RHS range        [4e+01, 4e+01]

User MIP start produced solution with objective -0 (0.00s)
Loaded user MIP start with objective -0
MIP start from previous solve did not produce a new incumbent solution

Presolve removed 21 rows and 66 columns
Presolve time: 0.00s
Presolved: 39 rows, 42 columns, 118 nonzeros
Variable types: 0 continuous, 42 integer (41 binary)

Root relaxation: cutoff, 4 iterations, 0.00 seconds (0.00 work units)

    Nodes    |    Current Node    |     Objective Bounds      |     Work
 Expl Unexpl |  Obj  Depth IntInf | Incumbent    BestBd   Gap | It/Node Time

     0     0     cutoff    0        -0.00000   -0.00000  0.00%     -    0s

Explored 1 nodes (4 simplex iterations) in 0.01 seconds (0.00 work units)
Thread count was 2 (of 4 available processors)

Solution count 1: -0 
No other solutions better than -0

Optimal solution found (tolerance 1.00e-04)
Best objective -0.000000000000e+00, best bound -0.000000000000e+00, gap 0.0000%

Gurobi 12.0.3 (win64, Java) logging started Wed Aug 27 13:07:26 2025

Set parameter LogToConsole to value 0
Set parameter WLSAccessID
Set parameter WLSSecret
Set parameter LicenseID to value 2699416
Set parameter TimeLimit to value 15
Set parameter LogFile to value "mip1.log"
Set parameter Threads to value 2
Academic license 2699416 - for non-commercial use only - registered to pa___@id.uff.br
Gurobi Optimizer version 12.0.3 build v12.0.3rc0 (win64 - Windows 10.0 (19045.2))

CPU model: Intel(R) Core(TM) i5-7400 CPU @ 3.00GHz, instruction set [SSE2|AVX|AVX2]
Thread count: 4 physical cores, 4 logical processors, using up to 2 threads

Non-default parameters:
TimeLimit  15
LogToConsole  0
Threads  2

Academic license 2699416 - for non-commercial use only - registered to pa___@id.uff.br
Optimize a model with 6408 rows, 2787 columns and 29403 nonzeros
Model fingerprint: 0x7a160ed0
Variable types: 1 continuous, 2786 integer (2786 binary)
Coefficient statistics:
  Matrix range     [1e+00, 2e+03]
  Objective range  [2e+00, 1e+02]
  Bounds range     [1e+00, 3e+03]
  RHS range        [4e+03, 4e+03]

User MIP start produced solution with objective 1.95399e-13 (0.01s)
Loaded user MIP start with objective 1.95399e-13

Presolve removed 568 rows and 68 columns
Presolve time: 0.16s
Presolved: 5840 rows, 2719 columns, 26441 nonzeros
Found heuristic solution: objective 57.5217391
Variable types: 0 continuous, 2719 integer (2705 binary)
Found heuristic solution: objective 419.0869565

Root relaxation: objective 4.223989e+03, 7603 iterations, 1.89 seconds (2.00 work units)

    Nodes    |    Current Node    |     Objective Bounds      |     Work
 Expl Unexpl |  Obj  Depth IntInf | Incumbent    BestBd   Gap | It/Node Time

     0     0 4223.98915    0 1665  419.08696 4223.98915   908%     -    2s
H    0     0                    3772.1739130 4223.98915  12.0%     -    2s
H    0     0                    3822.9565217 4223.98915  10.5%     -    2s
H    0     0                    3858.3043478 4223.98915  9.48%     -    2s
H    0     0                    3876.3043478 4223.98915  8.97%     -    2s
H    0     0                    3975.9130435 4223.98915  6.24%     -    2s
H    0     0                    3982.1304348 4223.98915  6.07%     -    2s
H    0     0                    3984.1304348 4223.98915  6.02%     -    2s
     0     0 4195.59957    0 1824 3984.13043 4195.59957  5.31%     -    4s
H    0     0                    4041.6521739 4195.56946  3.81%     -    4s
     0     0 4193.61533    0 1879 4041.65217 4193.61533  3.76%     -    4s
     0     0 4193.23095    0 1841 4041.65217 4193.23095  3.75%     -    5s
     0     0 4193.21442    0 1824 4041.65217 4193.21442  3.75%     -    5s
     0     0 4193.21366    0 1825 4041.65217 4193.21366  3.75%     -    5s
     0     0 4188.43382    0 2024 4041.65217 4188.43382  3.63%     -    6s
     0     0 4187.71373    0 2048 4041.65217 4187.71373  3.61%     -    7s
     0     0 4187.59297    0 1865 4041.65217 4187.59297  3.61%     -    7s
     0     0 4187.53702    0 2061 4041.65217 4187.53702  3.61%     -    7s
     0     0 4187.52352    0 2066 4041.65217 4187.52352  3.61%     -    7s
     0     0 4186.10262    0 1958 4041.65217 4186.10262  3.57%     -    8s
H    0     0                    4074.5217391 4186.10166  2.74%     -    8s
     0     0 4185.79404    0 1965 4074.52174 4185.79404  2.73%     -    9s
     0     0 4185.70958    0 1963 4074.52174 4185.70958  2.73%     -    9s
     0     0 4185.70364    0 1774 4074.52174 4185.70364  2.73%     -    9s
     0     0 4185.22627    0 1945 4074.52174 4185.22627  2.72%     -   10s
     0     0 4185.04610    0 1774 4074.52174 4185.04610  2.71%     -   10s
     0     0 4184.99876    0 1954 4074.52174 4184.99876  2.71%     -   10s
     0     0 4184.96807    0 1970 4074.52174 4184.96807  2.71%     -   10s
     0     0 4184.96421    0 1961 4074.52174 4184.96421  2.71%     -   10s
     0     0 4184.74256    0 1767 4074.52174 4184.74256  2.71%     -   11s
H    0     0                    4090.9565217 4184.74236  2.29%     -   11s
     0     0 4184.67084    0 1771 4090.95652 4184.67084  2.29%     -   11s
     0     0 4184.65055    0 1773 4090.95652 4184.65055  2.29%     -   11s
     0     0 4184.64153    0 1771 4090.95652 4184.64153  2.29%     -   11s
     0     0 4184.56146    0 1772 4090.95652 4184.56146  2.29%     -   12s
     0     0 4184.56124    0 1760 4090.95652 4184.56124  2.29%     -   12s
H    0     0                    4099.1739130 4184.56094  2.08%     -   13s
H    0     0                    4107.3913043 4184.56094  1.88%     -   13s
H    0     0                    4115.6086957 4184.56094  1.68%     -   13s
H    0     0                    4123.8260870 4184.56094  1.47%     -   13s
H    0     0                    4132.0434783 4184.56094  1.27%     -   13s
     0     2 4184.56094    0 1758 4132.04348 4184.56094  1.27%     -   13s
     5     9 4182.12665    3 1738 4132.04348 4183.80712  1.25%   818   15s

Cutting planes:
  Cover: 400
  Implied bound: 3
  Clique: 58
  MIR: 93
  StrongCG: 3
  Flow cover: 3
  GUB cover: 7
  Zero half: 38
  RLT: 498
  Relax-and-lift: 109
  BQP: 7
  PSD: 1

Explored 8 nodes (30524 simplex iterations) in 15.01 seconds (17.32 work units)
Thread count was 2 (of 4 available processors)

Solution count 10: 4132.04 4123.83 4115.61 ... 3982.13

Time limit reached
Best objective 4.132043478261e+03, best bound 4.183782608696e+03, gap 1.2521%
Set parameter TimeLimit to value 15
Gurobi Optimizer version 12.0.3 build v12.0.3rc0 (win64 - Windows 10.0 (19045.2))

CPU model: Intel(R) Core(TM) i5-7400 CPU @ 3.00GHz, instruction set [SSE2|AVX|AVX2]
Thread count: 4 physical cores, 4 logical processors, using up to 2 threads

Non-default parameters:
TimeLimit  15
LogToConsole  0
Threads  2

Academic license 2699416 - for non-commercial use only - registered to pa___@id.uff.br
Optimize a model with 6408 rows, 2787 columns and 29403 nonzeros
Model fingerprint: 0x9dad9206
Variable types: 1 continuous, 2786 integer (2786 binary)
Coefficient statistics:
  Matrix range     [1e+00, 2e+03]
  Objective range  [2e+00, 1e+02]
  Bounds range     [1e+00, 3e+03]
  RHS range        [4e+03, 4e+03]

User MIP start produced solution with objective -0 (0.01s)
Loaded user MIP start with objective -0
MIP start from previous solve did not produce a new incumbent solution

Presolve removed 568 rows and 68 columns
Presolve time: 0.14s
Presolved: 5840 rows, 2719 columns, 26441 nonzeros
Variable types: 0 continuous, 2719 integer (2705 binary)

Root relaxation: objective 1.536761e+03, 7194 iterations, 1.58 seconds (1.90 work units)

    Nodes    |    Current Node    |     Objective Bounds      |     Work
 Expl Unexpl |  Obj  Depth IntInf | Incumbent    BestBd   Gap | It/Node Time

     0     0 1536.76062    0 1663   -0.00000 1536.76062      -     -    1s
     0     0 1051.97068    0 1826   -0.00000 1051.97068      -     -    3s
     0     0 1021.55831    0 1888   -0.00000 1021.55831      -     -    4s
     0     0 1017.87138    0 1862   -0.00000 1017.87138      -     -    4s
     0     0 1017.80683    0 1866   -0.00000 1017.80683      -     -    4s
     0     0  932.41890    0 1972   -0.00000  932.41890      -     -    5s
     0     0  922.57765    0 1897   -0.00000  922.57765      -     -    6s
     0     0  918.58407    0 1970   -0.00000  918.58407      -     -    6s
     0     0  918.23293    0 1975   -0.00000  918.23293      -     -    6s
     0     0  918.14824    0 1942   -0.00000  918.14824      -     -    6s
     0     0  898.86109    0 1767   -0.00000  898.86109      -     -    7s
     0     0  895.00957    0 1941   -0.00000  895.00957      -     -    7s
     0     0  893.84730    0 1768   -0.00000  893.84730      -     -    7s
     0     0  893.48223    0 1966   -0.00000  893.48223      -     -    7s
     0     0  893.26240    0 1786   -0.00000  893.26240      -     -    7s
     0     0  884.90210    0 1885   -0.00000  884.90210      -     -    9s
     0     0  883.13843    0 1898   -0.00000  883.13843      -     -    9s
     0     0  882.58631    0 1983   -0.00000  882.58631      -     -    9s

Gurobi 12.0.3 (win64, Java) logging started Wed Aug 27 13:07:57 2025

Set parameter LogToConsole to value 0
Set parameter WLSAccessID
Set parameter WLSSecret
Set parameter LicenseID to value 2699416
Set parameter TimeLimit to value 15
Set parameter LogFile to value "mip1.log"
Set parameter Threads to value 2
Academic license 2699416 - for non-commercial use only - registered to pa___@id.uff.br
Gurobi Optimizer version 12.0.3 build v12.0.3rc0 (win64 - Windows 10.0 (19045.2))

CPU model: Intel(R) Core(TM) i5-7400 CPU @ 3.00GHz, instruction set [SSE2|AVX|AVX2]
Thread count: 4 physical cores, 4 logical processors, using up to 2 threads

Non-default parameters:
TimeLimit  15
LogToConsole  0
Threads  2

Academic license 2699416 - for non-commercial use only - registered to pa___@id.uff.br
Optimize a model with 156 rows, 178 columns and 693 nonzeros
Model fingerprint: 0xb761a7b2
Variable types: 1 continuous, 177 integer (177 binary)
Coefficient statistics:
  Matrix range     [1e+00, 9e+02]
  Objective range  [3e-01, 2e+01]
  Bounds range     [1e+00, 4e+01]
  RHS range        [7e+01, 7e+01]

User MIP start produced solution with objective 4.38538e-15 (0.00s)
Loaded user MIP start with objective 4.38538e-15

Presolve removed 32 rows and 45 columns
Presolve time: 0.00s
Presolved: 124 rows, 133 columns, 493 nonzeros
Found heuristic solution: objective 11.7586207
Variable types: 0 continuous, 133 integer (132 binary)
Found heuristic solution: objective 26.7241379

Root relaxation: objective 6.665489e+01, 62 iterations, 0.00 seconds (0.00 work units)

    Nodes    |    Current Node    |     Objective Bounds      |     Work
 Expl Unexpl |  Obj  Depth IntInf | Incumbent    BestBd   Gap | It/Node Time

     0     0   66.65489    0   10   26.72414   66.65489   149%     -    0s
H    0     0                      66.3965517   66.65489  0.39%     -    0s
     0     0   66.61925    0    5   66.39655   66.61925  0.34%     -    0s
     0     0   66.60753    0   10   66.39655   66.60753  0.32%     -    0s
     0     0     cutoff    0        66.39655   66.39655  0.00%     -    0s

Cutting planes:
  Gomory: 4
  Cover: 2

Explored 1 nodes (93 simplex iterations) in 0.02 seconds (0.00 work units)
Thread count was 2 (of 4 available processors)

Solution count 4: 66.3966 26.7241 11.7586 4.38538e-15 

Optimal solution found (tolerance 1.00e-04)
Best objective 6.639655172414e+01, best bound 6.639655172414e+01, gap 0.0000%
Set parameter TimeLimit to value 15
Gurobi Optimizer version 12.0.3 build v12.0.3rc0 (win64 - Windows 10.0 (19045.2))

CPU model: Intel(R) Core(TM) i5-7400 CPU @ 3.00GHz, instruction set [SSE2|AVX|AVX2]
Thread count: 4 physical cores, 4 logical processors, using up to 2 threads

Non-default parameters:
TimeLimit  15
LogToConsole  0
Threads  2

Academic license 2699416 - for non-commercial use only - registered to pa___@id.uff.br
Optimize a model with 156 rows, 178 columns and 693 nonzeros
Model fingerprint: 0xa702b207
Variable types: 1 continuous, 177 integer (177 binary)
Coefficient statistics:
  Matrix range     [1e+00, 9e+02]
  Objective range  [2e+00, 2e+01]
  Bounds range     [1e+00, 4e+01]
  RHS range        [7e+01, 7e+01]

User MIP start produced solution with objective -1.77636e-15 (0.00s)
Loaded user MIP start with objective -1.77636e-15
MIP start from previous solve did not produce a new incumbent solution

Presolve removed 32 rows and 45 columns
Presolve time: 0.00s
Presolved: 124 rows, 133 columns, 493 nonzeros
Variable types: 0 continuous, 133 integer (132 binary)

Root relaxation: objective 1.188889e+01, 42 iterations, 0.00 seconds (0.00 work units)

    Nodes    |    Current Node    |     Objective Bounds      |     Work
 Expl Unexpl |  Obj  Depth IntInf | Incumbent    BestBd   Gap | It/Node Time

     0     0   11.88889    0    7   -0.00000   11.88889      -     -    0s
H    0     0                       4.3333333   11.88889   174%     -    0s
H    0     0                       6.3333333   11.88889  87.7%     -    0s
H    0     0                       7.6666667   11.88889  55.1%     -    0s
H    0     0                       9.3333333   11.88889  27.4%     -    0s
     0     0   11.00000    0    2    9.33333   11.00000  17.9%     -    0s
H    0     0                      11.0000000   11.00000  0.00%     -    0s

Cutting planes:
  Gomory: 1
  Zero half: 1

Explored 1 nodes (45 simplex iterations) in 0.08 seconds (0.00 work units)
Thread count was 2 (of 4 available processors)

Solution count 6: 11 9.33333 7.66667 ... -1.77636e-15

Optimal solution found (tolerance 1.00e-04)
Best objective 1.100000000000e+01, best bound 1.100000000000e+01, gap 0.0000%
Set parameter TimeLimit to value 15
Gurobi Optimizer version 12.0.3 build v12.0.3rc0 (win64 - Windows 10.0 (19045.2))

CPU model: Intel(R) Core(TM) i5-7400 CPU @ 3.00GHz, instruction set [SSE2|AVX|AVX2]
Thread count: 4 physical cores, 4 logical processors, using up to 2 threads

Non-default parameters:
TimeLimit  15
LogToConsole  0
Threads  2

Academic license 2699416 - for non-commercial use only - registered to pa___@id.uff.br
Optimize a model with 156 rows, 178 columns and 693 nonzeros
Model fingerprint: 0x0069fe60
Variable types: 1 continuous, 177 integer (177 binary)
Coefficient statistics:
  Matrix range     [1e+00, 9e+02]
  Objective range  [2e+00, 2e+01]
  Bounds range     [1e+00, 4e+01]
  RHS range        [7e+01, 7e+01]

User MIP start produced solution with objective -0 (0.02s)
Loaded user MIP start with objective -0
MIP start from previous solve did not produce a new incumbent solution

Presolve removed 32 rows and 45 columns
Presolve time: 0.00s
Presolved: 124 rows, 133 columns, 493 nonzeros
Variable types: 0 continuous, 133 integer (132 binary)

Root relaxation: objective 1.463415e+00, 27 iterations, 0.00 seconds (0.00 work units)

    Nodes    |    Current Node    |     Objective Bounds      |     Work
 Expl Unexpl |  Obj  Depth IntInf | Incumbent    BestBd   Gap | It/Node Time

     0     0     cutoff    0        -0.00000   -0.00000  0.00%     -    0s

Explored 1 nodes (31 simplex iterations) in 0.07 seconds (0.00 work units)
Thread count was 2 (of 4 available processors)

Solution count 1: -0 
No other solutions better than -0

Optimal solution found (tolerance 1.00e-04)
Best objective -0.000000000000e+00, best bound -0.000000000000e+00, gap 0.0000%

Gurobi 12.0.3 (win64, Java) logging started Wed Aug 27 13:07:58 2025

Set parameter LogToConsole to value 0
Set parameter WLSAccessID
Set parameter WLSSecret
Set parameter LicenseID to value 2699416
Set parameter TimeLimit to value 15
Set parameter LogFile to value "mip1.log"
Set parameter Threads to value 2
Academic license 2699416 - for non-commercial use only - registered to pa___@id.uff.br
Gurobi Optimizer version 12.0.3 build v12.0.3rc0 (win64 - Windows 10.0 (19045.2))

CPU model: Intel(R) Core(TM) i5-7400 CPU @ 3.00GHz, instruction set [SSE2|AVX|AVX2]
Thread count: 4 physical cores, 4 logical processors, using up to 2 threads

Non-default parameters:
TimeLimit  15
LogToConsole  0
Threads  2

Academic license 2699416 - for non-commercial use only - registered to pa___@id.uff.br
Optimize a model with 8 rows, 41 columns and 51 nonzeros
Model fingerprint: 0x36af95e1
Variable types: 1 continuous, 40 integer (40 binary)
Coefficient statistics:
  Matrix range     [1e+00, 1e+02]
  Objective range  [6e-02, 3e+00]
  Bounds range     [1e+00, 2e+00]
  RHS range        [2e+00, 2e+00]

User MIP start produced solution with objective 1.66533e-16 (0.00s)
Loaded user MIP start with objective 1.66533e-16

Presolve removed 6 rows and 36 columns
Presolve time: 0.00s
Presolved: 2 rows, 5 columns, 7 nonzeros
Found heuristic solution: objective 1.9393939
Variable types: 0 continuous, 5 integer (4 binary)

Explored 0 nodes (0 simplex iterations) in 0.01 seconds (0.00 work units)
Thread count was 2 (of 4 available processors)

Solution count 2: 1.93939 1.66533e-16 

Optimal solution found (tolerance 1.00e-04)
Best objective 1.939393939394e+00, best bound 1.939393939394e+00, gap 0.0000%
Set parameter TimeLimit to value 15
Gurobi Optimizer version 12.0.3 build v12.0.3rc0 (win64 - Windows 10.0 (19045.2))

CPU model: Intel(R) Core(TM) i5-7400 CPU @ 3.00GHz, instruction set [SSE2|AVX|AVX2]
Thread count: 4 physical cores, 4 logical processors, using up to 2 threads

Non-default parameters:
TimeLimit  15
LogToConsole  0
Threads  2

Academic license 2699416 - for non-commercial use only - registered to pa___@id.uff.br
Optimize a model with 8 rows, 41 columns and 51 nonzeros
Model fingerprint: 0xc97e5e40
Variable types: 1 continuous, 40 integer (40 binary)
Coefficient statistics:
  Matrix range     [1e+00, 1e+02]
  Objective range  [1e+00, 3e+00]
  Bounds range     [1e+00, 2e+00]
  RHS range        [2e+00, 2e+00]

User MIP start produced solution with objective -0 (0.00s)
Loaded user MIP start with objective -0
MIP start from previous solve did not produce a new incumbent solution

Presolve removed 8 rows and 41 columns
Presolve time: 0.00s
Presolve: All rows and columns removed

Explored 0 nodes (0 simplex iterations) in 0.00 seconds (0.00 work units)
Thread count was 1 (of 4 available processors)

Solution count 1: -0 
No other solutions better than -0

Optimal solution found (tolerance 1.00e-04)
Best objective -0.000000000000e+00, best bound -0.000000000000e+00, gap 0.0000%

Gurobi 12.0.3 (win64, Java) logging started Wed Aug 27 13:07:58 2025

Set parameter LogToConsole to value 0
Set parameter WLSAccessID
Set parameter WLSSecret
Set parameter LicenseID to value 2699416
Set parameter TimeLimit to value 15
Set parameter LogFile to value "mip1.log"
Set parameter Threads to value 2
Academic license 2699416 - for non-commercial use only - registered to pa___@id.uff.br
Gurobi Optimizer version 12.0.3 build v12.0.3rc0 (win64 - Windows 10.0 (19045.2))

CPU model: Intel(R) Core(TM) i5-7400 CPU @ 3.00GHz, instruction set [SSE2|AVX|AVX2]
Thread count: 4 physical cores, 4 logical processors, using up to 2 threads

Non-default parameters:
TimeLimit  15
LogToConsole  0
Threads  2

Academic license 2699416 - for non-commercial use only - registered to pa___@id.uff.br
Optimize a model with 247 rows, 207 columns and 1116 nonzeros
Model fingerprint: 0x86d47713
Variable types: 1 continuous, 206 integer (206 binary)
Coefficient statistics:
  Matrix range     [1e+00, 1e+03]
  Objective range  [3e-01, 1e+01]
  Bounds range     [1e+00, 7e+01]
  RHS range        [1e+02, 1e+02]

User MIP start produced solution with objective 1.06581e-14 (0.01s)
Loaded user MIP start with objective 1.06581e-14

Presolve removed 41 rows and 34 columns
Presolve time: 0.00s
Presolved: 206 rows, 173 columns, 852 nonzeros
Found heuristic solution: objective 8.7822581
Variable types: 0 continuous, 173 integer (172 binary)
Found heuristic solution: objective 28.4758065

Root relaxation: objective 1.032855e+02, 150 iterations, 0.00 seconds (0.00 work units)

    Nodes    |    Current Node    |     Objective Bounds      |     Work
 Expl Unexpl |  Obj  Depth IntInf | Incumbent    BestBd   Gap | It/Node Time

     0     0  103.28546    0   52   28.47581  103.28546   263%     -    0s
H    0     0                     102.0080645  103.28546  1.25%     -    0s
H    0     0                     102.2741935  103.28546  0.99%     -    0s
H    0     0                     102.5403226  103.28546  0.73%     -    0s
     0     0  103.23986    0   19  102.54032  103.23986  0.68%     -    0s
H    0     0                     102.8064516  103.23569  0.42%     -    0s
H    0     0                     103.0725806  103.23569  0.16%     -    0s
     0     0  103.23569    0   17  103.07258  103.23569  0.16%     -    0s
     0     0  103.22106    0   24  103.07258  103.22106  0.14%     -    0s
     0     0  103.22106    0   34  103.07258  103.22106  0.14%     -    0s
     0     0  103.22106    0   22  103.07258  103.22106  0.14%     -    0s
     0     0  103.21109    0   33  103.07258  103.21109  0.13%     -    0s
     0     0  103.21106    0   56  103.07258  103.21106  0.13%     -    0s
     0     0  103.21037    0   44  103.07258  103.21037  0.13%     -    0s
     0     0  103.20741    0   71  103.07258  103.20741  0.13%     -    0s
     0     0  103.20735    0   67  103.07258  103.20735  0.13%     -    0s
     0     0  103.20644    0   56  103.07258  103.20644  0.13%     -    0s
     0     0  103.20635    0   56  103.07258  103.20635  0.13%     -    0s
     0     0  103.20604    0   61  103.07258  103.20604  0.13%     -    0s
     0     0  103.20601    0   61  103.07258  103.20601  0.13%     -    0s
     0     0  103.20598    0   61  103.07258  103.20598  0.13%     -    0s
     0     0  103.20525    0   61  103.07258  103.20525  0.13%     -    0s
     0     2  103.20525    0   61  103.07258  103.20525  0.13%     -    0s

Cutting planes:
  Gomory: 1
  Cover: 2
  MIR: 2
  StrongCG: 2
  Zero half: 7
  Mod-K: 1
  RLT: 2
  Relax-and-lift: 2

Explored 63 nodes (1035 simplex iterations) in 0.16 seconds (0.06 work units)
Thread count was 2 (of 4 available processors)

Solution count 9: 103.073 102.806 102.54 ... 1.06581e-14

Optimal solution found (tolerance 1.00e-04)
Best objective 1.030725806452e+02, best bound 1.030806451613e+02, gap 0.0078%
Set parameter TimeLimit to value 15
Gurobi Optimizer version 12.0.3 build v12.0.3rc0 (win64 - Windows 10.0 (19045.2))

CPU model: Intel(R) Core(TM) i5-7400 CPU @ 3.00GHz, instruction set [SSE2|AVX|AVX2]
Thread count: 4 physical cores, 4 logical processors, using up to 2 threads

Non-default parameters:
TimeLimit  15
LogToConsole  0
Threads  2

Academic license 2699416 - for non-commercial use only - registered to pa___@id.uff.br
Optimize a model with 247 rows, 207 columns and 1116 nonzeros
Model fingerprint: 0xea1cdf16
Variable types: 1 continuous, 206 integer (206 binary)
Coefficient statistics:
  Matrix range     [1e+00, 1e+03]
  Objective range  [1e+00, 1e+01]
  Bounds range     [1e+00, 7e+01]
  RHS range        [1e+02, 1e+02]

User MIP start produced solution with objective -3.55271e-15 (0.00s)
Loaded user MIP start with objective -3.55271e-15
MIP start from previous solve did not produce a new incumbent solution

Presolve removed 41 rows and 34 columns
Presolve time: 0.00s
Presolved: 206 rows, 173 columns, 852 nonzeros
Variable types: 0 continuous, 173 integer (172 binary)

Root relaxation: objective 9.454545e+00, 87 iterations, 0.00 seconds (0.00 work units)

    Nodes    |    Current Node    |     Objective Bounds      |     Work
 Expl Unexpl |  Obj  Depth IntInf | Incumbent    BestBd   Gap | It/Node Time

*    0     0               0       9.4545455    9.45455  0.00%     -    0s

Explored 1 nodes (87 simplex iterations) in 0.01 seconds (0.00 work units)
Thread count was 2 (of 4 available processors)

Solution count 2: 9.45455 -3.55271e-15 

Optimal solution found (tolerance 1.00e-04)
Best objective 9.454545454545e+00, best bound 9.454545454545e+00, gap 0.0000%
Set parameter TimeLimit to value 15
Gurobi Optimizer version 12.0.3 build v12.0.3rc0 (win64 - Windows 10.0 (19045.2))

CPU model: Intel(R) Core(TM) i5-7400 CPU @ 3.00GHz, instruction set [SSE2|AVX|AVX2]
Thread count: 4 physical cores, 4 logical processors, using up to 2 threads

Non-default parameters:
TimeLimit  15
LogToConsole  0
Threads  2

Academic license 2699416 - for non-commercial use only - registered to pa___@id.uff.br
Optimize a model with 247 rows, 207 columns and 1116 nonzeros
Model fingerprint: 0x44c2705d
Variable types: 1 continuous, 206 integer (206 binary)
Coefficient statistics:
  Matrix range     [1e+00, 1e+03]
  Objective range  [1e+00, 1e+01]
  Bounds range     [1e+00, 7e+01]
  RHS range        [1e+02, 1e+02]

User MIP start produced solution with objective -0 (0.00s)
Loaded user MIP start with objective -0
MIP start from previous solve did not produce a new incumbent solution

Presolve removed 41 rows and 34 columns
Presolve time: 0.00s
Presolved: 206 rows, 173 columns, 852 nonzeros
Variable types: 0 continuous, 173 integer (172 binary)

Root relaxation: cutoff, 53 iterations, 0.00 seconds (0.00 work units)

    Nodes    |    Current Node    |     Objective Bounds      |     Work
 Expl Unexpl |  Obj  Depth IntInf | Incumbent    BestBd   Gap | It/Node Time

     0     0     cutoff    0        -0.00000   -0.00000  0.00%     -    0s

Explored 1 nodes (53 simplex iterations) in 0.01 seconds (0.00 work units)
Thread count was 2 (of 4 available processors)

Solution count 1: -0 
No other solutions better than -0

Optimal solution found (tolerance 1.00e-04)
Best objective -0.000000000000e+00, best bound -0.000000000000e+00, gap 0.0000%

Gurobi 12.0.3 (win64, Java) logging started Wed Aug 27 13:07:58 2025

Set parameter LogToConsole to value 0
Set parameter WLSAccessID
Set parameter WLSSecret
Set parameter LicenseID to value 2699416
Set parameter TimeLimit to value 15
Set parameter LogFile to value "mip1.log"
Set parameter Threads to value 2
Academic license 2699416 - for non-commercial use only - registered to pa___@id.uff.br
Gurobi Optimizer version 12.0.3 build v12.0.3rc0 (win64 - Windows 10.0 (19045.2))

CPU model: Intel(R) Core(TM) i5-7400 CPU @ 3.00GHz, instruction set [SSE2|AVX|AVX2]
Thread count: 4 physical cores, 4 logical processors, using up to 2 threads

Non-default parameters:
TimeLimit  15
LogToConsole  0
Threads  2

Academic license 2699416 - for non-commercial use only - registered to pa___@id.uff.br
Optimize a model with 60 rows, 108 columns and 229 nonzeros
Model fingerprint: 0xe02a93d4
Variable types: 1 continuous, 107 integer (107 binary)
Coefficient statistics:
  Matrix range     [1e+00, 9e+02]
  Objective range  [5e-02, 8e+00]
  Bounds range     [1e+00, 4e+01]
  RHS range        [4e+01, 4e+01]

User MIP start produced solution with objective 1.41553e-15 (0.00s)
Loaded user MIP start with objective 1.41553e-15

Presolve removed 21 rows and 66 columns
Presolve time: 0.00s
Presolved: 39 rows, 42 columns, 118 nonzeros
Found heuristic solution: objective 3.5164835
Variable types: 0 continuous, 42 integer (41 binary)
Found heuristic solution: objective 4.7252747

Root relaxation: objective 3.918956e+01, 19 iterations, 0.00 seconds (0.00 work units)

    Nodes    |    Current Node    |     Objective Bounds      |     Work
 Expl Unexpl |  Obj  Depth IntInf | Incumbent    BestBd   Gap | It/Node Time

     0     0   39.18956    0    8    4.72527   39.18956   729%     -    0s
H    0     0                      39.0659341   39.18956  0.32%     -    0s
H    0     0                      39.1208791   39.18956  0.18%     -    0s
H    0     0                      39.1758242   39.18956  0.04%     -    0s

Cutting planes:
  Gomory: 1
  Cover: 2
  Zero half: 1

Explored 1 nodes (22 simplex iterations) in 0.01 seconds (0.00 work units)
Thread count was 2 (of 4 available processors)

Solution count 6: 39.1758 39.1209 39.0659 ... 1.41553e-15

Optimal solution found (tolerance 1.00e-04)
Best objective 3.917582417582e+01, best bound 3.917582417582e+01, gap 0.0000%
Set parameter TimeLimit to value 15
Gurobi Optimizer version 12.0.3 build v12.0.3rc0 (win64 - Windows 10.0 (19045.2))

CPU model: Intel(R) Core(TM) i5-7400 CPU @ 3.00GHz, instruction set [SSE2|AVX|AVX2]
Thread count: 4 physical cores, 4 logical processors, using up to 2 threads

Non-default parameters:
TimeLimit  15
LogToConsole  0
Threads  2

Academic license 2699416 - for non-commercial use only - registered to pa___@id.uff.br
Optimize a model with 60 rows, 108 columns and 229 nonzeros
Model fingerprint: 0xa7c6e1d9
Variable types: 1 continuous, 107 integer (107 binary)
Coefficient statistics:
  Matrix range     [1e+00, 9e+02]
  Objective range  [2e+00, 8e+00]
  Bounds range     [1e+00, 4e+01]
  RHS range        [4e+01, 4e+01]

User MIP start produced solution with objective 4.44089e-15 (0.00s)
Loaded user MIP start with objective 4.44089e-15
MIP start from previous solve did not produce a new incumbent solution

Presolve removed 21 rows and 66 columns
Presolve time: 0.00s
Presolved: 39 rows, 42 columns, 118 nonzeros
Variable types: 0 continuous, 42 integer (41 binary)

Root relaxation: objective 3.000000e+00, 11 iterations, 0.00 seconds (0.00 work units)

    Nodes    |    Current Node    |     Objective Bounds      |     Work
 Expl Unexpl |  Obj  Depth IntInf | Incumbent    BestBd   Gap | It/Node Time

     0     0    3.00000    0   16    0.00000    3.00000      -     -    0s
H    0     0                       1.6666667    3.00000  80.0%     -    0s
H    0     0                       2.3333333    3.00000  28.6%     -    0s

Cutting planes:
  Gomory: 1

Explored 1 nodes (13 simplex iterations) in 0.01 seconds (0.00 work units)
Thread count was 2 (of 4 available processors)

Solution count 3: 2.33333 1.66667 4.44089e-15 

Optimal solution found (tolerance 1.00e-04)
Best objective 2.333333333333e+00, best bound 2.333333333333e+00, gap 0.0000%
Set parameter TimeLimit to value 15
Gurobi Optimizer version 12.0.3 build v12.0.3rc0 (win64 - Windows 10.0 (19045.2))

CPU model: Intel(R) Core(TM) i5-7400 CPU @ 3.00GHz, instruction set [SSE2|AVX|AVX2]
Thread count: 4 physical cores, 4 logical processors, using up to 2 threads

Non-default parameters:
TimeLimit  15
LogToConsole  0
Threads  2

Academic license 2699416 - for non-commercial use only - registered to pa___@id.uff.br
Optimize a model with 60 rows, 108 columns and 229 nonzeros
Model fingerprint: 0x4e893e39
Variable types: 1 continuous, 107 integer (107 binary)
Coefficient statistics:
  Matrix range     [1e+00, 9e+02]
  Objective range  [2e+00, 8e+00]
  Bounds range     [1e+00, 4e+01]
  RHS range        [4e+01, 4e+01]

User MIP start produced solution with objective -0 (0.00s)
Loaded user MIP start with objective -0
MIP start from previous solve did not produce a new incumbent solution

Presolve removed 21 rows and 66 columns
Presolve time: 0.00s
Presolved: 39 rows, 42 columns, 118 nonzeros
Variable types: 0 continuous, 42 integer (41 binary)

Root relaxation: objective 5.000000e-01, 5 iterations, 0.00 seconds (0.00 work units)

    Nodes    |    Current Node    |     Objective Bounds      |     Work
 Expl Unexpl |  Obj  Depth IntInf | Incumbent    BestBd   Gap | It/Node Time

*    0     0               0       0.5000000    0.50000  0.00%     -    0s

Explored 1 nodes (5 simplex iterations) in 0.01 seconds (0.00 work units)
Thread count was 2 (of 4 available processors)

Solution count 2: 0.5 -0 
No other solutions better than 0.5

Optimal solution found (tolerance 1.00e-04)
Best objective 5.000000000000e-01, best bound 5.000000000000e-01, gap 0.0000%
Set parameter TimeLimit to value 15
Gurobi Optimizer version 12.0.3 build v12.0.3rc0 (win64 - Windows 10.0 (19045.2))

CPU model: Intel(R) Core(TM) i5-7400 CPU @ 3.00GHz, instruction set [SSE2|AVX|AVX2]
Thread count: 4 physical cores, 4 logical processors, using up to 2 threads

Non-default parameters:
TimeLimit  15
LogToConsole  0
Threads  2

Academic license 2699416 - for non-commercial use only - registered to pa___@id.uff.br
Optimize a model with 60 rows, 108 columns and 229 nonzeros
Model fingerprint: 0x78dd4718
Variable types: 1 continuous, 107 integer (107 binary)
Coefficient statistics:
  Matrix range     [1e+00, 9e+02]
  Objective range  [2e+00, 8e+00]
  Bounds range     [1e+00, 4e+01]
  RHS range        [4e+01, 4e+01]

User MIP start produced solution with objective -0 (0.01s)
Loaded user MIP start with objective -0
MIP start from previous solve did not produce a new incumbent solution

Presolve removed 21 rows and 66 columns
Presolve time: 0.00s
Presolved: 39 rows, 42 columns, 118 nonzeros
Variable types: 0 continuous, 42 integer (41 binary)

Root relaxation: cutoff, 4 iterations, 0.00 seconds (0.00 work units)

    Nodes    |    Current Node    |     Objective Bounds      |     Work
 Expl Unexpl |  Obj  Depth IntInf | Incumbent    BestBd   Gap | It/Node Time

     0     0     cutoff    0        -0.00000   -0.00000  0.00%     -    0s

Explored 1 nodes (4 simplex iterations) in 0.01 seconds (0.00 work units)
Thread count was 2 (of 4 available processors)

Solution count 1: -0 
No other solutions better than -0

Optimal solution found (tolerance 1.00e-04)
Best objective -0.000000000000e+00, best bound -0.000000000000e+00, gap 0.0000%

Gurobi 12.0.3 (win64, Java) logging started Wed Aug 27 13:07:59 2025

Set parameter LogToConsole to value 0
Set parameter WLSAccessID
Set parameter WLSSecret
Set parameter LicenseID to value 2699416
Set parameter TimeLimit to value 15
Set parameter LogFile to value "mip1.log"
Set parameter Threads to value 2
Academic license 2699416 - for non-commercial use only - registered to pa___@id.uff.br
Gurobi Optimizer version 12.0.3 build v12.0.3rc0 (win64 - Windows 10.0 (19045.2))

CPU model: Intel(R) Core(TM) i5-7400 CPU @ 3.00GHz, instruction set [SSE2|AVX|AVX2]
Thread count: 4 physical cores, 4 logical processors, using up to 2 threads

Non-default parameters:
TimeLimit  15
LogToConsole  0
Threads  2

Academic license 2699416 - for non-commercial use only - registered to pa___@id.uff.br
Optimize a model with 6408 rows, 2787 columns and 29403 nonzeros
Model fingerprint: 0x7a160ed0
Variable types: 1 continuous, 2786 integer (2786 binary)
Coefficient statistics:
  Matrix range     [1e+00, 2e+03]
  Objective range  [2e+00, 1e+02]
  Bounds range     [1e+00, 3e+03]
  RHS range        [4e+03, 4e+03]

User MIP start produced solution with objective 1.95399e-13 (0.01s)
Loaded user MIP start with objective 1.95399e-13

Presolve removed 568 rows and 68 columns
Presolve time: 0.14s
Presolved: 5840 rows, 2719 columns, 26441 nonzeros
Found heuristic solution: objective 57.5217391
Variable types: 0 continuous, 2719 integer (2705 binary)
Found heuristic solution: objective 419.0869565

Root relaxation: objective 4.223989e+03, 7603 iterations, 1.78 seconds (2.00 work units)

    Nodes    |    Current Node    |     Objective Bounds      |     Work
 Expl Unexpl |  Obj  Depth IntInf | Incumbent    BestBd   Gap | It/Node Time

     0     0 4223.98915    0 1665  419.08696 4223.98915   908%     -    2s
H    0     0                    3772.1739130 4223.98915  12.0%     -    2s
H    0     0                    3822.9565217 4223.98915  10.5%     -    2s
H    0     0                    3858.3043478 4223.98915  9.48%     -    2s
H    0     0                    3876.3043478 4223.98915  8.97%     -    2s
H    0     0                    3975.9130435 4223.98915  6.24%     -    2s
H    0     0                    3982.1304348 4223.98915  6.07%     -    2s
H    0     0                    3984.1304348 4223.98915  6.02%     -    2s
     0     0 4195.59957    0 1824 3984.13043 4195.59957  5.31%     -    4s
H    0     0                    4041.6521739 4195.56946  3.81%     -    4s
     0     0 4193.61533    0 1879 4041.65217 4193.61533  3.76%     -    4s
     0     0 4193.23095    0 1841 4041.65217 4193.23095  3.75%     -    4s
     0     0 4193.21442    0 1824 4041.65217 4193.21442  3.75%     -    4s
     0     0 4193.21366    0 1825 4041.65217 4193.21366  3.75%     -    4s
     0     0 4188.43382    0 2024 4041.65217 4188.43382  3.63%     -    6s
     0     0 4187.71373    0 2048 4041.65217 4187.71373  3.61%     -    6s
     0     0 4187.59297    0 1865 4041.65217 4187.59297  3.61%     -    6s
     0     0 4187.53702    0 2061 4041.65217 4187.53702  3.61%     -    6s
     0     0 4187.52352    0 2066 4041.65217 4187.52352  3.61%     -    6s
     0     0 4186.10262    0 1958 4041.65217 4186.10262  3.57%     -    7s
H    0     0                    4074.5217391 4186.10166  2.74%     -    7s
     0     0 4185.79404    0 1965 4074.52174 4185.79404  2.73%     -    8s
     0     0 4185.70958    0 1963 4074.52174 4185.70958  2.73%     -    8s
     0     0 4185.70364    0 1774 4074.52174 4185.70364  2.73%     -    8s
     0     0 4185.22627    0 1945 4074.52174 4185.22627  2.72%     -    9s
     0     0 4185.04610    0 1774 4074.52174 4185.04610  2.71%     -    9s
     0     0 4184.99876    0 1954 4074.52174 4184.99876  2.71%     -    9s
     0     0 4184.96807    0 1970 4074.52174 4184.96807  2.71%     -    9s
     0     0 4184.96421    0 1961 4074.52174 4184.96421  2.71%     -    9s
     0     0 4184.74256    0 1767 4074.52174 4184.74256  2.71%     -   10s
H    0     0                    4090.9565217 4184.74236  2.29%     -   10s
     0     0 4184.67084    0 1771 4090.95652 4184.67084  2.29%     -   10s
     0     0 4184.65055    0 1773 4090.95652 4184.65055  2.29%     -   10s
     0     0 4184.64153    0 1771 4090.95652 4184.64153  2.29%     -   10s
     0     0 4184.56146    0 1772 4090.95652 4184.56146  2.29%     -   10s
     0     0 4184.56124    0 1760 4090.95652 4184.56124  2.29%     -   11s
H    0     0                    4099.1739130 4184.56094  2.08%     -   11s
H    0     0                    4107.3913043 4184.56094  1.88%     -   11s
H    0     0                    4115.6086957 4184.56094  1.68%     -   11s
H    0     0                    4123.8260870 4184.56094  1.47%     -   11s
H    0     0                    4132.0434783 4184.56094  1.27%     -   12s
     0     2 4184.56094    0 1758 4132.04348 4184.56094  1.27%     -   12s
     9    12 4181.93395    4 1731 4132.04348 4183.80712  1.25%   821   15s

Cutting planes:
  Cover: 400
  Implied bound: 3
  Clique: 58
  MIR: 93
  StrongCG: 3
  Flow cover: 3
  GUB cover: 7
  Zero half: 38
  RLT: 498
  Relax-and-lift: 109
  BQP: 7
  PSD: 1

Explored 11 nodes (35048 simplex iterations) in 15.00 seconds (20.22 work units)
Thread count was 2 (of 4 available processors)

Solution count 10: 4132.04 4123.83 4115.61 ... 3982.13

Time limit reached
Best objective 4.132043478261e+03, best bound 4.183782608696e+03, gap 1.2521%
Set parameter TimeLimit to value 15
Gurobi Optimizer version 12.0.3 build v12.0.3rc0 (win64 - Windows 10.0 (19045.2))

CPU model: Intel(R) Core(TM) i5-7400 CPU @ 3.00GHz, instruction set [SSE2|AVX|AVX2]
Thread count: 4 physical cores, 4 logical processors, using up to 2 threads

Non-default parameters:
TimeLimit  15
LogToConsole  0
Threads  2

Academic license 2699416 - for non-commercial use only - registered to pa___@id.uff.br
Optimize a model with 6408 rows, 2787 columns and 29403 nonzeros
Model fingerprint: 0x9dad9206
Variable types: 1 continuous, 2786 integer (2786 binary)
Coefficient statistics:
  Matrix range     [1e+00, 2e+03]
  Objective range  [2e+00, 1e+02]
  Bounds range     [1e+00, 3e+03]
  RHS range        [4e+03, 4e+03]

User MIP start produced solution with objective -0 (0.01s)
Loaded user MIP start with objective -0
MIP start from previous solve did not produce a new incumbent solution

Presolve removed 568 rows and 68 columns
Presolve time: 0.14s
Presolved: 5840 rows, 2719 columns, 26441 nonzeros
Variable types: 0 continuous, 2719 integer (2705 binary)

Root relaxation: objective 1.536761e+03, 7194 iterations, 1.73 seconds (1.90 work units)

    Nodes    |    Current Node    |     Objective Bounds      |     Work
 Expl Unexpl |  Obj  Depth IntInf | Incumbent    BestBd   Gap | It/Node Time

     0     0 1536.76062    0 1663   -0.00000 1536.76062      -     -    1s
     0     0 1051.97068    0 1826   -0.00000 1051.97068      -     -    3s
     0     0 1021.55831    0 1888   -0.00000 1021.55831      -     -    4s
     0     0 1017.87138    0 1862   -0.00000 1017.87138      -     -    4s
     0     0 1017.80683    0 1866   -0.00000 1017.80683      -     -    4s
     0     0  932.41890    0 1972   -0.00000  932.41890      -     -    5s
     0     0  922.57765    0 1897   -0.00000  922.57765      -     -    5s
     0     0  918.58407    0 1970   -0.00000  918.58407      -     -    5s
     0     0  918.23293    0 1975   -0.00000  918.23293      -     -    5s
     0     0  918.14824    0 1942   -0.00000  918.14824      -     -    5s
     0     0  898.86109    0 1767   -0.00000  898.86109      -     -    7s
     0     0  895.00957    0 1941   -0.00000  895.00957      -     -    7s
     0     0  893.84730    0 1768   -0.00000  893.84730      -     -    7s
     0     0  893.48223    0 1966   -0.00000  893.48223      -     -    7s
     0     0  893.26240    0 1786   -0.00000  893.26240      -     -    7s
     0     0  884.90210    0 1885   -0.00000  884.90210      -     -    8s
     0     0  883.13843    0 1898   -0.00000  883.13843      -     -    8s
     0     0  882.58631    0 1983   -0.00000  882.58631      -     -    8s
     0     0  882.28250    0 1899   -0.00000  882.28250      -     -    8s
     0     0  878.00814    0 1801   -0.00000  878.00814      -     -    9s
     0     0  877.38679    0 1980   -0.00000  877.38679      -     -    9s
     0     0  877.17205    0 2005   -0.00000  877.17205      -     -    9s
     0     0  875.70473    0 1778   -0.00000  875.70473      -     -   10s
     0     0  875.69790    0 1764   -0.00000  875.69790      -     -   10s
H    0     0                     165.0312500  875.69790   431%     -   11s
H    0     0                     336.0312500  875.69790   161%     -   11s
H    0     0                     337.0312500  875.69790   160%     -   11s
H    0     0                     354.3750000  875.69790   147%     -   11s
H    0     0                     356.3750000  875.69790   146%     -   11s
H    0     0                     357.0312500  875.69790   145%     -   11s
H    0     0                     405.3750000  875.69790   116%     -   11s
H    0     0                     425.3750000  875.69790   106%     -   11s
H    0     0                     432.3750000  875.69790   103%     -   11s
     0     2  875.69790    0 1762  432.37500  875.69790   103%     -   11s
     8    13  610.37724    5 1678  432.37500  858.08398  98.5%  1863   15s

Cutting planes:
  Gomory: 1
  Cover: 397
  Implied bound: 3
  Clique: 59
  MIR: 95
  StrongCG: 2
  Flow cover: 2
  GUB cover: 5
  Zero half: 27
  RLT: 497
  Relax-and-lift: 120
  BQP: 8
  PSD: 1

Explored 12 nodes (40243 simplex iterations) in 15.00 seconds (19.48 work units)
Thread count was 2 (of 4 available processors)

Solution count 10: 432.375 425.375 405.375 ... -0

Time limit reached
Best objective 4.323750000000e+02, best bound 8.580625000000e+02, gap 98.4533%
Set parameter TimeLimit to value 15
Gurobi Optimizer version 12.0.3 build v12.0.3rc0 (win64 - Windows 10.0 (19045.2))

CPU model: Intel(R) Core(TM) i5-7400 CPU @ 3.00GHz, instruction set [SSE2|AVX|AVX2]
Thread count: 4 physical cores, 4 logical processors, using up to 2 threads

Non-default parameters:
TimeLimit  15
LogToConsole  0
Threads  2

Academic license 2699416 - for non-commercial use only - registered to pa___@id.uff.br
Optimize a model with 6408 rows, 2787 columns and 29403 nonzeros
Model fingerprint: 0x897acc5e
Variable types: 1 continuous, 2786 integer (2786 binary)
Coefficient statistics:
  Matrix range     [1e+00, 2e+03]
  Objective range  [2e+00, 2e+02]
  Bounds range     [1e+00, 3e+03]
  RHS range        [4e+03, 4e+03]

User MIP start produced solution with objective 2.84217e-13 (0.02s)
Loaded user MIP start with objective 2.84217e-13
MIP start from previous solve did not produce a new incumbent solution

Presolve removed 568 rows and 68 columns
Presolve time: 0.14s
Presolved: 5840 rows, 2719 columns, 26441 nonzeros
Variable types: 0 continuous, 2719 integer (2705 binary)

Root relaxation: objective 1.226695e+03, 6272 iterations, 1.39 seconds (1.56 work units)

    Nodes    |    Current Node    |     Objective Bounds      |     Work
 Expl Unexpl |  Obj  Depth IntInf | Incumbent    BestBd   Gap | It/Node Time

     0     0 1226.69486    0 1730    0.00000 1226.69486      -     -    1s
     0     0  738.05866    0 1894    0.00000  738.05866      -     -    3s
     0     0  705.89786    0 1889    0.00000  705.89786      -     -    3s
     0     0  700.92657    0 1906    0.00000  700.92657      -     -    3s
     0     0  700.35166    0 1908    0.00000  700.35166      -     -    3s
     0     0  700.33555    0 1895    0.00000  700.33555      -     -    3s
     0     0  596.50258    0 1947    0.00000  596.50258      -     -    4s
     0     0  582.25770    0 1928    0.00000  582.25770      -     -    5s
     0     0  578.18826    0 1919    0.00000  578.18826      -     -    5s
     0     0  576.90633    0 1922    0.00000  576.90633      -     -    5s
     0     0  576.50641    0 1939    0.00000  576.50641      -     -    5s
     0     0  576.39448    0 1925    0.00000  576.39448      -     -    5s
     0     0  541.67928    0 1924    0.00000  541.67928      -     -    6s
     0     0  536.06133    0 1943    0.00000  536.06133      -     -    6s
     0     0  535.23844    0 1943    0.00000  535.23844      -     -    7s
     0     0  534.65412    0 1933    0.00000  534.65412      -     -    7s
     0     0  534.46250    0 1941    0.00000  534.46250      -     -    7s
     0     0  524.97566    0 1919    0.00000  524.97566      -     -    7s
     0     0  520.80887    0 1923    0.00000  520.80887      -     -    8s
     0     0  519.14749    0 1947    0.00000  519.14749      -     -    8s
     0     0  518.81544    0 1965    0.00000  518.81544      -     -    8s
     0     0  515.62276    0 1976    0.00000  515.62276      -     -    8s
     0     0  514.19720    0 1950    0.00000  514.19720      -     -    8s
     0     0  513.73856    0 1953    0.00000  513.73856      -     -    9s
     0     0  513.47864    0 1941    0.00000  513.47864      -     -    9s
     0     0  511.62713    0 1879    0.00000  511.62713      -     -    9s
     0     0  511.60894    0 1868    0.00000  511.60894      -     -    9s
H    0     0                       5.7142857  511.60894  8853%     -   10s
H    0     0                      43.7142857  511.60894  1070%     -   10s
H    0     0                      47.7142857  511.60894   972%     -   10s
H    0     0                      64.5714286  511.60894   692%     -   10s
H    0     0                      68.5714286  511.60894   646%     -   10s
H    0     0                      86.3571429  511.60894   492%     -   11s
H    0     0                      89.3571429  511.60894   473%     -   11s
     0     2  511.60894    0 1861   89.35714  511.60894   473%     -   11s
    22    24  313.21542    7 1626   89.35714  503.15106   463%  1249   15s

Cutting planes:
  Cover: 451
  Implied bound: 4
  Clique: 56
  MIR: 74
  StrongCG: 4
  Flow cover: 2
  GUB cover: 5
  Zero half: 26
  RLT: 535
  Relax-and-lift: 158
  BQP: 5
  PSD: 2

Explored 23 nodes (55573 simplex iterations) in 15.00 seconds (18.38 work units)
Thread count was 2 (of 4 available processors)

Solution count 8: 89.3571 86.3571 68.5714 ... 2.84217e-13

Time limit reached
Best objective 8.935714285714e+01, best bound 5.031428571431e+02, gap 463.0695%
Set parameter TimeLimit to value 14
Gurobi Optimizer version 12.0.3 build v12.0.3rc0 (win64 - Windows 10.0 (19045.2))

CPU model: Intel(R) Core(TM) i5-7400 CPU @ 3.00GHz, instruction set [SSE2|AVX|AVX2]
Thread count: 4 physical cores, 4 logical processors, using up to 2 threads

Non-default parameters:
TimeLimit  14
LogToConsole  0
Threads  2

Academic license 2699416 - for non-commercial use only - registered to pa___@id.uff.br
Optimize a model with 6408 rows, 2787 columns and 29403 nonzeros
Model fingerprint: 0x0e6a55e5
Variable types: 1 continuous, 2786 integer (2786 binary)
Coefficient statistics:
  Matrix range     [1e+00, 2e+03]
  Objective range  [2e+00, 2e+02]
  Bounds range     [1e+00, 3e+03]
  RHS range        [4e+03, 4e+03]

User MIP start produced solution with objective -3.41061e-13 (0.01s)
Loaded user MIP start with objective -3.41061e-13
MIP start from previous solve did not produce a new incumbent solution

Presolve removed 568 rows and 68 columns
Presolve time: 0.13s
Presolved: 5840 rows, 2719 columns, 26441 nonzeros
Variable types: 0 continuous, 2719 integer (2705 binary)

Root relaxation: objective 1.162185e+03, 5764 iterations, 1.12 seconds (1.36 work units)

    Nodes    |    Current Node    |     Objective Bounds      |     Work
 Expl Unexpl |  Obj  Depth IntInf | Incumbent    BestBd   Gap | It/Node Time

     0     0 1162.18479    0 1739   -0.00000 1162.18479      -     -    1s
     0     0  684.76669    0 1893   -0.00000  684.76669      -     -    2s
     0     0  653.35851    0 1921   -0.00000  653.35851      -     -    3s
     0     0  647.03663    0 1901   -0.00000  647.03663      -     -    3s
     0     0  646.70980    0 1908   -0.00000  646.70980      -     -    3s
     0     0  646.70431    0 1894   -0.00000  646.70431      -     -    3s
     0     0  553.55204    0 1855   -0.00000  553.55204      -     -    4s
     0     0  539.73181    0 1963   -0.00000  539.73181      -     -    4s
     0     0  536.99650    0 1971   -0.00000  536.99650      -     -    4s
     0     0  536.30894    0 1978   -0.00000  536.30894      -     -    4s
     0     0  536.10775    0 1997   -0.00000  536.10775      -     -    4s
     0     0  493.52948    0 1892   -0.00000  493.52948      -     -    5s
     0     0  485.28055    0 1897   -0.00000  485.28055      -     -    6s
     0     0  483.71119    0 1892   -0.00000  483.71119      -     -    6s
     0     0  483.33497    0 1900   -0.00000  483.33497      -     -    6s
     0     0  483.17363    0 1875   -0.00000  483.17363      -     -    6s
     0     0  467.44502    0 1919   -0.00000  467.44502      -     -    6s
     0     0  463.95770    0 1908   -0.00000  463.95770      -     -    7s
     0     0  463.21335    0 1944   -0.00000  463.21335      -     -    7s
     0     0  462.82362    0 1952   -0.00000  462.82362      -     -    7s
     0     0  462.28037    0 1962   -0.00000  462.28037      -     -    7s
     0     0  462.22453    0 1953   -0.00000  462.22453      -     -    7s
     0     0  455.72695    0 1998   -0.00000  455.72695      -     -    7s
     0     0  454.91683    0 1973   -0.00000  454.91683      -     -    7s
     0     0  454.56604    0 1915   -0.00000  454.56604      -     -    7s
     0     0  449.38501    0 1967   -0.00000  449.38501      -     -    8s
     0     0  447.93368    0 1978   -0.00000  447.93368      -     -    8s
     0     0  447.48487    0 1944   -0.00000  447.48487      -     -    9s
     0     0  447.42640    0 1955   -0.00000  447.42640      -     -    9s
     0     0  445.56286    0 1916   -0.00000  445.56286      -     -    9s
     0     0  445.55056    0 1904   -0.00000  445.55056      -     -    9s
H    0     0                      35.4000000  445.54162  1159%     -    9s
H    0     0                      64.4000000  445.54162   592%     -   10s
H    0     0                      65.4000000  445.54162   581%     -   10s
     0     2  445.54162    0 1904   65.40000  445.54162   581%     -   11s

Cutting planes:
  Gomory: 1
  Cover: 475
  Implied bound: 3
  Clique: 53
  MIR: 63
  StrongCG: 5
  Flow cover: 2
  GUB cover: 5
  Zero half: 21
  RLT: 535
  Relax-and-lift: 180
  BQP: 5
  PSD: 1

Explored 21 nodes (53790 simplex iterations) in 14.00 seconds (18.06 work units)
Thread count was 2 (of 4 available processors)

Solution count 4: 65.4 64.4 35.4 -3.41061e-13 

Time limit reached
Best objective 6.540000000000e+01, best bound 4.353200000000e+02, gap 565.6269%
Set parameter TimeLimit to value 0

Gurobi 12.0.3 (win64, Java) logging started Wed Aug 27 13:08:59 2025

Set parameter LogToConsole to value 0
Set parameter WLSAccessID
Set parameter WLSSecret
Set parameter LicenseID to value 2699416
Set parameter TimeLimit to value 15
Set parameter LogFile to value "mip1.log"
Set parameter Threads to value 2
Academic license 2699416 - for non-commercial use only - registered to pa___@id.uff.br
Gurobi Optimizer version 12.0.3 build v12.0.3rc0 (win64 - Windows 10.0 (19045.2))

CPU model: Intel(R) Core(TM) i5-7400 CPU @ 3.00GHz, instruction set [SSE2|AVX|AVX2]
Thread count: 4 physical cores, 4 logical processors, using up to 2 threads

Non-default parameters:
TimeLimit  15
LogToConsole  0
Threads  2

Academic license 2699416 - for non-commercial use only - registered to pa___@id.uff.br
Optimize a model with 7090 rows, 10526 columns and 42998 nonzeros
Model fingerprint: 0x6d2a2896
Variable types: 1 continuous, 10525 integer (10525 binary)
Coefficient statistics:
  Matrix range     [1e+00, 2e+03]
  Objective range  [1e+00, 5e+01]
  Bounds range     [1e+00, 3e+03]
  RHS range        [4e+03, 4e+03]

User MIP start produced solution with objective -9.59233e-14 (0.02s)
Loaded user MIP start with objective -9.59233e-14

Presolve removed 51 rows and 3172 columns
Presolve time: 0.18s
Presolved: 7039 rows, 7354 columns, 36312 nonzeros
Found heuristic solution: objective 3440.0000000
Variable types: 0 continuous, 7354 integer (6053 binary)
Found heuristic solution: objective 3530.8913043

Root relaxation: objective 3.871296e+03, 8531 iterations, 0.55 seconds (0.84 work units)

    Nodes    |    Current Node    |     Objective Bounds      |     Work
 Expl Unexpl |  Obj  Depth IntInf | Incumbent    BestBd   Gap | It/Node Time

     0     0 3871.29643    0 2992 3530.89130 3871.29643  9.64%     -    0s
H    0     0                    3530.9782609 3871.29643  9.64%     -    0s
H    0     0                    3796.1956522 3871.29643  1.98%     -    0s
H    0     0                    3803.5652174 3871.29643  1.78%     -    0s
H    0     0                    3806.0217391 3871.29643  1.72%     -    0s
H    0     0                    3808.4782609 3871.29643  1.65%     -    0s
H    0     0                    3842.8695652 3871.29643  0.74%     -    0s
H    0     0                    3847.7826087 3871.29643  0.61%     -    0s
     0     0 3870.80619    0 3304 3847.78261 3870.80619  0.60%     -    3s
     0     0 3870.77060    0 3366 3847.78261 3870.77060  0.60%     -    3s
     0     0 3870.77030    0 3366 3847.78261 3870.77030  0.60%     -    3s
     0     0 3870.66681    0 3385 3847.78261 3870.66681  0.59%     -    4s
     0     0 3870.64641    0 3479 3847.78261 3870.64641  0.59%     -    4s
     0     0 3870.64382    0 3479 3847.78261 3870.64382  0.59%     -    4s
     0     0 3870.64370    0 3485 3847.78261 3870.64370  0.59%     -    4s
     0     0 3870.61348    0 3374 3847.78261 3870.61348  0.59%     -    5s
     0     0 3870.60721    0 3487 3847.78261 3870.60721  0.59%     -    5s
     0     0 3870.60538    0 3487 3847.78261 3870.60538  0.59%     -    5s
     0     0 3870.60468    0 3574 3847.78261 3870.60468  0.59%     -    5s
     0     0 3870.58194    0 3575 3847.78261 3870.58194  0.59%     -    6s
     0     0 3870.57921    0 3493 3847.78261 3870.57921  0.59%     -    6s
     0     0 3870.57874    0 3493 3847.78261 3870.57874  0.59%     -    6s
     0     0 3870.56549    0 3576 3847.78261 3870.56549  0.59%     -    6s
     0     0 3870.56342    0 3580 3847.78261 3870.56342  0.59%     -    6s
     0     0 3870.56302    0 3582 3847.78261 3870.56302  0.59%     -    7s
     0     0 3870.55373    0 3579 3847.78261 3870.55373  0.59%     -    7s
     0     0 3870.55349    0 3561 3847.78261 3870.55349  0.59%     -    7s
H    0     0                    3848.2391304 3870.55349  0.58%     -    8s
H    0     0                    3852.6956522 3870.55349  0.46%     -    8s
H    0     0                    3857.6086957 3870.55349  0.34%     -    8s
H    0     0                    3860.0652174 3870.55349  0.27%     -    8s
H    0     2                    3862.5217391 3870.55349  0.21%     -    9s
     0     2 3870.55349    0 3557 3862.52174 3870.55349  0.21%     -    9s
     5    10 3870.44539    3 3374 3862.52174 3870.54349  0.21%   493   10s
H   27    34                    3867.4347826 3870.54349  0.08%   347   13s
    49    70 3870.23283   14 3359 3867.43478 3870.54349  0.08%   300   15s

Cutting planes:
  Gomory: 1
  Cover: 146
  Clique: 2
  MIR: 81
  StrongCG: 15
  Flow cover: 5
  Zero half: 65
  RLT: 186
  Relax-and-lift: 257
  PSD: 1

Explored 69 nodes (30055 simplex iterations) in 15.01 seconds (25.50 work units)
Thread count was 2 (of 4 available processors)

Solution count 10: 3867.43 3862.52 3860.07 ... 3806.02

Time limit reached
Best objective 3.867434782609e+03, best bound 3.870543478260e+03, gap 0.0804%
Set parameter TimeLimit to value 15
Gurobi Optimizer version 12.0.3 build v12.0.3rc0 (win64 - Windows 10.0 (19045.2))

CPU model: Intel(R) Core(TM) i5-7400 CPU @ 3.00GHz, instruction set [SSE2|AVX|AVX2]
Thread count: 4 physical cores, 4 logical processors, using up to 2 threads

Non-default parameters:
TimeLimit  15
LogToConsole  0
Threads  2

Academic license 2699416 - for non-commercial use only - registered to pa___@id.uff.br
Optimize a model with 7090 rows, 10526 columns and 42998 nonzeros
Model fingerprint: 0xddb02196
Variable types: 1 continuous, 10525 integer (10525 binary)
Coefficient statistics:
  Matrix range     [1e+00, 2e+03]
  Objective range  [1e+00, 4e+02]
  Bounds range     [1e+00, 3e+03]
  RHS range        [4e+03, 4e+03]

User MIP start produced solution with objective 1.13687e-13 (0.02s)
Loaded user MIP start with objective 1.13687e-13
MIP start from previous solve did not produce a new incumbent solution

Presolve removed 51 rows and 3172 columns
Presolve time: 0.15s
Presolved: 7039 rows, 7354 columns, 36312 nonzeros
Variable types: 0 continuous, 7354 integer (6053 binary)

Root relaxation: objective 7.274391e+02, 2431 iterations, 0.27 seconds (0.21 work units)

    Nodes    |    Current Node    |     Objective Bounds      |     Work
 Expl Unexpl |  Obj  Depth IntInf | Incumbent    BestBd   Gap | It/Node Time

     0     0  727.43907    0 2570    0.00000  727.43907      -     -    0s
H    0     0                      52.2000000  727.43907  1294%     -    0s
H    0     0                      55.2000000  727.43907  1218%     -    0s
H    0     0                     142.2000000  727.43907   412%     -    0s
     0     0  659.69177    0 2911  142.20000  659.69177   364%     -    1s
H    0     0                     143.2000000  659.37425   360%     -    1s
H    0     0                     147.2000000  659.37425   348%     -    1s
     0     0  657.40081    0 3065  147.20000  657.40081   347%     -    1s
     0     0  657.31374    0 2994  147.20000  657.31374   347%     -    1s
     0     0  657.31363    0 3063  147.20000  657.31363   347%     -    1s
     0     0  651.61595    0 2941  147.20000  651.61595   343%     -    1s
H    0     0                     148.2000000  651.59290   340%     -    1s
     0     0  649.15998    0 2998  148.20000  649.15998   338%     -    1s
     0     0  649.00120    0 2933  148.20000  649.00120   338%     -    1s
     0     0  648.95432    0 2936  148.20000  648.95432   338%     -    1s
     0     0  648.95144    0 2932  148.20000  648.95144   338%     -    1s
     0     0  645.61862    0 3153  148.20000  645.61862   336%     -    2s
     0     0  645.39189    0 3008  148.20000  645.39189   335%     -    2s
     0     0  645.26608    0 3011  148.20000  645.26608   335%     -    2s
     0     0  645.25051    0 2932  148.20000  645.25051   335%     -    2s
     0     0  643.95496    0 3089  148.20000  643.95496   335%     -    2s
     0     0  643.73863    0 3095  148.20000  643.73863   334%     -    2s
     0     0  643.67805    0 3098  148.20000  643.67805   334%     -    2s
     0     0  643.60962    0 3100  148.20000  643.60962   334%     -    2s
     0     0  643.56995    0 3099  148.20000  643.56995   334%     -    2s
     0     0  643.56693    0 3099  148.20000  643.56693   334%     -    2s
     0     0  641.93841    0 2866  148.20000  641.93841   333%     -    3s
     0     0  641.34580    0 2874  148.20000  641.34580   333%     -    3s
     0     0  641.20818    0 2940  148.20000  641.20818   333%     -    3s
     0     0  640.99297    0 2939  148.20000  640.99297   333%     -    3s
     0     0  640.82850    0 2946  148.20000  640.82850   332%     -    3s
     0     0  640.73941    0 2946  148.20000  640.73941   332%     -    3s
     0     0  640.68640    0 3106  148.20000  640.68640   332%     -    3s
     0     0  640.67258    0 3106  148.20000  640.67258   332%     -    3s
     0     0  640.28159    0 3172  148.20000  640.28159   332%     -    3s
H    0     0                     323.6000000  640.27002  97.9%     -    3s
     0     0  640.14002    0 3169  323.60000  640.14002  97.8%     -    3s
     0     0  640.09672    0 2944  323.60000  640.09672  97.8%     -    3s
     0     0  640.07794    0 3169  323.60000  640.07794  97.8%     -    3s
     0     0  639.25073    0 3170  323.60000  639.25073  97.5%     -    4s
     0     0  639.01879    0 3171  323.60000  639.01879  97.5%     -    4s
     0     0  638.95472    0 3170  323.60000  638.95472  97.5%     -    4s
     0     0  638.94436    0 3170  323.60000  638.94436  97.4%     -    4s
     0     0  638.39386    0 3018  323.60000  638.39386  97.3%     -    4s
     0     0  638.26006    0 3008  323.60000  638.26006  97.2%     -    4s
     0     0  638.23197    0 3083  323.60000  638.23197  97.2%     -    4s
     0     0  637.93489    0 2959  323.60000  637.93489  97.1%     -    5s
     0     0  637.82159    0 3176  323.60000  637.82159  97.1%     -    5s
     0     0  637.80200    0 3027  323.60000  637.80200  97.1%     -    5s
     0     0  637.46309    0 3171  323.60000  637.46309  97.0%     -    5s
H    0     0                     420.8000000  637.45536  51.5%     -    5s
H    0     0                     477.2000000  637.45536  33.6%     -    6s
H    0     0                     501.8000000  637.45536  27.0%     -    6s
H    0     0                     533.0000000  637.45536  19.6%     -    6s
H    0     0                     537.0000000  637.45536  18.7%     -    6s
     0     0  637.35123    0 3008  537.00000  637.35123  18.7%     -    6s
     0     0  637.32733    0 3024  537.00000  637.32733  18.7%     -    6s
     0     0  637.19749    0 2945  537.00000  637.19749  18.7%     -    6s
     0     0  637.19749    0 2860  537.00000  637.19749  18.7%     -    6s
     0     0  637.19749    0 2950  537.00000  637.19749  18.7%     -    7s
     0     0  637.19749    0 2867  537.00000  637.19749  18.7%     -    7s
     0     0  637.19749    0 2927  537.00000  637.19749  18.7%     -    7s
     0     0  637.19044    0 2934  537.00000  637.19044  18.7%     -    7s
     0     0  637.02947    0 2938  537.00000  637.02947  18.6%     -    7s
     0     0  636.92554    0 2939  537.00000  636.92554  18.6%     -    7s
     0     0  636.88695    0 2938  537.00000  636.88695  18.6%     -    7s
     0     0  636.88062    0 2940  537.00000  636.88062  18.6%     -    7s
     0     0  635.67342    0 2944  537.00000  635.67342  18.4%     -    8s
     0     0  635.45168    0 2947  537.00000  635.45168  18.3%     -    8s
     0     0  635.39430    0 2947  537.00000  635.39430  18.3%     -    8s
     0     0  635.38422    0 2950  537.00000  635.38422  18.3%     -    8s
     0     0  634.93481    0 2947  537.00000  634.93481  18.2%     -    8s
     0     0  634.89375    0 2947  537.00000  634.89375  18.2%     -    8s
     0     0  634.88447    0 2946  537.00000  634.88447  18.2%     -    8s
     0     0  634.53215    0 2945  537.00000  634.53215  18.2%     -    8s
     0     0  634.48521    0 3098  537.00000  634.48521  18.2%     -    9s
     0     0  634.43933    0 3031  537.00000  634.43933  18.1%     -    9s
     0     0  634.42732    0 3103  537.00000  634.42732  18.1%     -    9s
     0     0  634.27257    0 3038  537.00000  634.27257  18.1%     -    9s
     0     0  634.20794    0 2950  537.00000  634.20794  18.1%     -    9s
     0     0  634.16609    0 2951  537.00000  634.16609  18.1%     -    9s
     0     0  634.15047    0 3099  537.00000  634.15047  18.1%     -    9s
     0     0  633.90916    0 2953  537.00000  633.90916  18.0%     -    9s
     0     0  633.87091    0 2950  537.00000  633.87091  18.0%     -    9s
     0     0  633.85992    0 2951  537.00000  633.85992  18.0%     -    9s
     0     0  633.55226    0 2952  537.00000  633.55226  18.0%     -    9s
     0     0  633.53111    0 2952  537.00000  633.53111  18.0%     -   10s
     0     0  633.31157    0 2945  537.00000  633.31157  17.9%     -   10s
     0     0  633.29313    0 2947  537.00000  633.29313  17.9%     -   10s
     0     0  633.19614    0 2950  537.00000  633.19614  17.9%     -   10s
     0     0  633.17995    0 2933  537.00000  633.17995  17.9%     -   10s
     0     2  633.17995    0 2933  537.00000  633.17995  17.9%     -   10s

Cutting planes:
  Gomory: 6
  Cover: 74
  MIR: 84
  StrongCG: 16
  Flow cover: 10
  Zero half: 59
  Mod-K: 1
  RLT: 144
  Relax-and-lift: 110

Explored 89 nodes (29131 simplex iterations) in 13.04 seconds (12.56 work units)
Thread count was 2 (of 4 available processors)

Solution count 10: 537 533 501.8 ... 142.2

Optimal solution found (tolerance 1.00e-04)
Best objective 5.370000000000e+02, best bound 5.370000000000e+02, gap 0.0000%
Set parameter TimeLimit to value 15
Gurobi Optimizer version 12.0.3 build v12.0.3rc0 (win64 - Windows 10.0 (19045.2))

CPU model: Intel(R) Core(TM) i5-7400 CPU @ 3.00GHz, instruction set [SSE2|AVX|AVX2]
Thread count: 4 physical cores, 4 logical processors, using up to 2 threads

Non-default parameters:
TimeLimit  15
LogToConsole  0
Threads  2

Academic license 2699416 - for non-commercial use only - registered to pa___@id.uff.br
Optimize a model with 7090 rows, 10526 columns and 42998 nonzeros
Model fingerprint: 0x8c2555aa
Variable types: 1 continuous, 10525 integer (10525 binary)
Coefficient statistics:
  Matrix range     [1e+00, 2e+03]
  Objective range  [1e+00, 5e+02]
  Bounds range     [1e+00, 3e+03]
  RHS range        [4e+03, 4e+03]

User MIP start produced solution with objective -1.13687e-13 (0.02s)
Loaded user MIP start with objective -1.13687e-13
MIP start from previous solve did not produce a new incumbent solution

Presolve removed 51 rows and 3172 columns
Presolve time: 0.15s
Presolved: 7039 rows, 7354 columns, 36312 nonzeros
Variable types: 0 continuous, 7354 integer (6053 binary)

Root relaxation: objective 3.107882e+02, 1191 iterations, 0.11 seconds (0.08 work units)

    Nodes    |    Current Node    |     Objective Bounds      |     Work
 Expl Unexpl |  Obj  Depth IntInf | Incumbent    BestBd   Gap | It/Node Time

     0     0  310.37349    0 2059   -0.00000  310.37349      -     -    0s
H    0     0                     153.2000000  310.37349   103%     -    0s
     0     0  272.68394    0 1954  153.20000  272.68394  78.0%     -    0s
     0     0  272.68394    0 1940  153.20000  272.68394  78.0%     -    1s
     0     0  268.35059    0 2086  153.20000  268.35059  75.2%     -    1s
     0     0  267.42874    0 1956  153.20000  267.42874  74.6%     -    1s
     0     0  267.39125    0 1957  153.20000  267.39125  74.5%     -    1s
     0     0  267.38988    0 1956  153.20000  267.38988  74.5%     -    1s
     0     0  264.20913    0 1964  153.20000  264.20913  72.5%     -    1s
     0     0  263.93790    0 2101  153.20000  263.93790  72.3%     -    1s
     0     0  263.88820    0 1961  153.20000  263.88820  72.3%     -    1s
     0     0  263.85253    0 2098  153.20000  263.85253  72.2%     -    1s
     0     0  263.85035    0 2099  153.20000  263.85035  72.2%     -    1s
     0     0  262.57695    0 2100  153.20000  262.57695  71.4%     -    1s
     0     0  262.30515    0 2105  153.20000  262.30515  71.2%     -    1s
     0     0  262.20805    0 2105  153.20000  262.20805  71.2%     -    1s
     0     0  262.13606    0 2106  153.20000  262.13606  71.1%     -    1s
     0     0  262.12415    0 2106  153.20000  262.12415  71.1%     -    1s
     0     0  262.11488    0 2107  153.20000  262.11488  71.1%     -    1s
     0     0  260.77463    0 2106  153.20000  260.77463  70.2%     -    1s
     0     0  260.53177    0 2106  153.20000  260.53177  70.1%     -    1s
     0     0  260.48742    0 2108  153.20000  260.48742  70.0%     -    2s
     0     0  260.45329    0 2110  153.20000  260.45329  70.0%     -    2s
     0     0  260.44055    0 2109  153.20000  260.44055  70.0%     -    2s
     0     0  260.42561    0 2109  153.20000  260.42561  70.0%     -    2s
     0     0  260.41956    0 2108  153.20000  260.41956  70.0%     -    2s
     0     0  259.98768    0 2111  153.20000  259.98768  69.7%     -    2s
     0     0  259.85983    0 2112  153.20000  259.85983  69.6%     -    2s
     0     0  259.80322    0 2114  153.20000  259.80322  69.6%     -    2s
     0     0  259.76729    0 2115  153.20000  259.76729  69.6%     -    2s
     0     0  259.76715    0 2115  153.20000  259.76715  69.6%     -    2s
     0     0  259.42270    0 2113  153.20000  259.42270  69.3%     -    2s
H    0     0                     180.8000000  259.39819  43.5%     -    2s
H    0     0                     200.8000000  259.39819  29.2%     -    2s
H    0     0                     202.8000000  259.39819  27.9%     -    2s
H    0     0                     203.8000000  259.39819  27.3%     -    2s
     0     0  259.29889    0 2115  203.80000  259.29889  27.2%     -    2s
     0     0  259.19168    0 2112  203.80000  259.19168  27.2%     -    2s
     0     0  259.17285    0 2115  203.80000  259.17285  27.2%     -    2s
     0     0  259.15568    0 2116  203.80000  259.15568  27.2%     -    2s
     0     0  259.14074    0 2116  203.80000  259.14074  27.2%     -    2s
     0     0  259.12521    0 2115  203.80000  259.12521  27.1%     -    2s
     0     0  259.11862    0 2116  203.80000  259.11862  27.1%     -    2s
     0     0  258.51337    0 2116  203.80000  258.51337  26.8%     -    2s
     0     0  258.37988    0 2116  203.80000  258.37988  26.8%     -    2s
     0     0  258.33450    0 2117  203.80000  258.33450  26.8%     -    2s
     0     0  258.31608    0 2118  203.80000  258.31608  26.7%     -    2s
     0     0  258.31384    0 2118  203.80000  258.31384  26.7%     -    2s
     0     0  258.01435    0 2115  203.80000  258.01435  26.6%     -    2s
     0     0  257.90968    0 2117  203.80000  257.90968  26.6%     -    2s
     0     0  257.85557    0 1982  203.80000  257.85557  26.5%     -    2s
     0     0  257.84112    0 2116  203.80000  257.84112  26.5%     -    2s
     0     0  257.43633    0 2113  203.80000  257.43633  26.3%     -    3s
     0     0  257.37924    0 2115  203.80000  257.37924  26.3%     -    3s
     0     0  257.37794    0 2115  203.80000  257.37794  26.3%     -    3s
     0     0  257.31211    0 2115  203.80000  257.31211  26.3%     -    3s
     0     0  257.27477    0 2113  203.80000  257.27477  26.2%     -    3s
     0     0  257.24702    0 2116  203.80000  257.24702  26.2%     -    3s
     0     0  257.22341    0 2116  203.80000  257.22341  26.2%     -    3s
     0     0  257.21965    0 2116  203.80000  257.21965  26.2%     -    3s
     0     0  257.18175    0 2117  203.80000  257.18175  26.2%     -    3s
     0     0  257.16945    0 2107  203.80000  257.16945  26.2%     -    3s
     0     0  257.16488    0 1943  203.80000  257.16488  26.2%     -    4s
     0     0  257.16488    0 2105  203.80000  257.16488  26.2%     -    5s
     0     0  255.28761    0 2231  203.80000  255.28761  25.3%     -    5s
     0     0  253.90423    0 2230  203.80000  253.90423  24.6%     -    5s
     0     0  253.30806    0 2234  203.80000  253.30806  24.3%     -    5s
     0     0  253.13030    0 2235  203.80000  253.13030  24.2%     -    5s
     0     0  253.10777    0 2236  203.80000  253.10777  24.2%     -    5s
     0     0  253.07801    0 2237  203.80000  253.07801  24.2%     -    5s
     0     0  253.07100    0 2238  203.80000  253.07100  24.2%     -    5s
     0     0  252.89619    0 2240  203.80000  252.89619  24.1%     -    5s
     0     0  252.85517    0 2241  203.80000  252.85517  24.1%     -    5s
     0     0  252.84563    0 2242  203.80000  252.84563  24.1%     -    5s
     0     0  252.52785    0 2315  203.80000  252.52785  23.9%     -    6s
     0     0  252.43641    0 2239  203.80000  252.43641  23.9%     -    6s
     0     0  252.41586    0 2239  203.80000  252.41586  23.9%     -    6s
     0     0  252.39852    0 2241  203.80000  252.39852  23.8%     -    6s
     0     0  252.30621    0 2410  203.80000  252.30621  23.8%     -    6s
     0     0  252.27223    0 2335  203.80000  252.27223  23.8%     -    6s
     0     0  252.26455    0 2333  203.80000  252.26455  23.8%     -    6s
     0     0  252.20174    0 2336  203.80000  252.20174  23.7%     -    6s
     0     0  252.19514    0 2329  203.80000  252.19514  23.7%     -    6s
     0     2  252.19514    0 2327  203.80000  252.19514  23.7%     -    6s
*   31    12               6     209.8000000  238.70672  13.8%  77.5    7s

Cutting planes:
  Gomory: 6
  Cover: 44
  MIR: 87
  StrongCG: 21
  Flow cover: 7
  Zero half: 64
  RLT: 162
  Relax-and-lift: 62

Explored 57 nodes (10923 simplex iterations) in 7.08 seconds (6.32 work units)
Thread count was 2 (of 4 available processors)

Solution count 7: 209.8 203.8 202.8 ... -1.13687e-13

Optimal solution found (tolerance 1.00e-04)
Best objective 2.098000000000e+02, best bound 2.098000000000e+02, gap 0.0000%
Set parameter TimeLimit to value 15
Gurobi Optimizer version 12.0.3 build v12.0.3rc0 (win64 - Windows 10.0 (19045.2))

CPU model: Intel(R) Core(TM) i5-7400 CPU @ 3.00GHz, instruction set [SSE2|AVX|AVX2]
Thread count: 4 physical cores, 4 logical processors, using up to 2 threads

Non-default parameters:
TimeLimit  15
LogToConsole  0
Threads  2

Academic license 2699416 - for non-commercial use only - registered to pa___@id.uff.br
Optimize a model with 7090 rows, 10526 columns and 42998 nonzeros
Model fingerprint: 0x661000d2
Variable types: 1 continuous, 10525 integer (10525 binary)
Coefficient statistics:
  Matrix range     [1e+00, 2e+03]
  Objective range  [1e+00, 6e+02]
  Bounds range     [1e+00, 3e+03]
  RHS range        [4e+03, 4e+03]

User MIP start produced solution with objective -0 (0.02s)
Loaded user MIP start with objective -0
MIP start from previous solve did not produce a new incumbent solution

Presolve removed 51 rows and 3172 columns
Presolve time: 0.13s
Presolved: 7039 rows, 7354 columns, 36312 nonzeros
Variable types: 0 continuous, 7354 integer (6053 binary)

Root relaxation: objective 1.095000e+02, 213 iterations, 0.02 seconds (0.02 work units)

    Nodes    |    Current Node    |     Objective Bounds      |     Work
 Expl Unexpl |  Obj  Depth IntInf | Incumbent    BestBd   Gap | It/Node Time

     0     0  108.50000    0   13   -0.00000  108.50000      -     -    0s
H    0     0                      89.5000000  108.50000  21.2%     -    0s
     0     0     cutoff    0        89.50000   89.50000  0.00%     -    0s

Cutting planes:
  Gomory: 1
  Cover: 11
  MIR: 1
  Relax-and-lift: 4

Explored 1 nodes (311 simplex iterations) in 0.30 seconds (0.22 work units)
Thread count was 2 (of 4 available processors)

Solution count 2: 89.5 -0 

Optimal solution found (tolerance 1.00e-04)
Best objective 8.950000000000e+01, best bound 8.950000000000e+01, gap 0.0000%
Set parameter TimeLimit to value 15
Gurobi Optimizer version 12.0.3 build v12.0.3rc0 (win64 - Windows 10.0 (19045.2))

CPU model: Intel(R) Core(TM) i5-7400 CPU @ 3.00GHz, instruction set [SSE2|AVX|AVX2]
Thread count: 4 physical cores, 4 logical processors, using up to 2 threads

Non-default parameters:
TimeLimit  15
LogToConsole  0
Threads  2

Academic license 2699416 - for non-commercial use only - registered to pa___@id.uff.br
Optimize a model with 7090 rows, 10526 columns and 42998 nonzeros
Model fingerprint: 0x1261f38d
Variable types: 1 continuous, 10525 integer (10525 binary)
Coefficient statistics:
  Matrix range     [1e+00, 2e+03]
  Objective range  [1e+00, 7e+02]
  Bounds range     [1e+00, 3e+03]
  RHS range        [4e+03, 4e+03]

User MIP start produced solution with objective -0 (0.01s)
Loaded user MIP start with objective -0
MIP start from previous solve did not produce a new incumbent solution

Presolve removed 51 rows and 3172 columns
Presolve time: 0.14s
Presolved: 7039 rows, 7354 columns, 36312 nonzeros
Variable types: 0 continuous, 7354 integer (6053 binary)

Root relaxation: objective 2.000000e+01, 13 iterations, 0.01 seconds (0.00 work units)

    Nodes    |    Current Node    |     Objective Bounds      |     Work
 Expl Unexpl |  Obj  Depth IntInf | Incumbent    BestBd   Gap | It/Node Time

     0     0   11.00000    0    8   -0.00000   11.00000      -     -    0s
     0     0 infeasible    0        -0.00000   -0.00000  0.00%     -    0s

Explored 1 nodes (91 simplex iterations) in 0.21 seconds (0.14 work units)
Thread count was 2 (of 4 available processors)

Solution count 1: -0 
No other solutions better than -0

Optimal solution found (tolerance 1.00e-04)
Best objective -0.000000000000e+00, best bound -0.000000000000e+00, gap 0.0000%

Gurobi 12.0.3 (win64, Java) logging started Wed Aug 27 13:09:37 2025

Set parameter LogToConsole to value 0
Set parameter WLSAccessID
Set parameter WLSSecret
Set parameter LicenseID to value 2699416
Set parameter TimeLimit to value 15
Set parameter LogFile to value "mip1.log"
Set parameter Threads to value 2
Academic license 2699416 - for non-commercial use only - registered to pa___@id.uff.br
Gurobi Optimizer version 12.0.3 build v12.0.3rc0 (win64 - Windows 10.0 (19045.2))

CPU model: Intel(R) Core(TM) i5-7400 CPU @ 3.00GHz, instruction set [SSE2|AVX|AVX2]
Thread count: 4 physical cores, 4 logical processors, using up to 2 threads

Non-default parameters:
TimeLimit  15
LogToConsole  0
Threads  2

Academic license 2699416 - for non-commercial use only - registered to pa___@id.uff.br
Optimize a model with 5748 rows, 8501 columns and 36267 nonzeros
Model fingerprint: 0xa9975a93
Variable types: 1 continuous, 8500 integer (8500 binary)
Coefficient statistics:
  Matrix range     [1e+00, 2e+03]
  Objective range  [1e+00, 3e+01]
  Bounds range     [1e+00, 3e+03]
  RHS range        [4e+03, 4e+03]

User MIP start produced solution with objective -4.03233e-13 (0.01s)
Loaded user MIP start with objective -4.03233e-13

Presolve removed 15 rows and 2518 columns
Presolve time: 0.10s
Presolved: 5733 rows, 5983 columns, 31039 nonzeros
Found heuristic solution: objective 2548.2555556
Variable types: 0 continuous, 5983 integer (4985 binary)
Found heuristic solution: objective 2794.9444444

Root relaxation: objective 3.755873e+03, 8430 iterations, 0.72 seconds (0.89 work units)

    Nodes    |    Current Node    |     Objective Bounds      |     Work
 Expl Unexpl |  Obj  Depth IntInf | Incumbent    BestBd   Gap | It/Node Time

     0     0 3755.87260    0 2981 2794.94444 3755.87260  34.4%     -    0s
H    0     0                    3255.4555556 3755.87260  15.4%     -    0s
H    0     0                    3527.7555556 3755.87260  6.47%     -    1s
H    0     0                    3535.0111111 3755.87260  6.25%     -    1s
H    0     0                    3651.1000000 3755.87260  2.87%     -    1s
H    0     0                    3651.6111111 3755.87260  2.86%     -    1s
H    0     0                    3658.3555556 3755.87260  2.67%     -    1s
H    0     0                    3659.6111111 3755.87260  2.63%     -    1s
H    0     0                    3665.6111111 3755.87260  2.46%     -    1s
     0     0 3754.41222    0 3240 3665.61111 3754.41222  2.42%     -    1s
     0     0 3754.35545    0 3354 3665.61111 3754.35545  2.42%     -    1s
     0     0 3754.30924    0 3355 3665.61111 3754.30924  2.42%     -    1s
     0     0 3754.30918    0 3356 3665.61111 3754.30918  2.42%     -    1s
     0     0 3754.00702    0 3251 3665.61111 3754.00702  2.41%     -    2s
     0     0 3753.94435    0 3236 3665.61111 3753.94435  2.41%     -    2s
     0     0 3753.93808    0 3277 3665.61111 3753.93808  2.41%     -    2s
     0     0 3753.93554    0 3281 3665.61111 3753.93554  2.41%     -    2s
     0     0 3753.93529    0 3282 3665.61111 3753.93529  2.41%     -    2s
     0     0 3753.76013    0 3272 3665.61111 3753.76013  2.40%     -    2s
H    0     0                    3672.8666667 3753.75921  2.20%     -    2s
     0     0 3753.74438    0 3274 3672.86667 3753.74438  2.20%     -    2s
     0     0 3753.74108    0 3218 3672.86667 3753.74108  2.20%     -    3s
     0     0 3753.73620    0 3282 3672.86667 3753.73620  2.20%     -    3s
     0     0 3753.73592    0 3282 3672.86667 3753.73592  2.20%     -    3s
     0     0 3753.62110    0 3383 3672.86667 3753.62110  2.20%     -    3s
     0     0 3753.59619    0 3329 3672.86667 3753.59619  2.20%     -    3s
     0     0 3753.59126    0 3368 3672.86667 3753.59126  2.20%     -    3s
     0     0 3753.58824    0 3397 3672.86667 3753.58824  2.20%     -    3s
     0     0 3753.58752    0 3402 3672.86667 3753.58752  2.20%     -    3s
     0     0 3753.49950    0 3406 3672.86667 3753.49950  2.20%     -    3s
     0     0 3753.46621    0 3370 3672.86667 3753.46621  2.19%     -    3s
     0     0 3753.45500    0 3193 3672.86667 3753.45500  2.19%     -    4s
     0     0 3753.45330    0 3232 3672.86667 3753.45330  2.19%     -    4s
     0     0 3753.45209    0 3234 3672.86667 3753.45209  2.19%     -    4s
     0     0 3753.41981    0 3213 3672.86667 3753.41981  2.19%     -    4s
H    0     0                    3687.3777778 3753.41761  1.79%     -    4s
H    0     0                    3694.6333333 3753.41761  1.59%     -    4s
H    0     0                    3709.1444444 3753.41761  1.19%     -    4s
     0     0 3753.40191    0 3306 3709.14444 3753.40191  1.19%     -    4s
     0     0 3753.39896    0 3309 3709.14444 3753.39896  1.19%     -    4s
     0     0 3753.39639    0 3285 3709.14444 3753.39639  1.19%     -    4s
     0     0 3753.39479    0 3307 3709.14444 3753.39479  1.19%     -    4s
     0     0 3753.39455    0 3311 3709.14444 3753.39455  1.19%     -    4s
     0     0 3753.38517    0 3316 3709.14444 3753.38517  1.19%     -    4s
     0     0 3753.38277    0 3363 3709.14444 3753.38277  1.19%     -    5s
     0     0 3753.38181    0 3321 3709.14444 3753.38181  1.19%     -    5s
     0     0 3753.35218    0 3401 3709.14444 3753.35218  1.19%     -    5s
     0     0 3753.33935    0 3476 3709.14444 3753.33935  1.19%     -    5s
     0     0 3753.33862    0 3505 3709.14444 3753.33862  1.19%     -    5s
     0     0 3753.32627    0 3362 3709.14444 3753.32627  1.19%     -    5s
     0     0 3753.32170    0 3364 3709.14444 3753.32170  1.19%     -    5s
     0     0 3753.32139    0 3430 3709.14444 3753.32139  1.19%     -    5s
     0     0 3753.30100    0 3411 3709.14444 3753.30100  1.19%     -    6s
     0     0 3753.30021    0 3391 3709.14444 3753.30021  1.19%     -    6s
H    0     0                    3723.6555556 3753.29990  0.80%     -    6s
     0     2 3753.29990    0 3390 3723.65556 3753.29990  0.80%     -    6s
H   27    31                    3738.1666667 3753.17190  0.40%   322    8s
    48    51 3750.94950   15 2791 3738.16667 3753.17190  0.40%   306   10s
H  158   156                    3745.4222222 3753.17190  0.21%   212   14s
   159   156 3746.92713   44 1950 3745.42222 3753.17190  0.21%   212   15s

Cutting planes:
  Gomory: 6
  Cover: 106
  Implied bound: 4
  MIR: 167
  StrongCG: 47
  Zero half: 81
  RLT: 231
  Relax-and-lift: 38

Explored 167 nodes (48368 simplex iterations) in 15.01 seconds (26.51 work units)
Thread count was 2 (of 4 available processors)

Solution count 10: 3745.42 3738.17 3723.66 ... 3658.36

Time limit reached
Best objective 3.745422222222e+03, best bound 3.752911111111e+03, gap 0.1999%
Set parameter TimeLimit to value 15
Gurobi Optimizer version 12.0.3 build v12.0.3rc0 (win64 - Windows 10.0 (19045.2))

CPU model: Intel(R) Core(TM) i5-7400 CPU @ 3.00GHz, instruction set [SSE2|AVX|AVX2]
Thread count: 4 physical cores, 4 logical processors, using up to 2 threads

Non-default parameters:
TimeLimit  15
LogToConsole  0
Threads  2

Academic license 2699416 - for non-commercial use only - registered to pa___@id.uff.br
Optimize a model with 5748 rows, 8501 columns and 36267 nonzeros
Model fingerprint: 0x68c4e4ba
Variable types: 1 continuous, 8500 integer (8500 binary)
Coefficient statistics:
  Matrix range     [1e+00, 2e+03]
  Objective range  [1e+00, 3e+02]
  Bounds range     [1e+00, 3e+03]
  RHS range        [4e+03, 4e+03]

User MIP start produced solution with objective 1.7053e-13 (0.02s)
Loaded user MIP start with objective 1.7053e-13
MIP start from previous solve did not produce a new incumbent solution

Presolve removed 15 rows and 2518 columns
Presolve time: 0.09s
Presolved: 5733 rows, 5983 columns, 31039 nonzeros
Variable types: 0 continuous, 5983 integer (4985 binary)

Root relaxation: objective 6.143147e+02, 1918 iterations, 0.14 seconds (0.13 work units)

    Nodes    |    Current Node    |     Objective Bounds      |     Work
 Expl Unexpl |  Obj  Depth IntInf | Incumbent    BestBd   Gap | It/Node Time

     0     0  614.31473    0 2051    0.00000  614.31473      -     -    0s
H    0     0                     102.5714286  614.31473   499%     -    0s
     0     0  588.97124    0 2078  102.57143  588.97124   474%     -    0s
     0     0  586.92073    0 2147  102.57143  586.92073   472%     -    0s
     0     0  586.67038    0 2146  102.57143  586.67038   472%     -    0s
     0     0  586.50206    0 2077  102.57143  586.50206   472%     -    0s
     0     0  586.49535    0 2077  102.57143  586.49535   472%     -    0s
     0     0  580.00111    0 2154  102.57143  580.00111   465%     -    0s
     0     0  577.30673    0 2272  102.57143  577.30673   463%     -    1s
     0     0  577.20250    0 2287  102.57143  577.20250   463%     -    1s
     0     0  577.12305    0 2331  102.57143  577.12305   463%     -    1s
     0     0  577.11882    0 2273  102.57143  577.11882   463%     -    1s
     0     0  576.18713    0 2152  102.57143  576.18713   462%     -    1s
     0     0  575.83235    0 2175  102.57143  575.83235   461%     -    1s
     0     0  575.81440    0 2221  102.57143  575.81440   461%     -    1s
     0     0  575.81440    0 2221  102.57143  575.81440   461%     -    1s
     0     0  575.63006    0 2043  102.57143  575.63006   461%     -    1s
     0     0  575.08608    0 2186  102.57143  575.08608   461%     -    1s
     0     0  574.58782    0 2101  102.57143  574.58782   460%     -    1s
     0     0  574.11869    0 2158  102.57143  574.11869   460%     -    1s
     0     0  574.10414    0 2206  102.57143  574.10414   460%     -    1s
     0     0  574.10177    0 2160  102.57143  574.10177   460%     -    1s
     0     0  572.78575    0 2039  102.57143  572.78575   458%     -    1s
     0     0  572.72863    0 2046  102.57143  572.72863   458%     -    1s
     0     0  572.72182    0 2100  102.57143  572.72182   458%     -    1s
     0     0  572.66669    0 2040  102.57143  572.66669   458%     -    1s
H    0     0                     372.9285714  572.65957  53.6%     -    1s
H    0     0                     434.7142857  572.65957  31.7%     -    1s
H    0     0                     439.7142857  572.65957  30.2%     -    1s
     0     0  572.65286    0 2043  439.71429  572.65286  30.2%     -    1s
     0     0  572.64398    0 2091  439.71429  572.64398  30.2%     -    1s
     0     0  572.60766    0 2045  439.71429  572.60766  30.2%     -    1s
     0     0  572.59357    0 2036  439.71429  572.59357  30.2%     -    2s
     0     2  572.56176    0 2035  439.71429  572.56176  30.2%     -    2s
H   28    30                     506.2857143  560.46414  10.7%   127    2s
H   63    34                     512.0714286  545.24120  6.48%   104    3s
H  130    15                     512.2857143  521.44437  1.79%  79.9    3s

Cutting planes:
  Gomory: 9
  Cover: 83
  MIR: 126
  StrongCG: 8
  Flow cover: 1
  Zero half: 71
  RLT: 56
  Relax-and-lift: 34

Explored 164 nodes (14097 simplex iterations) in 3.72 seconds (4.30 work units)
Thread count was 2 (of 4 available processors)

Solution count 8: 512.286 512.071 506.286 ... 1.7053e-13

Optimal solution found (tolerance 1.00e-04)
Best objective 5.122857142857e+02, best bound 5.122857142857e+02, gap 0.0000%
Set parameter TimeLimit to value 15
Gurobi Optimizer version 12.0.3 build v12.0.3rc0 (win64 - Windows 10.0 (19045.2))

CPU model: Intel(R) Core(TM) i5-7400 CPU @ 3.00GHz, instruction set [SSE2|AVX|AVX2]
Thread count: 4 physical cores, 4 logical processors, using up to 2 threads

Non-default parameters:
TimeLimit  15
LogToConsole  0
Threads  2

Academic license 2699416 - for non-commercial use only - registered to pa___@id.uff.br
Optimize a model with 5748 rows, 8501 columns and 36267 nonzeros
Model fingerprint: 0x7a30f676
Variable types: 1 continuous, 8500 integer (8500 binary)
Coefficient statistics:
  Matrix range     [1e+00, 2e+03]
  Objective range  [1e+00, 4e+02]
  Bounds range     [1e+00, 3e+03]
  RHS range        [4e+03, 4e+03]

User MIP start produced solution with objective -5.68434e-14 (0.02s)
Loaded user MIP start with objective -5.68434e-14
MIP start from previous solve did not produce a new incumbent solution

Presolve removed 15 rows and 2518 columns
Presolve time: 0.10s
Presolved: 5733 rows, 5983 columns, 31039 nonzeros
Variable types: 0 continuous, 5983 integer (4985 binary)

Root relaxation: objective 1.857914e+02, 396 iterations, 0.04 seconds (0.05 work units)

    Nodes    |    Current Node    |     Objective Bounds      |     Work
 Expl Unexpl |  Obj  Depth IntInf | Incumbent    BestBd   Gap | It/Node Time

     0     0  185.79142    0 1128   -0.00000  185.79142      -     -    0s
     0     0  175.80472    0 1328   -0.00000  175.80472      -     -    0s
     0     0  175.15314    0 1328   -0.00000  175.15314      -     -    0s
     0     0  171.85628    0 1070   -0.00000  171.85628      -     -    0s
     0     0  171.27332    0 1363   -0.00000  171.27332      -     -    0s
     0     0  171.06251    0 1408   -0.00000  171.06251      -     -    0s
     0     0  170.97970    0 1308   -0.00000  170.97970      -     -    0s
     0     0  170.95658    0 1512   -0.00000  170.95658      -     -    0s
     0     0  170.94098    0 1511   -0.00000  170.94098      -     -    0s
     0     0  169.38097    0 1423   -0.00000  169.38097      -     -    0s
     0     0  169.09866    0 1437   -0.00000  169.09866      -     -    0s
     0     0  169.07768    0 1443   -0.00000  169.07768      -     -    0s
     0     0  169.06245    0 1444   -0.00000  169.06245      -     -    0s
     0     0  169.05871    0 1444   -0.00000  169.05871      -     -    1s
     0     0  168.24079    0 1543   -0.00000  168.24079      -     -    1s
H    0     0                      26.1666667  168.08762   542%     -    1s
     0     0  167.85886    0 1494   26.16667  167.85886   541%     -    1s
     0     0  167.79337    0 1338   26.16667  167.79337   541%     -    1s
     0     0  167.77864    0 1339   26.16667  167.77864   541%     -    1s
     0     0  167.52979    0 1347   26.16667  167.52979   540%     -    1s
     0     0  167.39231    0 1445   26.16667  167.39231   540%     -    1s
     0     0  167.39083    0 1551   26.16667  167.39083   540%     -    1s
     0     0  167.06034    0 1551   26.16667  167.06034   538%     -    1s
H    0     0                      70.3333333  166.87037   137%     -    1s
     0     0  166.87037    0 1552   70.33333  166.87037   137%     -    1s
     0     0  166.77076    0 1441   70.33333  166.77076   137%     -    1s
     0     0  166.77076    0 1533   70.33333  166.77076   137%     -    1s
     0     0  166.77076    0 1346   70.33333  166.77076   137%     -    2s
     0     0  165.15599    0 1194   70.33333  165.15599   135%     -    2s
     0     0  164.96278    0 1176   70.33333  164.96278   135%     -    2s
     0     0  164.92958    0 1463   70.33333  164.92958   134%     -    2s
     0     0  164.88170    0 1262   70.33333  164.88170   134%     -    2s
     0     0  164.87984    0 1134   70.33333  164.87984   134%     -    2s
     0     0  164.13717    0 1340   70.33333  164.13717   133%     -    2s
     0     0  163.97566    0 1325   70.33333  163.97566   133%     -    2s
     0     0  163.92026    0 1482   70.33333  163.92026   133%     -    2s
     0     0  163.90073    0 1327   70.33333  163.90073   133%     -    2s
     0     0  163.90073    0 1326   70.33333  163.90073   133%     -    2s
     0     0  163.71813    0 1406   70.33333  163.71813   133%     -    2s
     0     0  163.66518    0 1408   70.33333  163.66518   133%     -    2s
     0     0  163.66518    0 1407   70.33333  163.66518   133%     -    2s
     0     0  163.24719    0 1407   70.33333  163.24719   132%     -    2s
     0     0  163.16188    0 1407   70.33333  163.16188   132%     -    2s
     0     0  163.16188    0 1408   70.33333  163.16188   132%     -    2s
     0     0  163.12123    0 1407   70.33333  163.12123   132%     -    2s
     0     0  163.08462    0 1338   70.33333  163.08462   132%     -    2s
     0     0  163.07118    0 1411   70.33333  163.07118   132%     -    2s
     0     0  163.07118    0 1411   70.33333  163.07118   132%     -    2s
     0     0  162.85525    0 1565   70.33333  162.85525   132%     -    2s
     0     0  162.77137    0 1411   70.33333  162.77137   131%     -    2s
     0     0  162.71667    0 1567   70.33333  162.71667   131%     -    3s
     0     0  162.69458    0 1633   70.33333  162.69458   131%     -    3s
     0     0  162.69310    0 1569   70.33333  162.69310   131%     -    3s
     0     0  162.68590    0 1485   70.33333  162.68590   131%     -    3s
     0     0  162.66808    0 1485   70.33333  162.66808   131%     -    3s
     0     0  162.66808    0 1486   70.33333  162.66808   131%     -    3s
     0     0  162.66808    0 1481   70.33333  162.66808   131%     -    3s
H    0     0                      75.3333333  162.66808   116%     -    3s
H    0     0                     109.3333333  162.66808  48.8%     -    3s
H    0     0                     111.3333333  162.66808  46.1%     -    3s
     0     0  162.66808    0 1529  111.33333  162.66808  46.1%     -    3s
     0     0  162.66808    0 1192  111.33333  162.66808  46.1%     -    4s
     0     0  161.37259    0 1539  111.33333  161.37259  44.9%     -    5s
     0     0  160.37071    0 1772  111.33333  160.37071  44.0%     -    5s
     0     0  159.93238    0 1484  111.33333  159.93238  43.7%     -    5s
     0     0  159.78985    0 1259  111.33333  159.78985  43.5%     -    5s
     0     0  159.76986    0 1342  111.33333  159.76986  43.5%     -    5s
     0     0  159.74989    0 1342  111.33333  159.74989  43.5%     -    5s
     0     0  159.74985    0 1343  111.33333  159.74985  43.5%     -    5s
     0     0  159.68804    0 1492  111.33333  159.68804  43.4%     -    5s
     0     0  159.68352    0 1492  111.33333  159.68352  43.4%     -    5s
     0     0  159.64075    0 1560  111.33333  159.64075  43.4%     -    5s
     0     0  159.61343    0 1482  111.33333  159.61343  43.4%     -    5s
     0     0  159.59457    0 1491  111.33333  159.59457  43.3%     -    5s
     0     0  159.58388    0 1493  111.33333  159.58388  43.3%     -    5s
     0     0  159.58087    0 1491  111.33333  159.58087  43.3%     -    5s
     0     0  159.55998    0 1489  111.33333  159.55998  43.3%     -    5s
     0     0  159.55154    0 1490  111.33333  159.55154  43.3%     -    5s
     0     0  159.54697    0 1493  111.33333  159.54697  43.3%     -    5s
     0     0  159.53982    0 1490  111.33333  159.53982  43.3%     -    5s
     0     0  159.47707    0 1491  111.33333  159.47707  43.2%     -    5s
     0     0  159.47030    0 1345  111.33333  159.47030  43.2%     -    5s
     0     0  159.45872    0 1345  111.33333  159.45872  43.2%     -    6s
     0     0  159.44049    0 1343  111.33333  159.44049  43.2%     -    6s
     0     0  159.43806    0 1345  111.33333  159.43806  43.2%     -    6s
     0     0  159.41726    0 1428  111.33333  159.41726  43.2%     -    6s
     0     0  159.40774    0 1347  111.33333  159.40774  43.2%     -    6s
     0     0  159.40774    0 1347  111.33333  159.40774  43.2%     -    6s
     0     0  159.40509    0 1341  111.33333  159.40509  43.2%     -    6s
     0     2  159.33903    0 1341  111.33333  159.33903  43.1%     -    6s
H   29    23                     128.3333333  152.40701  18.8%  41.1    6s

Cutting planes:
  Gomory: 4
  Cover: 39
  MIR: 37
  StrongCG: 4
  Flow cover: 1
  Zero half: 34
  RLT: 26
  Relax-and-lift: 11

Explored 181 nodes (6307 simplex iterations) in 7.39 seconds (9.20 work units)
Thread count was 2 (of 4 available processors)

Solution count 7: 128.333 111.333 109.333 ... -5.68434e-14

Optimal solution found (tolerance 1.00e-04)
Best objective 1.283333333333e+02, best bound 1.283333333333e+02, gap 0.0000%
Set parameter TimeLimit to value 15
Gurobi Optimizer version 12.0.3 build v12.0.3rc0 (win64 - Windows 10.0 (19045.2))

CPU model: Intel(R) Core(TM) i5-7400 CPU @ 3.00GHz, instruction set [SSE2|AVX|AVX2]
Thread count: 4 physical cores, 4 logical processors, using up to 2 threads

Non-default parameters:
TimeLimit  15
LogToConsole  0
Threads  2

Academic license 2699416 - for non-commercial use only - registered to pa___@id.uff.br
Optimize a model with 5748 rows, 8501 columns and 36267 nonzeros
Model fingerprint: 0xcc1e7d86
Variable types: 1 continuous, 8500 integer (8500 binary)
Coefficient statistics:
  Matrix range     [1e+00, 2e+03]
  Objective range  [1e+00, 4e+02]
  Bounds range     [1e+00, 3e+03]
  RHS range        [4e+03, 4e+03]

User MIP start produced solution with objective -0 (0.01s)
Loaded user MIP start with objective -0
MIP start from previous solve did not produce a new incumbent solution

Presolve removed 15 rows and 2518 columns
Presolve time: 0.10s
Presolved: 5733 rows, 5983 columns, 31039 nonzeros
Variable types: 0 continuous, 5983 integer (4985 binary)

Root relaxation: objective 8.600422e+01, 209 iterations, 0.04 seconds (0.06 work units)

    Nodes    |    Current Node    |     Objective Bounds      |     Work
 Expl Unexpl |  Obj  Depth IntInf | Incumbent    BestBd   Gap | It/Node Time

     0     0   83.83795    0 1349   -0.00000   83.83795      -     -    0s
     0     0   72.48912    0 1324   -0.00000   72.48912      -     -    0s
     0     0   72.48912    0 1330   -0.00000   72.48912      -     -    0s
     0     0   69.89860    0 1176   -0.00000   69.89860      -     -    1s
     0     0   69.17965    0 1208   -0.00000   69.17965      -     -    1s
     0     0   69.12603    0 1422   -0.00000   69.12603      -     -    1s
     0     0   69.12603    0 1423   -0.00000   69.12603      -     -    1s
     0     0   67.17775    0 1136   -0.00000   67.17775      -     -    1s
     0     0   67.17775    0 1136   -0.00000   67.17775      -     -    1s
     0     0   65.97819    0 1392   -0.00000   65.97819      -     -    1s
     0     0   65.69624    0 1102   -0.00000   65.69624      -     -    1s
     0     0   65.62276    0 1254   -0.00000   65.62276      -     -    1s
     0     0   65.57794    0 1102   -0.00000   65.57794      -     -    1s
     0     0   65.54471    0 1234   -0.00000   65.54471      -     -    1s
     0     0   65.53875    0 1564   -0.00000   65.53875      -     -    1s
     0     0   65.52086    0 1488   -0.00000   65.52086      -     -    1s
     0     0   63.99554    0 1139   -0.00000   63.99554      -     -    1s
     0     0   63.93353    0 1318   -0.00000   63.93353      -     -    1s
     0     0   63.93353    0 1137   -0.00000   63.93353      -     -    1s
     0     0   63.91391    0 1137   -0.00000   63.91391      -     -    1s
     0     0   63.50615    0 1424   -0.00000   63.50615      -     -    1s
     0     0   63.46431    0 1324   -0.00000   63.46431      -     -    1s
     0     0   63.43323    0 1426   -0.00000   63.43323      -     -    1s
     0     0   63.42076    0 1498   -0.00000   63.42076      -     -    1s
     0     0   63.41703    0 1426   -0.00000   63.41703      -     -    1s
     0     0   62.94347    0 1464   -0.00000   62.94347      -     -    1s
     0     0   62.61674    0 1237   -0.00000   62.61674      -     -    2s
     0     0   62.60570    0 1392   -0.00000   62.60570      -     -    2s
     0     0   62.57941    0 1395   -0.00000   62.57941      -     -    2s
     0     0   62.56525    0 1394   -0.00000   62.56525      -     -    2s
     0     0   62.56446    0 1394   -0.00000   62.56446      -     -    2s
     0     0   62.18476    0 1628   -0.00000   62.18476      -     -    2s
     0     0   62.12171    0 1568   -0.00000   62.12171      -     -    2s
     0     0   62.11201    0 1566   -0.00000   62.11201      -     -    2s
     0     0   62.11085    0 1631   -0.00000   62.11085      -     -    2s
     0     0   61.85094    0 1428   -0.00000   61.85094      -     -    2s
     0     0   61.68168    0 1499   -0.00000   61.68168      -     -    2s
     0     0   61.67524    0 1497   -0.00000   61.67524      -     -    2s
     0     0   61.67233    0 1498   -0.00000   61.67233      -     -    2s
     0     0   61.60801    0 1429   -0.00000   61.60801      -     -    3s
     0     0   61.49412    0 1358   -0.00000   61.49412      -     -    3s
     0     0   61.40062    0 1430   -0.00000   61.40062      -     -    3s
     0     0   61.30618    0 1431   -0.00000   61.30618      -     -    3s
     0     0   61.30387    0 1431   -0.00000   61.30387      -     -    3s
     0     0   61.20631    0 1430   -0.00000   61.20631      -     -    3s
     0     0   61.19730    0 1434   -0.00000   61.19730      -     -    3s
     0     0   61.17202    0 1434   -0.00000   61.17202      -     -    3s
     0     0   61.14473    0 1435   -0.00000   61.14473      -     -    3s
     0     0   61.11198    0 1505   -0.00000   61.11198      -     -    3s
     0     0   61.09499    0 1571   -0.00000   61.09499      -     -    3s
     0     0   61.09447    0 1502   -0.00000   61.09447      -     -    3s
     0     0   60.86035    0 1435   -0.00000   60.86035      -     -    3s
     0     0   60.84265    0 1436   -0.00000   60.84265      -     -    3s
     0     0   60.83599    0 1508   -0.00000   60.83599      -     -    3s
     0     0   60.83521    0 1436   -0.00000   60.83521      -     -    3s
     0     0   60.81022    0 1434   -0.00000   60.81022      -     -    3s
     0     0   60.79686    0 1507   -0.00000   60.79686      -     -    3s
     0     0   60.79456    0 1435   -0.00000   60.79456      -     -    3s
     0     0   60.79071    0 1431   -0.00000   60.79071      -     -    3s
     0     0   60.76789    0 1421   -0.00000   60.76789      -     -    3s
     0     2   60.76789    0 1418   -0.00000   60.76789      -     -    4s
   155    83   36.95588   17  192   -0.00000   46.16112      -  15.5    5s

Cutting planes:
  Gomory: 2
  Cover: 41
  Implied bound: 1
  MIR: 26
  StrongCG: 2
  Flow cover: 3
  Zero half: 32
  RLT: 27
  Relax-and-lift: 43

Explored 860 nodes (12699 simplex iterations) in 7.65 seconds (12.12 work units)
Thread count was 2 (of 4 available processors)

Solution count 1: -0 
No other solutions better than -0

Optimal solution found (tolerance 1.00e-04)
Best objective -0.000000000000e+00, best bound -0.000000000000e+00, gap 0.0000%

Gurobi 12.0.3 (win64, Java) logging started Wed Aug 27 13:10:12 2025

Set parameter LogToConsole to value 0
Set parameter WLSAccessID
Set parameter WLSSecret
Set parameter LicenseID to value 2699416
Set parameter TimeLimit to value 15
Set parameter LogFile to value "mip1.log"
Set parameter Threads to value 2
Academic license 2699416 - for non-commercial use only - registered to pa___@id.uff.br
Gurobi Optimizer version 12.0.3 build v12.0.3rc0 (win64 - Windows 10.0 (19045.2))

CPU model: Intel(R) Core(TM) i5-7400 CPU @ 3.00GHz, instruction set [SSE2|AVX|AVX2]
Thread count: 4 physical cores, 4 logical processors, using up to 2 threads

Non-default parameters:
TimeLimit  15
LogToConsole  0
Threads  2

Academic license 2699416 - for non-commercial use only - registered to pa___@id.uff.br
Optimize a model with 5832 rows, 2354 columns and 27693 nonzeros
Model fingerprint: 0x52413d0c
Variable types: 1 continuous, 2353 integer (2353 binary)
Coefficient statistics:
  Matrix range     [1e+00, 2e+03]
  Objective range  [2e+00, 7e+01]
  Bounds range     [1e+00, 2e+03]
  RHS range        [3e+03, 3e+03]

User MIP start produced solution with objective 4.28102e-13 (0.01s)
Loaded user MIP start with objective 4.28102e-13

Presolve removed 595 rows and 44 columns
Presolve time: 0.12s
Presolved: 5237 rows, 2310 columns, 24663 nonzeros
Found heuristic solution: objective 23.3214286
Variable types: 0 continuous, 2310 integer (2306 binary)
Found heuristic solution: objective 466.4285714

Root relaxation: objective 2.749430e+03, 6683 iterations, 1.27 seconds (1.53 work units)

    Nodes    |    Current Node    |     Objective Bounds      |     Work
 Expl Unexpl |  Obj  Depth IntInf | Incumbent    BestBd   Gap | It/Node Time

     0     0 2749.42976    0 1632  466.42857 2749.42976   489%     -    1s
H    0     0                    1804.9166667 2749.42976  52.3%     -    1s
H    0     0                    1989.2738095 2749.42976  38.2%     -    1s
H    0     0                    2070.1071429 2749.42976  32.8%     -    1s
H    0     0                    2074.5595238 2749.42976  32.5%     -    1s
H    0     0                    2489.1785714 2749.42976  10.5%     -    1s
H    0     0                    2496.9523810 2749.42976  10.1%     -    1s
H    0     0                    2559.0119048 2749.42976  7.44%     -    1s
H    0     0                    2563.2380952 2749.42976  7.26%     -    1s
H    0     0                    2599.0119048 2749.42976  5.79%     -    1s
     0     0 2728.61058    0 1825 2599.01190 2728.61058  4.99%     -    3s
H    0     0                    2614.5595238 2728.55079  4.36%     -    3s
H    0     0                    2622.3333333 2728.55079  4.05%     -    3s
H    0     0                    2630.1071429 2728.55079  3.74%     -    3s
     0     0 2727.38626    0 1848 2630.10714 2727.38626  3.70%     -    4s
     0     0 2727.27266    0 1830 2630.10714 2727.27266  3.69%     -    4s
     0     0 2727.26261    0 1843 2630.10714 2727.26261  3.69%     -    4s
     0     0 2727.26181    0 1831 2630.10714 2727.26181  3.69%     -    4s
     0     0 2722.64798    0 1693 2630.10714 2722.64798  3.52%     -    5s
H    0     0                    2630.6547619 2722.64483  3.50%     -    5s
H    0     0                    2634.8809524 2722.64483  3.33%     -    5s
H    0     0                    2638.6547619 2722.64483  3.18%     -    5s
H    0     0                    2645.6547619 2722.64483  2.91%     -    5s
     0     0 2721.73872    0 1682 2645.65476 2721.73872  2.88%     -    6s
     0     0 2721.51561    0 1685 2645.65476 2721.51561  2.87%     -    6s
     0     0 2721.47148    0 1679 2645.65476 2721.47148  2.87%     -    6s
     0     0 2721.43887    0 1687 2645.65476 2721.43887  2.86%     -    6s
     0     0 2721.43844    0 1695 2645.65476 2721.43844  2.86%     -    6s
     0     0 2720.36033    0 1668 2645.65476 2720.36033  2.82%     -    7s
H    0     0                    2658.2023810 2720.35991  2.34%     -    7s
H    0     0                    2661.2023810 2720.35991  2.22%     -    7s
H    0     0                    2668.9761905 2720.35991  1.93%     -    7s
     0     0 2720.21617    0 1765 2668.97619 2720.21617  1.92%     -    8s
     0     0 2720.16981    0 1615 2668.97619 2720.16981  1.92%     -    8s
     0     0 2720.16358    0 1667 2668.97619 2720.16358  1.92%     -    8s
     0     0 2719.52504    0 1771 2668.97619 2719.52504  1.89%     -    9s
     0     0 2719.32425    0 1735 2668.97619 2719.32425  1.89%     -    9s
     0     0 2719.27085    0 1712 2668.97619 2719.27085  1.88%     -    9s
     0     0 2719.25380    0 1766 2668.97619 2719.25380  1.88%     -    9s
     0     0 2719.24787    0 1768 2668.97619 2719.24787  1.88%     -    9s
     0     0 2718.96627    0 1673 2668.97619 2718.96627  1.87%     -   10s
     0     0 2718.89472    0 1649 2668.97619 2718.89472  1.87%     -   10s
     0     0 2718.88072    0 1640 2668.97619 2718.88072  1.87%     -   10s
     0     0 2718.75941    0 1785 2668.97619 2718.75941  1.87%     -   11s
H    0     0                    2684.5238095 2718.75847  1.28%     -   11s
     0     0 2718.73415    0 1772 2684.52381 2718.73415  1.27%     -   11s
     0     0 2718.72041    0 1788 2684.52381 2718.72041  1.27%     -   11s
     0     0 2718.64995    0 1802 2684.52381 2718.64995  1.27%     -   11s
     0     0 2718.64938    0 1781 2684.52381 2718.64938  1.27%     -   12s
H    0     0                    2691.2976190 2718.64875  1.02%     -   12s
H    0     0                    2692.2976190 2718.64875  0.98%     -   12s
H    0     0                    2700.0714286 2718.64875  0.69%     -   12s
     0     2 2718.64875    0 1778 2700.07143 2718.64875  0.69%     -   13s
     8    11 2716.44274    4 1528 2700.07143 2718.48342  0.68%   630   15s

Cutting planes:
  Gomory: 1
  Cover: 353
  Implied bound: 1
  Clique: 31
  MIR: 49
  StrongCG: 8
  GUB cover: 2
  Zero half: 11
  Mod-K: 1
  RLT: 358
  Relax-and-lift: 158
  BQP: 6
  PSD: 1

Explored 10 nodes (33221 simplex iterations) in 15.01 seconds (17.48 work units)
Thread count was 2 (of 4 available processors)

Solution count 10: 2700.07 2692.3 2691.3 ... 2634.88

Time limit reached
Best objective 2.700071428571e+03, best bound 2.718476190476e+03, gap 0.6816%
Set parameter TimeLimit to value 15
Gurobi Optimizer version 12.0.3 build v12.0.3rc0 (win64 - Windows 10.0 (19045.2))

CPU model: Intel(R) Core(TM) i5-7400 CPU @ 3.00GHz, instruction set [SSE2|AVX|AVX2]
Thread count: 4 physical cores, 4 logical processors, using up to 2 threads

Non-default parameters:
TimeLimit  15
LogToConsole  0
Threads  2

Academic license 2699416 - for non-commercial use only - registered to pa___@id.uff.br
Optimize a model with 5832 rows, 2354 columns and 27693 nonzeros
Model fingerprint: 0xfe7830ef
Variable types: 1 continuous, 2353 integer (2353 binary)
Coefficient statistics:
  Matrix range     [1e+00, 2e+03]
  Objective range  [2e+00, 2e+02]
  Bounds range     [1e+00, 2e+03]
  RHS range        [3e+03, 3e+03]

User MIP start produced solution with objective 1.13687e-13 (0.01s)
Loaded user MIP start with objective 1.13687e-13
MIP start from previous solve did not produce a new incumbent solution

Presolve removed 595 rows and 44 columns
Presolve time: 0.13s
Presolved: 5237 rows, 2310 columns, 24663 nonzeros
Variable types: 0 continuous, 2310 integer (2306 binary)

Root relaxation: objective 1.001780e+03, 4887 iterations, 1.37 seconds (1.63 work units)

    Nodes    |    Current Node    |     Objective Bounds      |     Work
 Expl Unexpl |  Obj  Depth IntInf | Incumbent    BestBd   Gap | It/Node Time

     0     0 1001.78006    0 1632    0.00000 1001.78006      -     -    1s
     0     0  574.15780    0 1808    0.00000  574.15780      -     -    3s
     0     0  545.53437    0 1831    0.00000  545.53437      -     -    4s
     0     0  541.99480    0 1802    0.00000  541.99480      -     -    4s
     0     0  541.30801    0 1810    0.00000  541.30801      -     -    4s
     0     0  541.22321    0 1834    0.00000  541.22321      -     -    4s
     0     0  445.21236    0 1616    0.00000  445.21236      -     -    6s
     0     0  429.79662    0 1686    0.00000  429.79662      -     -    6s
     0     0  426.13601    0 1691    0.00000  426.13601      -     -    6s
     0     0  425.58596    0 1680    0.00000  425.58596      -     -    6s
     0     0  425.34537    0 1682    0.00000  425.34537      -     -    6s
     0     0  403.90330    0 1659    0.00000  403.90330      -     -    8s
     0     0  398.38274    0 1767    0.00000  398.38274      -     -    8s
     0     0  397.60866    0 1767    0.00000  397.60866      -     -    8s
     0     0  397.51447    0 1758    0.00000  397.51447      -     -    8s
     0     0  388.95639    0 1748    0.00000  388.95639      -     -    9s
     0     0  387.72959    0 1788    0.00000  387.72959      -     -    9s
     0     0  387.36991    0 1790    0.00000  387.36991      -     -    9s
     0     0  387.32810    0 1715    0.00000  387.32810      -     -    9s
     0     0  383.18047    0 1803    0.00000  383.18047      -     -   10s
     0     0  382.60465    0 1815    0.00000  382.60465      -     -   10s
     0     0  382.39708    0 1840    0.00000  382.39708      -     -   10s
     0     0  378.75171    0 1792    0.00000  378.75171      -     -   10s
H    0     0                      50.7777778  378.73345   646%     -   11s
H    0     0                      53.7777778  378.73345   604%     -   11s
     0     0  377.55760    0 1726   53.77778  377.55760   602%     -   12s
     0     0  377.06169    0 1770   53.77778  377.06169   601%     -   12s
     0     0  376.92291    0 1789   53.77778  376.92291   601%     -   12s
     0     0  375.45071    0 1787   53.77778  375.45071   598%     -   12s
     0     0  375.43116    0 1771   53.77778  375.43116   598%     -   12s
H    0     0                      82.7777778  375.43116   354%     -   14s
H    0     0                      87.7777778  375.43116   328%     -   14s
     0     2  375.43116    0 1770   87.77778  375.43116   328%     -   14s

Cutting planes:
  Cover: 350
  Clique: 28
  MIR: 46
  StrongCG: 8
  GUB cover: 3
  Zero half: 16
  RLT: 376
  Relax-and-lift: 165
  PSD: 1

Explored 1 nodes (23703 simplex iterations) in 15.00 seconds (16.30 work units)
Thread count was 2 (of 4 available processors)

Solution count 5: 87.7778 82.7778 53.7778 ... 1.13687e-13

Time limit reached
Best objective 8.777777777778e+01, best bound 3.753333333332e+02, gap 327.5949%
Set parameter TimeLimit to value 15
Gurobi Optimizer version 12.0.3 build v12.0.3rc0 (win64 - Windows 10.0 (19045.2))

CPU model: Intel(R) Core(TM) i5-7400 CPU @ 3.00GHz, instruction set [SSE2|AVX|AVX2]
Thread count: 4 physical cores, 4 logical processors, using up to 2 threads

Non-default parameters:
TimeLimit  15
LogToConsole  0
Threads  2

Academic license 2699416 - for non-commercial use only - registered to pa___@id.uff.br
Optimize a model with 5832 rows, 2354 columns and 27693 nonzeros
Model fingerprint: 0x8a8abdd2
Variable types: 1 continuous, 2353 integer (2353 binary)
Coefficient statistics:
  Matrix range     [1e+00, 2e+03]
  Objective range  [2e+00, 2e+02]
  Bounds range     [1e+00, 2e+03]
  RHS range        [3e+03, 3e+03]

User MIP start produced solution with objective -0 (0.01s)
Loaded user MIP start with objective -0
MIP start from previous solve did not produce a new incumbent solution

Presolve removed 595 rows and 44 columns
Presolve time: 0.14s
Presolved: 5237 rows, 2310 columns, 24663 nonzeros
Variable types: 0 continuous, 2310 integer (2306 binary)

Root relaxation: objective 9.416229e+02, 6832 iterations, 1.46 seconds (1.65 work units)

    Nodes    |    Current Node    |     Objective Bounds      |     Work
 Expl Unexpl |  Obj  Depth IntInf | Incumbent    BestBd   Gap | It/Node Time

     0     0  941.62291    0 1632   -0.00000  941.62291      -     -    1s
     0     0  496.01811    0 1817   -0.00000  496.01811      -     -    3s
     0     0  472.60099    0 1825   -0.00000  472.60099      -     -    4s
     0     0  469.53093    0 1831   -0.00000  469.53093      -     -    4s
     0     0  468.66231    0 1844   -0.00000  468.66231      -     -    4s
     0     0  468.64210    0 1832   -0.00000  468.64210      -     -    4s
     0     0  380.96557    0 1612   -0.00000  380.96557      -     -    6s
     0     0  359.55204    0 1667   -0.00000  359.55204      -     -    6s
     0     0  354.04747    0 1684   -0.00000  354.04747      -     -    6s
     0     0  352.05865    0 1709   -0.00000  352.05865      -     -    6s
     0     0  351.34411    0 1700   -0.00000  351.34411      -     -    6s
     0     0  351.30521    0 1700   -0.00000  351.30521      -     -    6s
     0     0  330.09014    0 1754   -0.00000  330.09014      -     -    8s
     0     0  323.52632    0 1811   -0.00000  323.52632      -     -    8s
     0     0  321.59980    0 1568   -0.00000  321.59980      -     -    8s
     0     0  321.05272    0 1564   -0.00000  321.05272      -     -    8s
     0     0  320.90918    0 1571   -0.00000  320.90918      -     -    8s
     0     0  312.74179    0 1617   -0.00000  312.74179      -     -    9s
     0     0  311.06356    0 1739   -0.00000  311.06356      -     -    9s
     0     0  310.32898    0 1721   -0.00000  310.32898      -     -    9s
     0     0  310.25448    0 1684   -0.00000  310.25448      -     -    9s
     0     0  306.48453    0 1683   -0.00000  306.48453      -     -   10s
     0     0  305.36059    0 1818   -0.00000  305.36059      -     -   10s
     0     0  305.08832    0 1677   -0.00000  305.08832      -     -   10s
     0     0  303.24104    0 1683   -0.00000  303.24104      -     -   10s
     0     0  303.23883    0 1668   -0.00000  303.23883      -     -   11s
     0     2  303.22866    0 1667   -0.00000  303.22866      -     -   14s
     1     3  282.91837    1 1467   -0.00000  303.22866      -   744   15s

Cutting planes:
  Cover: 386
  Implied bound: 1
  Clique: 35
  MIR: 67
  StrongCG: 7
  GUB cover: 3
  Zero half: 27
  Mod-K: 1
  RLT: 388
  Relax-and-lift: 180
  BQP: 3
  PSD: 3

Explored 2 nodes (24307 simplex iterations) in 15.00 seconds (16.80 work units)
Thread count was 2 (of 4 available processors)

Solution count 1: -0 

Time limit reached
Best objective -0.000000000000e+00, best bound 3.031764705883e+02, gap -

Gurobi 12.0.3 (win64, Java) logging started Wed Aug 27 13:10:58 2025

Set parameter LogToConsole to value 0
Set parameter WLSAccessID
Set parameter WLSSecret
Set parameter LicenseID to value 2699416
Set parameter TimeLimit to value 15
Set parameter LogFile to value "mip1.log"
Set parameter Threads to value 2
Academic license 2699416 - for non-commercial use only - registered to pa___@id.uff.br
Gurobi Optimizer version 12.0.3 build v12.0.3rc0 (win64 - Windows 10.0 (19045.2))

CPU model: Intel(R) Core(TM) i5-7400 CPU @ 3.00GHz, instruction set [SSE2|AVX|AVX2]
Thread count: 4 physical cores, 4 logical processors, using up to 2 threads

Non-default parameters:
TimeLimit  15
LogToConsole  0
Threads  2

Academic license 2699416 - for non-commercial use only - registered to pa___@id.uff.br
Optimize a model with 223 rows, 375 columns and 1173 nonzeros
Model fingerprint: 0x8342032b
Variable types: 1 continuous, 374 integer (374 binary)
Coefficient statistics:
  Matrix range     [1e+00, 1e+03]
  Objective range  [2e-01, 2e+01]
  Bounds range     [1e+00, 1e+02]
  RHS range        [2e+02, 2e+02]

User MIP start produced solution with objective 1.09357e-14 (0.00s)
Loaded user MIP start with objective 1.09357e-14

Presolve removed 30 rows and 136 columns
Presolve time: 0.00s
Presolved: 193 rows, 239 columns, 847 nonzeros
Found heuristic solution: objective 23.8026316
Variable types: 0 continuous, 239 integer (238 binary)
Found heuristic solution: objective 48.8486842

Root relaxation: objective 1.466088e+02, 156 iterations, 0.00 seconds (0.00 work units)

    Nodes    |    Current Node    |     Objective Bounds      |     Work
 Expl Unexpl |  Obj  Depth IntInf | Incumbent    BestBd   Gap | It/Node Time

     0     0  146.60884    0   48   48.84868  146.60884   200%     -    0s
H    0     0                     146.0723684  146.60884  0.37%     -    0s
H    0     0                     146.2500000  146.60884  0.25%     -    0s
     0     0  146.51590    0   71  146.25000  146.51590  0.18%     -    0s
H    0     0                     146.4276316  146.51590  0.06%     -    0s
     0     0  146.49226    0   17  146.42763  146.49226  0.04%     -    0s
     0     0  146.47909    0   61  146.42763  146.47909  0.04%     -    0s
     0     0  146.47909    0    8  146.42763  146.47909  0.04%     -    0s
     0     0  146.47909    0    6  146.42763  146.47909  0.04%     -    0s
     0     0     cutoff    0       146.42763  146.42763  0.00%     -    0s

Cutting planes:
  Gomory: 1
  Cover: 2
  Implied bound: 1
  GUB cover: 1
  RLT: 2

Explored 1 nodes (290 simplex iterations) in 0.04 seconds (0.01 work units)
Thread count was 2 (of 4 available processors)

Solution count 8: 146.428 146.428 146.25 ... 1.09357e-14

Optimal solution found (tolerance 1.00e-04)
Best objective 1.464276315789e+02, best bound 1.464276315789e+02, gap 0.0000%
Set parameter TimeLimit to value 15
Gurobi Optimizer version 12.0.3 build v12.0.3rc0 (win64 - Windows 10.0 (19045.2))

CPU model: Intel(R) Core(TM) i5-7400 CPU @ 3.00GHz, instruction set [SSE2|AVX|AVX2]
Thread count: 4 physical cores, 4 logical processors, using up to 2 threads

Non-default parameters:
TimeLimit  15
LogToConsole  0
Threads  2

Academic license 2699416 - for non-commercial use only - registered to pa___@id.uff.br
Optimize a model with 223 rows, 375 columns and 1173 nonzeros
Model fingerprint: 0xacbbf549
Variable types: 1 continuous, 374 integer (374 binary)
Coefficient statistics:
  Matrix range     [1e+00, 1e+03]
  Objective range  [2e+00, 2e+01]
  Bounds range     [1e+00, 1e+02]
  RHS range        [2e+02, 2e+02]

User MIP start produced solution with objective -2.13163e-14 (0.00s)
Loaded user MIP start with objective -2.13163e-14
MIP start from previous solve did not produce a new incumbent solution

Presolve removed 30 rows and 136 columns
Presolve time: 0.00s
Presolved: 193 rows, 239 columns, 847 nonzeros
Variable types: 0 continuous, 239 integer (238 binary)

Root relaxation: objective 9.836149e+00, 98 iterations, 0.00 seconds (0.00 work units)

    Nodes    |    Current Node    |     Objective Bounds      |     Work
 Expl Unexpl |  Obj  Depth IntInf | Incumbent    BestBd   Gap | It/Node Time

     0     0    9.83615    0   33   -0.00000    9.83615      -     -    0s
H    0     0                       0.1351351    9.83615  7179%     -    0s
     0     0    6.99523    0   52    0.13514    6.99523  5076%     -    0s
     0     0    6.45608    0   48    0.13514    6.45608  4678%     -    0s
     0     0    6.41133    0   51    0.13514    6.41133  4644%     -    0s
     0     0    6.39375    0   51    0.13514    6.39375  4631%     -    0s
     0     0    6.35826    0   52    0.13514    6.35826  4605%     -    0s
H    0     0                       1.2432432    6.31109   408%     -    0s
H    0     0                       3.2432432    6.31109  94.6%     -    0s
     0     0    6.31109    0   53    3.24324    6.31109  94.6%     -    0s
     0     0    6.31109    0   54    3.24324    6.31109  94.6%     -    0s
     0     0    6.26315    0   72    3.24324    6.26315  93.1%     -    0s
     0     0    6.25740    0   75    3.24324    6.25740  92.9%     -    0s
     0     0    6.22460    0   56    3.24324    6.22460  91.9%     -    0s
     0     0    6.17854    0   64    3.24324    6.17854  90.5%     -    0s
     0     0    6.16072    0   65    3.24324    6.16072  90.0%     -    0s
H    0     0                       3.3783784    6.11318  80.9%     -    0s
     0     0    6.11318    0   65    3.37838    6.11318  80.9%     -    0s
     0     0    6.11318    0   65    3.37838    6.11318  80.9%     -    0s
     0     0    6.11318    0   31    3.37838    6.11318  80.9%     -    0s
     0     0    6.11318    0   36    3.37838    6.11318  80.9%     -    0s
     0     0    6.11318    0   39    3.37838    6.11318  80.9%     -    0s
     0     0    6.11318    0   40    3.37838    6.11318  80.9%     -    0s
     0     0    6.11318    0   59    3.37838    6.11318  80.9%     -    0s
     0     0    6.11066    0   47    3.37838    6.11066  80.9%     -    0s
     0     0    6.09605    0   52    3.37838    6.09605  80.4%     -    0s
     0     0    6.09605    0   52    3.37838    6.09605  80.4%     -    0s
     0     0    6.02266    0   52    3.37838    6.02266  78.3%     -    0s
     0     2    6.02266    0   52    3.37838    6.02266  78.3%     -    0s
*    4     4               2       4.2162162    5.63288  33.6%  21.8    0s

Cutting planes:
  Gomory: 2
  Cover: 1
  MIR: 1
  Zero half: 5
  Mod-K: 1
  RLT: 7

Explored 23 nodes (652 simplex iterations) in 0.18 seconds (0.07 work units)
Thread count was 2 (of 4 available processors)

Solution count 6: 4.21622 3.37838 3.24324 ... -2.13163e-14

Optimal solution found (tolerance 1.00e-04)
Best objective 4.216216216216e+00, best bound 4.216216216216e+00, gap 0.0000%
Set parameter TimeLimit to value 15
Gurobi Optimizer version 12.0.3 build v12.0.3rc0 (win64 - Windows 10.0 (19045.2))

CPU model: Intel(R) Core(TM) i5-7400 CPU @ 3.00GHz, instruction set [SSE2|AVX|AVX2]
Thread count: 4 physical cores, 4 logical processors, using up to 2 threads

Non-default parameters:
TimeLimit  15
LogToConsole  0
Threads  2

Academic license 2699416 - for non-commercial use only - registered to pa___@id.uff.br
Optimize a model with 223 rows, 375 columns and 1173 nonzeros
Model fingerprint: 0x0b7ca4cd
Variable types: 1 continuous, 374 integer (374 binary)
Coefficient statistics:
  Matrix range     [1e+00, 1e+03]
  Objective range  [2e+00, 2e+01]
  Bounds range     [1e+00, 1e+02]
  RHS range        [2e+02, 2e+02]

User MIP start produced solution with objective 8.88178e-15 (0.01s)
Loaded user MIP start with objective 8.88178e-15
MIP start from previous solve did not produce a new incumbent solution

Presolve removed 30 rows and 136 columns
Presolve time: 0.00s
Presolved: 193 rows, 239 columns, 847 nonzeros
Variable types: 0 continuous, 239 integer (238 binary)

Root relaxation: objective 7.982143e+00, 80 iterations, 0.00 seconds (0.00 work units)

    Nodes    |    Current Node    |     Objective Bounds      |     Work
 Expl Unexpl |  Obj  Depth IntInf | Incumbent    BestBd   Gap | It/Node Time

     0     0    7.98214    0   33    0.00000    7.98214      -     -    0s
     0     0    5.17833    0   50    0.00000    5.17833      -     -    0s
     0     0    5.07506    0   50    0.00000    5.07506      -     -    0s
     0     0    5.07506    0   49    0.00000    5.07506      -     -    0s
     0     0    4.76153    0   72    0.00000    4.76153      -     -    0s
     0     0    4.66892    0   65    0.00000    4.66892      -     -    0s
     0     0    4.66892    0   65    0.00000    4.66892      -     -    0s
     0     0    4.57834    0   56    0.00000    4.57834      -     -    0s
H    0     0                       1.5714286    4.54897   189%     -    0s
     0     0    4.51336    0   69    1.57143    4.51336   187%     -    0s
     0     0    4.47516    0   69    1.57143    4.47516   185%     -    0s
     0     0    4.45518    0   69    1.57143    4.45518   184%     -    0s
     0     0    4.45504    0   70    1.57143    4.45504   184%     -    0s
     0     0    4.44051    0   70    1.57143    4.44051   183%     -    0s
     0     0    4.43879    0   69    1.57143    4.43879   182%     -    0s
     0     0    4.43200    0   70    1.57143    4.43200   182%     -    0s
     0     0    4.41665    0   69    1.57143    4.41665   181%     -    0s
     0     0    4.39975    0   31    1.57143    4.39975   180%     -    0s
     0     0    4.39975    0   38    1.57143    4.39975   180%     -    0s
     0     0    4.39975    0   41    1.57143    4.39975   180%     -    0s
     0     0    4.39975    0   57    1.57143    4.39975   180%     -    0s
     0     0    4.39975    0   56    1.57143    4.39975   180%     -    0s
     0     0    4.39975    0   56    1.57143    4.39975   180%     -    0s
     0     0    4.39975    0   53    1.57143    4.39975   180%     -    0s
     0     0    4.39975    0   53    1.57143    4.39975   180%     -    0s
     0     0    4.39975    0   57    1.57143    4.39975   180%     -    0s
     0     0    4.39975    0   57    1.57143    4.39975   180%     -    0s
     0     0    4.39975    0   55    1.57143    4.39975   180%     -    0s
     0     0    4.39975    0   55    1.57143    4.39975   180%     -    0s
     0     2    4.39975    0   55    1.57143    4.39975   180%     -    0s

Cutting planes:
  Gomory: 1
  Cover: 1
  MIR: 5
  Zero half: 4
  RLT: 9

Explored 81 nodes (1046 simplex iterations) in 0.29 seconds (0.08 work units)
Thread count was 2 (of 4 available processors)

Solution count 2: 1.57143 8.88178e-15 

Optimal solution found (tolerance 1.00e-04)
Best objective 1.571428571429e+00, best bound 1.571428571429e+00, gap 0.0000%
Set parameter TimeLimit to value 15
Gurobi Optimizer version 12.0.3 build v12.0.3rc0 (win64 - Windows 10.0 (19045.2))

CPU model: Intel(R) Core(TM) i5-7400 CPU @ 3.00GHz, instruction set [SSE2|AVX|AVX2]
Thread count: 4 physical cores, 4 logical processors, using up to 2 threads

Non-default parameters:
TimeLimit  15
LogToConsole  0
Threads  2

Academic license 2699416 - for non-commercial use only - registered to pa___@id.uff.br
Optimize a model with 223 rows, 375 columns and 1173 nonzeros
Model fingerprint: 0x6bc61365
Variable types: 1 continuous, 374 integer (374 binary)
Coefficient statistics:
  Matrix range     [1e+00, 1e+03]
  Objective range  [2e+00, 2e+01]
  Bounds range     [1e+00, 1e+02]
  RHS range        [2e+02, 2e+02]

User MIP start produced solution with objective -4.44089e-15 (0.00s)
Loaded user MIP start with objective -4.44089e-15
MIP start from previous solve did not produce a new incumbent solution

Presolve removed 30 rows and 136 columns
Presolve time: 0.01s
Presolved: 193 rows, 239 columns, 847 nonzeros
Variable types: 0 continuous, 239 integer (238 binary)

Root relaxation: objective 6.369792e+00, 73 iterations, 0.00 seconds (0.00 work units)

    Nodes    |    Current Node    |     Objective Bounds      |     Work
 Expl Unexpl |  Obj  Depth IntInf | Incumbent    BestBd   Gap | It/Node Time

     0     0    6.36979    0   33   -0.00000    6.36979      -     -    0s
     0     0    3.87902    0   51   -0.00000    3.87902      -     -    0s
     0     0    3.73654    0   49   -0.00000    3.73654      -     -    0s
     0     0    3.72126    0   49   -0.00000    3.72126      -     -    0s
     0     0    3.23424    0   72   -0.00000    3.23424      -     -    0s
     0     0    3.01067    0   53   -0.00000    3.01067      -     -    0s
     0     0    2.94491    0   67   -0.00000    2.94491      -     -    0s
     0     0    2.90064    0   65   -0.00000    2.90064      -     -    0s
     0     0    2.90064    0   44   -0.00000    2.90064      -     -    0s
     0     0    2.90064    0   42   -0.00000    2.90064      -     -    0s
     0     0    2.90064    0   41   -0.00000    2.90064      -     -    0s
     0     0    2.85659    0   41   -0.00000    2.85659      -     -    0s
     0     0    2.85294    0   43   -0.00000    2.85294      -     -    0s
     0     0    2.35207    0   23   -0.00000    2.35207      -     -    0s
     0     0    2.28815    0   39   -0.00000    2.28815      -     -    0s
     0     0    2.11847    0   43   -0.00000    2.11847      -     -    0s
     0     0    1.90358    0   48   -0.00000    1.90358      -     -    0s
     0     0    1.90206    0   44   -0.00000    1.90206      -     -    0s
     0     0    1.90009    0   45   -0.00000    1.90009      -     -    0s
     0     0    1.89811    0   46   -0.00000    1.89811      -     -    0s
     0     0    1.89232    0   46   -0.00000    1.89232      -     -    0s
     0     0    1.89231    0   46   -0.00000    1.89231      -     -    0s
     0     0    1.89202    0   28   -0.00000    1.89202      -     -    0s
     0     0    1.89202    0   37   -0.00000    1.89202      -     -    0s
     0     0    1.89202    0   19   -0.00000    1.89202      -     -    0s
     0     0    1.89202    0   21   -0.00000    1.89202      -     -    0s
     0     0    1.89202    0   46   -0.00000    1.89202      -     -    0s
     0     0    1.89202    0   22   -0.00000    1.89202      -     -    0s
     0     0    1.89202    0   26   -0.00000    1.89202      -     -    0s
     0     0    1.84091    0   46   -0.00000    1.84091      -     -    0s
     0     0    1.79666    0   39   -0.00000    1.79666      -     -    0s
     0     0    1.77579    0   49   -0.00000    1.77579      -     -    0s
     0     0    1.71717    0   44   -0.00000    1.71717      -     -    0s
     0     0    1.71717    0   44   -0.00000    1.71717      -     -    0s
     0     2    1.70350    0   43   -0.00000    1.70350      -     -    0s

Cutting planes:
  Gomory: 3
  Lift-and-project: 1
  Cover: 2
  Implied bound: 1
  MIR: 3
  Zero half: 2
  RLT: 1

Explored 79 nodes (1107 simplex iterations) in 0.28 seconds (0.09 work units)
Thread count was 2 (of 4 available processors)

Solution count 1: -4.44089e-15 
No other solutions better than -4.44089e-15

Optimal solution found (tolerance 1.00e-04)
Best objective -4.440892098501e-15, best bound -4.440892098501e-15, gap 0.0000%

Gurobi 12.0.3 (win64, Java) logging started Wed Aug 27 13:10:59 2025

Set parameter LogToConsole to value 0
Set parameter WLSAccessID
Set parameter WLSSecret
Set parameter LicenseID to value 2699416
Set parameter TimeLimit to value 15
Set parameter LogFile to value "mip1.log"
Set parameter Threads to value 2
Academic license 2699416 - for non-commercial use only - registered to pa___@id.uff.br
Gurobi Optimizer version 12.0.3 build v12.0.3rc0 (win64 - Windows 10.0 (19045.2))

CPU model: Intel(R) Core(TM) i5-7400 CPU @ 3.00GHz, instruction set [SSE2|AVX|AVX2]
Thread count: 4 physical cores, 4 logical processors, using up to 2 threads

Non-default parameters:
TimeLimit  15
LogToConsole  0
Threads  2

Academic license 2699416 - for non-commercial use only - registered to pa___@id.uff.br
Optimize a model with 3690 rows, 1986 columns and 18267 nonzeros
Model fingerprint: 0x729d2d6b
Variable types: 1 continuous, 1985 integer (1985 binary)
Coefficient statistics:
  Matrix range     [1e+00, 1e+03]
  Objective range  [1e+00, 2e+01]
  Bounds range     [1e+00, 1e+03]
  RHS range        [2e+03, 2e+03]

User MIP start produced solution with objective -5.02709e-13 (0.01s)
Loaded user MIP start with objective -5.02709e-13

Presolve removed 128 rows and 40 columns
Presolve time: 0.06s
Presolved: 3562 rows, 1946 columns, 17511 nonzeros
Found heuristic solution: objective 15.2062663
Variable types: 0 continuous, 1946 integer (1943 binary)
Found heuristic solution: objective 220.4908616

Root relaxation: objective 1.655661e+03, 4742 iterations, 0.73 seconds (0.82 work units)

    Nodes    |    Current Node    |     Objective Bounds      |     Work
 Expl Unexpl |  Obj  Depth IntInf | Incumbent    BestBd   Gap | It/Node Time

     0     0 1655.66141    0 1576  220.49086 1655.66141   651%     -    0s
H    0     0                     892.5926893 1655.66141  85.5%     -    0s
H    0     0                     907.7310705 1655.66141  82.4%     -    0s
H    0     0                    1450.6501305 1655.66141  14.1%     -    0s
H    0     0                    1458.2532637 1655.66141  13.5%     -    0s
H    0     0                    1460.4255875 1655.66141  13.4%     -    0s
H    0     0                    1466.9425587 1655.66141  12.9%     -    0s
H    0     0                    1494.0104439 1655.66141  10.8%     -    0s
H    0     0                    1494.0966057 1655.66141  10.8%     -    0s
H    0     0                    1502.7859008 1655.66141  10.2%     -    0s
     0     0 1651.48414    0 1618 1502.78590 1651.48414  9.89%     -    2s
H    0     0                    1503.4386423 1651.48253  9.85%     -    2s
H    0     0                    1518.0939948 1651.48253  8.79%     -    2s
H    0     0                    1545.1462141 1651.48253  6.88%     -    2s
     0     0 1651.32576    0 1623 1545.14621 1651.32576  6.87%     -    2s
     0     0 1651.31946    0 1623 1545.14621 1651.31946  6.87%     -    2s
     0     0 1651.31769    0 1623 1545.14621 1651.31769  6.87%     -    2s
     0     0 1651.31768    0 1623 1545.14621 1651.31768  6.87%     -    2s
     0     0 1650.60596    0 1633 1545.14621 1650.60596  6.83%     -    2s
H    0     0                    1546.9033943 1650.60589  6.70%     -    2s
H    0     0                    1556.4725849 1650.60589  6.05%     -    2s
H    0     0                    1571.1279373 1650.60589  5.06%     -    2s
     0     0 1650.56925    0 1644 1571.12794 1650.56925  5.06%     -    2s
     0     0 1650.56527    0 1634 1571.12794 1650.56527  5.06%     -    2s
     0     0 1650.56512    0 1638 1571.12794 1650.56512  5.06%     -    2s
     0     0 1650.35761    0 1656 1571.12794 1650.35761  5.04%     -    3s
H    0     0                    1571.3864230 1650.35743  5.03%     -    3s
H    0     0                    1572.3002611 1650.35743  4.96%     -    3s
H    0     0                    1573.3864230 1650.35743  4.89%     -    3s
     0     0 1650.32992    0 1647 1573.38642 1650.32992  4.89%     -    3s
     0     0 1650.32511    0 1648 1573.38642 1650.32511  4.89%     -    3s
     0     0 1650.32340    0 1647 1573.38642 1650.32340  4.89%     -    3s
     0     0 1650.32303    0 1648 1573.38642 1650.32303  4.89%     -    3s
     0     0 1650.17899    0 1647 1573.38642 1650.17899  4.88%     -    4s
H    0     0                    1575.4725849 1650.17873  4.74%     -    4s
H    0     0                    1576.5587467 1650.17873  4.67%     -    4s
     0     0 1650.15939    0 1656 1576.55875 1650.15939  4.67%     -    4s
     0     0 1650.15822    0 1654 1576.55875 1650.15822  4.67%     -    4s
     0     0 1650.06492    0 1656 1576.55875 1650.06492  4.66%     -    4s
H    0     0                    1577.6449086 1650.06478  4.59%     -    4s
     0     0 1650.05867    0 1650 1577.64491 1650.05867  4.59%     -    4s
     0     0 1650.05804    0 1656 1577.64491 1650.05804  4.59%     -    4s
     0     0 1650.02498    0 1653 1577.64491 1650.02498  4.59%     -    4s
H    0     0                    1591.8511749 1650.02491  3.65%     -    4s
     0     0 1650.02014    0 1656 1591.85117 1650.02014  3.65%     -    4s
     0     0 1650.01942    0 1655 1591.85117 1650.01942  3.65%     -    4s
     0     0 1649.91876    0 1646 1591.85117 1649.91876  3.65%     -    5s
     0     0 1649.90910    0 1652 1591.85117 1649.90910  3.65%     -    5s
     0     0 1649.90869    0 1654 1591.85117 1649.90869  3.65%     -    5s
     0     0 1649.83701    0 1659 1591.85117 1649.83701  3.64%     -    5s
H    0     0                    1592.8511749 1649.83578  3.58%     -    5s
     0     0 1649.82069    0 1644 1592.85117 1649.82069  3.58%     -    5s
     0     0 1649.82008    0 1643 1592.85117 1649.82008  3.58%     -    5s
     0     0 1649.79929    0 1650 1592.85117 1649.79929  3.58%     -    5s
     0     0 1649.79674    0 1650 1592.85117 1649.79674  3.58%     -    5s
     0     0 1649.79624    0 1652 1592.85117 1649.79624  3.58%     -    5s
     0     0 1649.77490    0 1648 1592.85117 1649.77490  3.57%     -    5s
H    0     0                    1603.3159269 1649.77436  2.90%     -    5s
H    0     0                    1606.0574413 1649.77436  2.72%     -    5s
H    0     0                    1606.9712794 1649.77436  2.66%     -    5s
H    0     0                    1611.3159269 1649.77436  2.39%     -    5s
     0     0 1649.77366    0 1649 1611.31593 1649.77366  2.39%     -    6s
     0     0 1649.76255    0 1652 1611.31593 1649.76255  2.39%     -    6s
     0     0 1649.76212    0 1652 1611.31593 1649.76212  2.39%     -    6s
     0     0 1649.75328    0 1650 1611.31593 1649.75328  2.39%     -    6s
     0     0 1649.75278    0 1644 1611.31593 1649.75278  2.39%     -    6s
H    0     0                    1615.6605744 1649.75278  2.11%     -    7s
     0     2 1649.75278    0 1644 1615.66057 1649.75278  2.11%     -    7s
    16    19 1646.99298    6 1594 1615.66057 1649.58954  2.10%   815   10s
H   27    29                    1621.0913838 1649.58954  1.76%   822   11s
H   55    61                    1623.2637076 1649.58954  1.62%   706   13s
    82    85 1647.40921   24 1600 1623.26371 1649.58954  1.62%   580   15s

Cutting planes:
  Cover: 136
  Clique: 5
  MIR: 31
  StrongCG: 1
  GUB cover: 1
  Zero half: 77
  RLT: 85
  Relax-and-lift: 6

Explored 84 nodes (61336 simplex iterations) in 15.00 seconds (24.33 work units)
Thread count was 2 (of 4 available processors)

Solution count 10: 1623.26 1621.09 1615.66 ... 1577.64

Time limit reached
Best objective 1.623263707572e+03, best bound 1.649589535662e+03, gap 1.6218%
Set parameter TimeLimit to value 15
Gurobi Optimizer version 12.0.3 build v12.0.3rc0 (win64 - Windows 10.0 (19045.2))

CPU model: Intel(R) Core(TM) i5-7400 CPU @ 3.00GHz, instruction set [SSE2|AVX|AVX2]
Thread count: 4 physical cores, 4 logical processors, using up to 2 threads

Non-default parameters:
TimeLimit  15
LogToConsole  0
Threads  2

Academic license 2699416 - for non-commercial use only - registered to pa___@id.uff.br
Optimize a model with 3690 rows, 1986 columns and 18267 nonzeros
Model fingerprint: 0xb10b08cf
Variable types: 1 continuous, 1985 integer (1985 binary)
Coefficient statistics:
  Matrix range     [1e+00, 1e+03]
  Objective range  [1e+00, 2e+01]
  Bounds range     [1e+00, 1e+03]
  RHS range        [2e+03, 2e+03]

User MIP start produced solution with objective 3.19744e-13 (0.01s)
Loaded user MIP start with objective 3.19744e-13
MIP start from previous solve did not produce a new incumbent solution

Presolve removed 128 rows and 40 columns
Presolve time: 0.07s
Presolved: 3562 rows, 1946 columns, 17511 nonzeros
Variable types: 0 continuous, 1946 integer (1943 binary)

Root relaxation: objective 4.608774e+02, 4980 iterations, 0.97 seconds (1.12 work units)

    Nodes    |    Current Node    |     Objective Bounds      |     Work
 Expl Unexpl |  Obj  Depth IntInf | Incumbent    BestBd   Gap | It/Node Time

     0     0  460.87737    0 1578    0.00000  460.87737      -     -    1s
H    0     0                       8.4513274  460.87737  5353%     -    1s
H    0     0                      12.4513274  460.87737  3601%     -    1s
     0     0  401.45448    0 1627   12.45133  401.45448  3124%     -    2s
     0     0  399.30840    0 1627   12.45133  399.30840  3107%     -    2s
     0     0  399.29817    0 1628   12.45133  399.29817  3107%     -    2s
     0     0  388.49690    0 1618   12.45133  388.49690  3020%     -    2s
     0     0  388.19776    0 1615   12.45133  388.19776  3018%     -    3s
     0     0  388.18866    0 1617   12.45133  388.18866  3018%     -    3s
     0     0  384.95237    0 1641   12.45133  384.95237  2992%     -    3s
     0     0  384.42921    0 1649   12.45133  384.42921  2987%     -    3s
     0     0  384.34928    0 1649   12.45133  384.34928  2987%     -    3s
     0     0  384.34336    0 1644   12.45133  384.34336  2987%     -    3s
     0     0  382.64206    0 1641   12.45133  382.64206  2973%     -    4s
     0     0  382.61989    0 1645   12.45133  382.61989  2973%     -    4s
     0     0  381.15897    0 1653   12.45133  381.15897  2961%     -    4s
     0     0  381.07931    0 1650   12.45133  381.07931  2961%     -    4s
     0     0  381.07256    0 1651   12.45133  381.07256  2960%     -    4s
     0     0  379.85456    0 1650   12.45133  379.85456  2951%     -    4s
H    0     0                      14.9026549  379.85255  2449%     -    4s
H    0     0                      15.4513274  379.85255  2358%     -    4s
H    0     0                      20.9026549  379.85255  1717%     -    4s
H    0     0                      22.9026549  379.85255  1559%     -    4s
     0     0  379.70936    0 1656   22.90265  379.70936  1558%     -    4s
     0     0  379.68694    0 1654   22.90265  379.68694  1558%     -    4s
     0     0  379.47244    0 1655   22.90265  379.47244  1557%     -    4s
     0     0  379.46809    0 1656   22.90265  379.46809  1557%     -    5s
     0     0  378.54856    0 1666   22.90265  378.54856  1553%     -    5s
H    0     0                      32.3539823  378.54328  1070%     -    5s
H    0     0                      34.3539823  378.54328  1002%     -    5s
H    0     0                      36.3539823  378.54328   941%     -    5s
H    0     0                      40.3539823  378.54328   838%     -    5s
     0     0  378.43788    0 1673   40.35398  378.43788   838%     -    5s
     0     0  378.43183    0 1675   40.35398  378.43183   838%     -    5s
     0     0  377.92585    0 1650   40.35398  377.92585   837%     -    5s
     0     0  377.88004    0 1663   40.35398  377.88004   836%     -    5s
     0     0  377.87858    0 1661   40.35398  377.87858   836%     -    5s
     0     0  377.54023    0 1652   40.35398  377.54023   836%     -    5s
H    0     0                      57.8053097  377.53890   553%     -    5s
H    0     0                      61.8053097  377.53890   511%     -    5s
H    0     0                      65.2566372  377.53890   479%     -    5s
H    0     0                      66.2566372  377.53890   470%     -    5s
     0     0  377.52227    0 1655   66.25664  377.52227   470%     -    5s
     0     0  377.51648    0 1651   66.25664  377.51648   470%     -    6s
     0     0  377.51338    0 1652   66.25664  377.51338   470%     -    6s
     0     0  377.27784    0 1655   66.25664  377.27784   469%     -    6s
     0     0  377.26920    0 1647   66.25664  377.26920   469%     -    6s
H    0     0                      68.2566372  377.26920   453%     -    7s
H    0     0                      86.7079646  377.26920   335%     -    7s
     0     2  377.26920    0 1647   86.70796  377.26920   335%     -    7s
    19    23  340.98872    7 1563   86.70796  373.91834   331%  1033   10s
H   28    31                      90.7079646  373.91834   312%   898   10s
H   56    59                      92.7079646  373.91834   303%   767   13s
    67    70  304.84353   18 1448   92.70796  373.91834   303%   725   15s

Cutting planes:
  Gomory: 1
  Cover: 143
  Clique: 4
  MIR: 29
  StrongCG: 3
  GUB cover: 1
  Zero half: 81
  RLT: 86
  Relax-and-lift: 9

Explored 69 nodes (61996 simplex iterations) in 15.00 seconds (26.20 work units)
Thread count was 2 (of 4 available processors)

Solution count 10: 92.708 90.708 86.708 ... 36.354

Time limit reached
Best objective 9.270796460177e+01, best bound 3.739115044248e+02, gap 303.3219%
Set parameter TimeLimit to value 15
Gurobi Optimizer version 12.0.3 build v12.0.3rc0 (win64 - Windows 10.0 (19045.2))

CPU model: Intel(R) Core(TM) i5-7400 CPU @ 3.00GHz, instruction set [SSE2|AVX|AVX2]
Thread count: 4 physical cores, 4 logical processors, using up to 2 threads

Non-default parameters:
TimeLimit  15
LogToConsole  0
Threads  2

Academic license 2699416 - for non-commercial use only - registered to pa___@id.uff.br
Optimize a model with 3690 rows, 1986 columns and 18267 nonzeros
Model fingerprint: 0xf16865dd
Variable types: 1 continuous, 1985 integer (1985 binary)
Coefficient statistics:
  Matrix range     [1e+00, 1e+03]
  Objective range  [1e+00, 2e+01]
  Bounds range     [1e+00, 1e+03]
  RHS range        [2e+03, 2e+03]

User MIP start produced solution with objective -2.41585e-13 (0.02s)
Loaded user MIP start with objective -2.41585e-13
MIP start from previous solve did not produce a new incumbent solution

Presolve removed 128 rows and 40 columns
Presolve time: 0.06s
Presolved: 3562 rows, 1946 columns, 17511 nonzeros
Variable types: 0 continuous, 1946 integer (1943 binary)

Root relaxation: objective 3.888144e+02, 4762 iterations, 0.94 seconds (1.07 work units)

    Nodes    |    Current Node    |     Objective Bounds      |     Work
 Expl Unexpl |  Obj  Depth IntInf | Incumbent    BestBd   Gap | It/Node Time

     0     0  388.81442    0 1577   -0.00000  388.81442      -     -    1s
     0     0  324.69002    0 1609   -0.00000  324.69002      -     -    2s
     0     0  322.04767    0 1605   -0.00000  322.04767      -     -    2s
     0     0  322.00232    0 1607   -0.00000  322.00232      -     -    2s
     0     0  322.00196    0 1608   -0.00000  322.00196      -     -    2s
     0     0  313.02411    0 1634   -0.00000  313.02411      -     -    2s
     0     0  312.61998    0 1622   -0.00000  312.61998      -     -    3s
     0     0  312.58546    0 1621   -0.00000  312.58546      -     -    3s
     0     0  312.58527    0 1621   -0.00000  312.58527      -     -    3s
     0     0  309.40411    0 1649   -0.00000  309.40411      -     -    3s
     0     0  309.25081    0 1654   -0.00000  309.25081      -     -    3s
     0     0  309.24626    0 1645   -0.00000  309.24626      -     -    3s
     0     0  307.00440    0 1653   -0.00000  307.00440      -     -    4s
     0     0  306.75161    0 1646   -0.00000  306.75161      -     -    4s
     0     0  306.62475    0 1647   -0.00000  306.62475      -     -    4s
     0     0  306.62404    0 1653   -0.00000  306.62404      -     -    4s
     0     0  305.82183    0 1648   -0.00000  305.82183      -     -    4s
     0     0  305.76034    0 1647   -0.00000  305.76034      -     -    4s
     0     0  305.75731    0 1646   -0.00000  305.75731      -     -    4s
     0     0  304.74125    0 1650   -0.00000  304.74125      -     -    4s
     0     0  304.65196    0 1656   -0.00000  304.65196      -     -    4s
     0     0  304.64498    0 1657   -0.00000  304.64498      -     -    4s
     0     0  303.61963    0 1650   -0.00000  303.61963      -     -    5s
     0     0  303.54310    0 1653   -0.00000  303.54310      -     -    5s
     0     0  303.49139    0 1654   -0.00000  303.49139      -     -    5s
     0     0  303.49053    0 1655   -0.00000  303.49053      -     -    5s
     0     0  302.53731    0 1659   -0.00000  302.53731      -     -    5s
     0     0  302.46239    0 1658   -0.00000  302.46239      -     -    5s
     0     0  302.43753    0 1658   -0.00000  302.43753      -     -    5s
     0     0  302.22581    0 1654   -0.00000  302.22581      -     -    5s
     0     0  302.15906    0 1661   -0.00000  302.15906      -     -    5s
     0     0  302.11917    0 1660   -0.00000  302.11917      -     -    5s
     0     0  302.11770    0 1660   -0.00000  302.11770      -     -    5s
     0     0  301.49006    0 1651   -0.00000  301.49006      -     -    5s
     0     0  301.42387    0 1650   -0.00000  301.42387      -     -    5s
     0     0  301.41637    0 1651   -0.00000  301.41637      -     -    5s
     0     0  300.31778    0 1652   -0.00000  300.31778      -     -    6s
     0     0  300.14754    0 1651   -0.00000  300.14754      -     -    6s
     0     0  300.11923    0 1653   -0.00000  300.11923      -     -    6s
     0     0  300.11882    0 1653   -0.00000  300.11882      -     -    6s
     0     0  299.94178    0 1653   -0.00000  299.94178      -     -    6s
H    0     0                       2.3177570  299.93507      -     -    6s
H    0     0                       5.3177570  299.93507  5540%     -    6s
H    0     0                       5.6355140  299.93507  5222%     -    6s
H    0     0                       6.9065421  299.93507  4243%     -    6s
H    0     0                       7.2242991  299.93507  4052%     -    6s
H    0     0                       7.3177570  299.93507  3999%     -    6s
H    0     0                      16.3177570  299.93507  1738%     -    6s
     0     0  299.88844    0 1656   16.31776  299.88844  1738%     -    6s
     0     0  299.88829    0 1656   16.31776  299.88829  1738%     -    6s
     0     0  299.71546    0 1651   16.31776  299.71546  1737%     -    7s
     0     0  299.69804    0 1665   16.31776  299.69804  1737%     -    7s
     0     0  299.49862    0 1665   16.31776  299.49862  1735%     -    7s
     0     0  299.48723    0 1657   16.31776  299.48723  1735%     -    7s
     0     2  299.48626    0 1656   16.31776  299.48626  1735%     -    8s
    11    16  273.04960    5 1565   16.31776  296.50104  1717%   873   10s
H   27    29                      16.5420561  296.50104  1692%   737   10s
H   82    88                      20.5420561  296.50104  1343%   590   14s
    87    89  214.41331   27 1425   20.54206  296.50104  1343%   585   15s

Cutting planes:
  Cover: 136
  Clique: 3
  MIR: 28
  StrongCG: 2
  GUB cover: 2
  Zero half: 78
  RLT: 79
  Relax-and-lift: 9
  PSD: 1

Explored 88 nodes (64481 simplex iterations) in 15.00 seconds (24.38 work units)
Thread count was 2 (of 4 available processors)

Solution count 10: 20.5421 16.5421 16.3178 ... -2.41585e-13

Time limit reached
Best objective 2.054205607477e+01, best bound 2.964953271028e+02, gap 1343.3576%
Set parameter TimeLimit to value 15
Gurobi Optimizer version 12.0.3 build v12.0.3rc0 (win64 - Windows 10.0 (19045.2))

CPU model: Intel(R) Core(TM) i5-7400 CPU @ 3.00GHz, instruction set [SSE2|AVX|AVX2]
Thread count: 4 physical cores, 4 logical processors, using up to 2 threads

Non-default parameters:
TimeLimit  15
LogToConsole  0
Threads  2

Academic license 2699416 - for non-commercial use only - registered to pa___@id.uff.br
Optimize a model with 3690 rows, 1986 columns and 18267 nonzeros
Model fingerprint: 0x8a5daf61
Variable types: 1 continuous, 1985 integer (1985 binary)
Coefficient statistics:
  Matrix range     [1e+00, 1e+03]
  Objective range  [1e+00, 2e+01]
  Bounds range     [1e+00, 1e+03]
  RHS range        [2e+03, 2e+03]

User MIP start produced solution with objective -5.25802e-13 (0.02s)
Loaded user MIP start with objective -5.25802e-13
MIP start from previous solve did not produce a new incumbent solution

Presolve removed 128 rows and 40 columns
Presolve time: 0.13s
Presolved: 3562 rows, 1946 columns, 17511 nonzeros
Variable types: 0 continuous, 1946 integer (1943 binary)

Root relaxation: objective 3.715565e+02, 4608 iterations, 0.94 seconds (1.06 work units)

    Nodes    |    Current Node    |     Objective Bounds      |     Work
 Expl Unexpl |  Obj  Depth IntInf | Incumbent    BestBd   Gap | It/Node Time

     0     0  371.55654    0 1577   -0.00000  371.55654      -     -    1s
     0     0  307.34543    0 1625   -0.00000  307.34543      -     -    2s
     0     0  305.67241    0 1612   -0.00000  305.67241      -     -    2s
     0     0  305.64086    0 1610   -0.00000  305.64086      -     -    2s
     0     0  305.63912    0 1613   -0.00000  305.63912      -     -    2s
     0     0  295.54932    0 1643   -0.00000  295.54932      -     -    2s
     0     0  294.88105    0 1632   -0.00000  294.88105      -     -    3s
     0     0  294.80596    0 1632   -0.00000  294.80596      -     -    3s
     0     0  294.79055    0 1631   -0.00000  294.79055      -     -    3s
     0     0  291.17046    0 1646   -0.00000  291.17046      -     -    3s
     0     0  291.00878    0 1644   -0.00000  291.00878      -     -    3s
     0     0  290.98713    0 1643   -0.00000  290.98713      -     -    3s
     0     0  290.98568    0 1639   -0.00000  290.98568      -     -    3s
     0     0  288.85840    0 1652   -0.00000  288.85840      -     -    4s
     0     0  288.68607    0 1658   -0.00000  288.68607      -     -    4s
     0     0  288.66533    0 1658   -0.00000  288.66533      -     -    4s
     0     0  287.58787    0 1656   -0.00000  287.58787      -     -    4s
     0     0  287.51831    0 1665   -0.00000  287.51831      -     -    4s
     0     0  287.51063    0 1663   -0.00000  287.51063      -     -    4s
     0     0  286.75628    0 1663   -0.00000  286.75628      -     -    4s
     0     0  286.72434    0 1654   -0.00000  286.72434      -     -    4s
     0     0  286.72105    0 1655   -0.00000  286.72105      -     -    4s
     0     0  286.04544    0 1661   -0.00000  286.04544      -     -    4s
     0     0  285.99063    0 1660   -0.00000  285.99063      -     -    4s
     0     0  285.98512    0 1668   -0.00000  285.98512      -     -    4s
     0     0  285.39902    0 1663   -0.00000  285.39902      -     -    5s
     0     0  285.21693    0 1663   -0.00000  285.21693      -     -    5s
     0     0  285.21426    0 1662   -0.00000  285.21426      -     -    5s
     0     0  284.72093    0 1659   -0.00000  284.72093      -     -    5s
     0     0  284.66436    0 1657   -0.00000  284.66436      -     -    5s
     0     0  284.65459    0 1653   -0.00000  284.65459      -     -    5s
     0     0  284.34646    0 1656   -0.00000  284.34646      -     -    5s
     0     0  284.32566    0 1670   -0.00000  284.32566      -     -    5s
     0     0  284.03511    0 1664   -0.00000  284.03511      -     -    5s
     0     0  284.00430    0 1670   -0.00000  284.00430      -     -    5s
     0     0  284.00228    0 1676   -0.00000  284.00228      -     -    5s
     0     0  283.33489    0 1665   -0.00000  283.33489      -     -    6s
H    0     0                       1.5252525  283.32757      -     -    6s
H    0     0                       8.4747475  283.32757  3243%     -    6s
     0     0  283.23495    0 1669    8.47475  283.23495  3242%     -    6s
     0     0  283.22818    0 1668    8.47475  283.22818  3242%     -    6s
     0     0  283.09042    0 1658    8.47475  283.09042  3240%     -    6s
     0     0  283.07621    0 1661    8.47475  283.07621  3240%     -    6s
     0     0  282.57845    0 1651    8.47475  282.57845  3234%     -    6s
H    0     0                      15.3737374  282.57087  1738%     -    6s
     0     0  282.56362    0 1658   15.37374  282.56362  1738%     -    6s
     0     0  282.35948    0 1653   15.37374  282.35948  1737%     -    6s
     0     0  282.31287    0 1660   15.37374  282.31287  1736%     -    6s
     0     0  282.30844    0 1655   15.37374  282.30844  1736%     -    7s
     0     0  282.24062    0 1661   15.37374  282.24062  1736%     -    7s
     0     0  282.23499    0 1655   15.37374  282.23499  1736%     -    7s
     0     2  282.23499    0 1653   15.37374  282.23499  1736%     -    8s
    15    20  255.20168    5 1607   15.37374  279.06609  1715%   781   10s
    61    64  216.19638   20 1476   15.37374  279.06609  1715%   599   15s

Cutting planes:
  Cover: 139
  Clique: 4
  MIR: 25
  StrongCG: 2
  GUB cover: 2
  Zero half: 73
  RLT: 82
  Relax-and-lift: 10
  PSD: 1

Explored 63 nodes (50880 simplex iterations) in 15.00 seconds (21.23 work units)
Thread count was 2 (of 4 available processors)

Solution count 4: 15.3737 8.47475 1.52525 -5.25802e-13 

Time limit reached
Best objective 1.537373737374e+01, best bound 2.790606060606e+02, gap 1715.1774%
Set parameter TimeLimit to value 0

Gurobi 12.0.3 (win64, Java) logging started Wed Aug 27 13:12:00 2025

Set parameter LogToConsole to value 0
Set parameter WLSAccessID
Set parameter WLSSecret
Set parameter LicenseID to value 2699416
Set parameter TimeLimit to value 15
Set parameter LogFile to value "mip1.log"
Set parameter Threads to value 2
Academic license 2699416 - for non-commercial use only - registered to pa___@id.uff.br
Gurobi Optimizer version 12.0.3 build v12.0.3rc0 (win64 - Windows 10.0 (19045.2))

CPU model: Intel(R) Core(TM) i5-7400 CPU @ 3.00GHz, instruction set [SSE2|AVX|AVX2]
Thread count: 4 physical cores, 4 logical processors, using up to 2 threads

Non-default parameters:
TimeLimit  15
LogToConsole  0
Threads  2

Academic license 2699416 - for non-commercial use only - registered to pa___@id.uff.br
Optimize a model with 2785 rows, 1405 columns and 14364 nonzeros
Model fingerprint: 0xbe633652
Variable types: 1 continuous, 1404 integer (1404 binary)
Coefficient statistics:
  Matrix range     [1e+00, 9e+02]
  Objective range  [9e-01, 3e+01]
  Bounds range     [1e+00, 2e+03]
  RHS range        [2e+03, 2e+03]

User MIP start produced solution with objective -1.32561e-13 (0.01s)
Loaded user MIP start with objective -1.32561e-13

Presolve removed 160 rows and 23 columns
Presolve time: 0.04s
Presolved: 2625 rows, 1382 columns, 13335 nonzeros
Found heuristic solution: objective 5.2800000
Variable types: 0 continuous, 1382 integer (1380 binary)
Found heuristic solution: objective 216.4800000

Root relaxation: objective 1.933048e+03, 2479 iterations, 0.25 seconds (0.24 work units)

    Nodes    |    Current Node    |     Objective Bounds      |     Work
 Expl Unexpl |  Obj  Depth IntInf | Incumbent    BestBd   Gap | It/Node Time

     0     0 1933.04832    0  885  216.48000 1933.04832   793%     -    0s
H    0     0                    1769.3600000 1933.04832  9.25%     -    0s
H    0     0                    1832.0800000 1933.04832  5.51%     -    0s
H    0     0                    1871.5200000 1933.04832  3.29%     -    0s
H    0     0                    1886.4800000 1933.04832  2.47%     -    0s
H    0     0                    1886.6000000 1933.04832  2.46%     -    0s
H    0     0                    1887.4800000 1933.04832  2.41%     -    0s
     0     0 1929.38684    0  879 1887.48000 1929.38684  2.22%     -    0s
H    0     0                    1888.7600000 1929.38609  2.15%     -    0s
H    0     0                    1903.3200000 1929.38609  1.37%     -    0s
     0     0 1929.31008    0  876 1903.32000 1929.31008  1.37%     -    1s
     0     0 1929.30828    0  858 1903.32000 1929.30828  1.37%     -    1s
     0     0 1928.82056    0  884 1903.32000 1928.82056  1.34%     -    1s
     0     0 1928.81253    0  887 1903.32000 1928.81253  1.34%     -    1s
     0     0 1928.56489    0  871 1903.32000 1928.56489  1.33%     -    1s
H    0     0                    1905.0800000 1928.56487  1.23%     -    1s
     0     0 1928.54832    0  882 1905.08000 1928.54832  1.23%     -    2s
     0     0 1928.54799    0  882 1905.08000 1928.54799  1.23%     -    2s
     0     0 1928.50137    0  886 1905.08000 1928.50137  1.23%     -    2s
     0     0 1928.49771    0  884 1905.08000 1928.49771  1.23%     -    2s
     0     0 1928.49498    0  887 1905.08000 1928.49498  1.23%     -    2s
     0     0 1928.44449    0  882 1905.08000 1928.44449  1.23%     -    2s
H    0     0                    1906.8400000 1928.44435  1.13%     -    2s
H    0     0                    1907.7200000 1928.44435  1.09%     -    2s
     0     0 1928.44280    0  875 1907.72000 1928.44280  1.09%     -    2s
     0     0 1928.44229    0  887 1907.72000 1928.44229  1.09%     -    2s
     0     0 1928.44216    0  883 1907.72000 1928.44216  1.09%     -    3s
H    0     0                    1907.7600000 1928.44161  1.08%     -    3s
H    0     0                    1911.8800000 1928.44161  0.87%     -    3s
H    0     0                    1913.0000000 1928.44161  0.81%     -    3s
H    0     0                    1913.8800000 1928.44161  0.76%     -    3s
H    0     0                    1914.7600000 1928.44161  0.71%     -    3s
     0     0 1928.44101    0  882 1914.76000 1928.44101  0.71%     -    3s
H    0     0                    1915.6400000 1928.44101  0.67%     -    3s
H    0     0                    1916.5200000 1928.44101  0.62%     -    3s
H    0     0                    1917.4000000 1928.44101  0.58%     -    3s
H    0     0                    1918.2800000 1928.44101  0.53%     -    3s
     0     2 1928.44101    0  882 1918.28000 1928.44101  0.53%     -    3s
    31    36 1927.23927    9  804 1918.28000 1928.14908  0.51%   339    5s
H   92    94                    1920.0400000 1928.14908  0.42%   233    6s
   360   396 1921.26365  128  510 1920.04000 1928.14908  0.42%   147   10s
H  447   399                    1920.9200000 1928.09824  0.37%   148   10s

Cutting planes:
  Cover: 92
  Clique: 8
  MIR: 11
  StrongCG: 2
  Zero half: 51
  RLT: 30
  Relax-and-lift: 4

Explored 755 nodes (119777 simplex iterations) in 15.01 seconds (22.04 work units)
Thread count was 2 (of 4 available processors)

Solution count 10: 1920.92 1920.04 1918.28 ... 1911.88

Time limit reached
Best objective 1.920920000000e+03, best bound 1.927760000000e+03, gap 0.3561%
Set parameter TimeLimit to value 15
Gurobi Optimizer version 12.0.3 build v12.0.3rc0 (win64 - Windows 10.0 (19045.2))

CPU model: Intel(R) Core(TM) i5-7400 CPU @ 3.00GHz, instruction set [SSE2|AVX|AVX2]
Thread count: 4 physical cores, 4 logical processors, using up to 2 threads

Non-default parameters:
TimeLimit  15
LogToConsole  0
Threads  2

Academic license 2699416 - for non-commercial use only - registered to pa___@id.uff.br
Optimize a model with 2785 rows, 1405 columns and 14364 nonzeros
Model fingerprint: 0xc5a3639f
Variable types: 1 continuous, 1404 integer (1404 binary)
Coefficient statistics:
  Matrix range     [1e+00, 9e+02]
  Objective range  [2e+00, 3e+01]
  Bounds range     [1e+00, 2e+03]
  RHS range        [2e+03, 2e+03]

User MIP start produced solution with objective -5.7554e-13 (0.01s)
Loaded user MIP start with objective -5.7554e-13
MIP start from previous solve did not produce a new incumbent solution

Presolve removed 160 rows and 23 columns
Presolve time: 0.05s
Presolved: 2625 rows, 1382 columns, 13335 nonzeros
Variable types: 0 continuous, 1382 integer (1380 binary)

Root relaxation: objective 2.624867e+02, 2996 iterations, 0.51 seconds (0.41 work units)

    Nodes    |    Current Node    |     Objective Bounds      |     Work
 Expl Unexpl |  Obj  Depth IntInf | Incumbent    BestBd   Gap | It/Node Time

     0     0  262.48667    0 1020   -0.00000  262.48667      -     -    0s
H    0     0                       8.0141844  262.48667  3175%     -    0s
     0     0  208.37338    0 1052    8.01418  208.37338  2500%     -    1s
     0     0  205.11942    0 1065    8.01418  205.11942  2459%     -    1s
     0     0  204.84363    0 1066    8.01418  204.84363  2456%     -    1s
     0     0  204.79521    0 1062    8.01418  204.79521  2455%     -    1s
     0     0  204.78604    0 1064    8.01418  204.78604  2455%     -    1s
     0     0  200.07553    0 1040    8.01418  200.07553  2397%     -    1s
     0     0  199.70757    0 1023    8.01418  199.70757  2392%     -    1s
     0     0  199.64823    0 1025    8.01418  199.64823  2391%     -    1s
     0     0  199.64364    0 1028    8.01418  199.64364  2391%     -    1s
     0     0  197.38786    0 1066    8.01418  197.38786  2363%     -    2s
     0     0  197.27525    0 1068    8.01418  197.27525  2362%     -    2s
     0     0  197.20709    0 1067    8.01418  197.20709  2361%     -    2s
     0     0  197.20454    0 1067    8.01418  197.20454  2361%     -    2s
     0     0  196.19649    0 1054    8.01418  196.19649  2348%     -    2s
     0     0  196.08947    0 1043    8.01418  196.08947  2347%     -    2s
     0     0  196.07750    0 1047    8.01418  196.07750  2347%     -    2s
     0     0  195.85000    0 1067    8.01418  195.85000  2344%     -    2s
     0     0  195.75676    0 1061    8.01418  195.75676  2343%     -    3s
     0     0  195.74660    0 1051    8.01418  195.74660  2343%     -    3s
     0     0  195.65909    0 1065    8.01418  195.65909  2341%     -    3s
H    0     0                      17.5248227  195.65723  1016%     -    3s
H    0     0                      18.5390071  195.65723   955%     -    3s
H    0     0                      18.5531915  195.65723   955%     -    3s
H    0     0                      21.0638298  195.65723   829%     -    3s
     0     0  195.65572    0 1065   21.06383  195.65572   829%     -    3s
     0     0  195.44121    0 1056   21.06383  195.44121   828%     -    3s
     0     0  195.42879    0 1060   21.06383  195.42879   828%     -    3s
     0     0  195.27898    0 1054   21.06383  195.27898   827%     -    4s
H    0     0                      22.0851064  195.27865   784%     -    4s
H    0     0                      25.5815603  195.27865   663%     -    4s
H    0     0                      26.0851064  195.27865   649%     -    4s
H    0     0                      26.5744681  195.27865   635%     -    4s
H    0     0                      30.5744681  195.27865   539%     -    4s
H    0     0                      32.5815603  195.27865   499%     -    4s
     0     0  195.26131    0 1050   32.58156  195.26131   499%     -    4s
     0     0  195.26113    0 1053   32.58156  195.26113   499%     -    4s
     0     0  195.26022    0 1053   32.58156  195.26022   499%     -    4s
     0     2  195.25521    0 1053   32.58156  195.25521   499%     -    5s
H   29    33                      35.0851064  192.10124   448%   360    6s
H   57    59                      51.1985816  192.10124   275%   349    7s
H   83    88                      51.7021277  192.10124   272%   313    7s
H   84    88                      53.2056738  192.10124   261%   312    7s
H  118   122                      54.7021277  192.10124   251%   280    8s
H  118   122                      57.2056738  192.10124   236%   280    8s
H  149   151                      59.7163121  192.10124   222%   263    8s
H  150   164                      63.7092199  192.10124   202%   262    9s
H  156   164                      65.7092199  192.10124   192%   257    9s
H  180   182                      70.7092199  192.10124   172%   237    9s
H  183   200                      74.7092199  192.10124   157%   234    9s
   213   228  110.93442   73  758   74.70922  192.10124   157%   218   10s
H  323   332                      75.2056738  192.10124   155%   189   11s
H  407   402                      77.1985816  190.28392   146%   179   12s
H  439   439                      78.2056738  190.28392   143%   176   13s
   531   534  118.24657   67  675   78.20567  189.28721   142%   176   15s

Cutting planes:
  Gomory: 1
  Cover: 114
  Clique: 8
  MIR: 14
  StrongCG: 1
  Zero half: 30
  RLT: 64
  Relax-and-lift: 6
  BQP: 1

Explored 549 nodes (102009 simplex iterations) in 15.00 seconds (21.73 work units)
Thread count was 2 (of 4 available processors)

Solution count 10: 78.2057 77.1986 75.2057 ... 54.7021

Time limit reached
Best objective 7.820567375886e+01, best bound 1.892836879433e+02, gap 142.0332%
Set parameter TimeLimit to value 15
Gurobi Optimizer version 12.0.3 build v12.0.3rc0 (win64 - Windows 10.0 (19045.2))

CPU model: Intel(R) Core(TM) i5-7400 CPU @ 3.00GHz, instruction set [SSE2|AVX|AVX2]
Thread count: 4 physical cores, 4 logical processors, using up to 2 threads

Non-default parameters:
TimeLimit  15
LogToConsole  0
Threads  2

Academic license 2699416 - for non-commercial use only - registered to pa___@id.uff.br
Optimize a model with 2785 rows, 1405 columns and 14364 nonzeros
Model fingerprint: 0x594295e8
Variable types: 1 continuous, 1404 integer (1404 binary)
Coefficient statistics:
  Matrix range     [1e+00, 9e+02]
  Objective range  [2e+00, 3e+01]
  Bounds range     [1e+00, 2e+03]
  RHS range        [2e+03, 2e+03]

User MIP start produced solution with objective -2.52243e-13 (0.01s)
Loaded user MIP start with objective -2.52243e-13
MIP start from previous solve did not produce a new incumbent solution

Presolve removed 160 rows and 23 columns
Presolve time: 0.06s
Presolved: 2625 rows, 1382 columns, 13335 nonzeros
Variable types: 0 continuous, 1382 integer (1380 binary)

Root relaxation: objective 1.932196e+02, 3008 iterations, 0.48 seconds (0.40 work units)

    Nodes    |    Current Node    |     Objective Bounds      |     Work
 Expl Unexpl |  Obj  Depth IntInf | Incumbent    BestBd   Gap | It/Node Time

     0     0  193.21959    0 1034   -0.00000  193.21959      -     -    0s
     0     0  144.80727    0 1059   -0.00000  144.80727      -     -    1s
     0     0  143.22817    0 1053   -0.00000  143.22817      -     -    1s
     0     0  143.22446    0 1063   -0.00000  143.22446      -     -    1s
     0     0  135.87367    0 1102   -0.00000  135.87367      -     -    1s
H    0     0                       1.5542169  135.83779  8640%     -    1s
H    0     0                       4.5542169  135.83779  2883%     -    1s
     0     0  134.89512    0 1090    4.55422  134.89512  2862%     -    1s
     0     0  134.82739    0 1097    4.55422  134.82739  2860%     -    1s
     0     0  134.82583    0 1097    4.55422  134.82583  2860%     -    1s
     0     0  131.04127    0 1093    4.55422  131.04127  2777%     -    2s
     0     0  130.84148    0 1083    4.55422  130.84148  2773%     -    2s
     0     0  130.83991    0 1078    4.55422  130.83991  2773%     -    2s
     0     0  129.78119    0 1083    4.55422  129.78119  2750%     -    2s
     0     0  129.50845    0 1089    4.55422  129.50845  2744%     -    2s
     0     0  129.44357    0 1087    4.55422  129.44357  2742%     -    2s
     0     0  129.44165    0 1085    4.55422  129.44165  2742%     -    2s
     0     0  129.17878    0 1087    4.55422  129.17878  2736%     -    3s
     0     0  129.05549    0 1068    4.55422  129.05549  2734%     -    3s
     0     0  129.03689    0 1079    4.55422  129.03689  2733%     -    3s
     0     0  129.03380    0 1085    4.55422  129.03380  2733%     -    3s
     0     0  128.88564    0 1090    4.55422  128.88564  2730%     -    3s
     0     0  128.85030    0 1092    4.55422  128.85030  2729%     -    3s
     0     0  128.84664    0 1087    4.55422  128.84664  2729%     -    3s
     0     0  128.73134    0 1096    4.55422  128.73134  2727%     -    3s
     0     0  128.68643    0 1085    4.55422  128.68643  2726%     -    3s
     0     0  128.67400    0 1087    4.55422  128.67400  2725%     -    3s
     0     0  128.56283    0 1096    4.55422  128.56283  2723%     -    3s
     0     0  128.54688    0 1096    4.55422  128.54688  2723%     -    3s
H    0     0                       8.3373494  128.52776  1442%     -    4s
H    0     0                       9.7831325  128.52776  1214%     -    4s
H    0     2                      10.2289157  128.52776  1157%     -    4s
     0     2  128.52776    0 1096   10.22892  128.52776  1157%     -    4s
     1     4  124.66732    1 1083   10.22892  128.52776  1157%   471    5s
H   74    77                      18.3614458  124.60717   579%   343    7s
H  180   182                      18.4698795  124.60717   575%   255    9s
   192   209   49.06268   60  778   18.46988  124.60717   575%   250   10s
H  208   224                      19.3614458  124.60717   544%   243   10s
H  279   270                      21.9156627  122.09938   457%   237   11s
H  315   295                      22.4698795  118.35083   427%   248   12s
H  347   327                      23.0240964  118.35083   414%   254   14s
   396   373   57.32584   34  732   23.02410  118.35083   414%   246   15s

Cutting planes:
  Gomory: 2
  Cover: 123
  Clique: 7
  MIR: 15
  GUB cover: 1
  Zero half: 31
  RLT: 81
  Relax-and-lift: 6
  BQP: 2
  PSD: 2

Explored 400 nodes (105961 simplex iterations) in 15.00 seconds (21.03 work units)
Thread count was 2 (of 4 available processors)

Solution count 10: 23.0241 22.4699 21.9157 ... 4.55422

Time limit reached
Best objective 2.302409638554e+01, best bound 1.183493975904e+02, gap 414.0241%
Set parameter TimeLimit to value 15
Gurobi Optimizer version 12.0.3 build v12.0.3rc0 (win64 - Windows 10.0 (19045.2))

CPU model: Intel(R) Core(TM) i5-7400 CPU @ 3.00GHz, instruction set [SSE2|AVX|AVX2]
Thread count: 4 physical cores, 4 logical processors, using up to 2 threads

Non-default parameters:
TimeLimit  15
LogToConsole  0
Threads  2

Academic license 2699416 - for non-commercial use only - registered to pa___@id.uff.br
Optimize a model with 2785 rows, 1405 columns and 14364 nonzeros
Model fingerprint: 0x88616736
Variable types: 1 continuous, 1404 integer (1404 binary)
Coefficient statistics:
  Matrix range     [1e+00, 9e+02]
  Objective range  [2e+00, 3e+01]
  Bounds range     [1e+00, 2e+03]
  RHS range        [2e+03, 2e+03]

User MIP start produced solution with objective 7.10543e-14 (0.01s)
Loaded user MIP start with objective 7.10543e-14
MIP start from previous solve did not produce a new incumbent solution

Presolve removed 160 rows and 23 columns
Presolve time: 0.04s
Presolved: 2625 rows, 1382 columns, 13335 nonzeros
Variable types: 0 continuous, 1382 integer (1380 binary)

Root relaxation: objective 1.702866e+02, 2948 iterations, 0.45 seconds (0.40 work units)

    Nodes    |    Current Node    |     Objective Bounds      |     Work
 Expl Unexpl |  Obj  Depth IntInf | Incumbent    BestBd   Gap | It/Node Time

     0     0  170.28660    0 1025    0.00000  170.28660      -     -    0s
     0     0  124.69154    0 1084    0.00000  124.69154      -     -    1s
     0     0  123.08288    0 1081    0.00000  123.08288      -     -    1s
     0     0  123.04120    0 1068    0.00000  123.04120      -     -    1s
     0     0  122.98148    0 1082    0.00000  122.98148      -     -    1s
     0     0  122.97991    0 1079    0.00000  122.97991      -     -    1s
     0     0  114.34005    0 1089    0.00000  114.34005      -     -    1s
     0     0  113.28315    0 1100    0.00000  113.28315      -     -    1s
     0     0  113.14744    0 1094    0.00000  113.14744      -     -    1s
     0     0  113.14349    0 1094    0.00000  113.14349      -     -    1s
     0     0  110.88793    0 1096    0.00000  110.88793      -     -    2s
     0     0  110.76719    0 1100    0.00000  110.76719      -     -    2s
     0     0  110.69092    0 1110    0.00000  110.69092      -     -    2s
     0     0  110.68435    0 1104    0.00000  110.68435      -     -    2s
     0     0  110.26365    0 1109    0.00000  110.26365      -     -    2s
     0     0  110.25346    0 1100    0.00000  110.25346      -     -    2s
     0     0  110.15649    0 1093    0.00000  110.15649      -     -    3s
     0     0  110.07807    0 1094    0.00000  110.07807      -     -    3s
     0     0  110.04130    0 1093    0.00000  110.04130      -     -    3s
     0     0  110.02511    0 1093    0.00000  110.02511      -     -    3s
     0     2  110.02511    0 1093    0.00000  110.02511      -     -    4s
     7    12   90.28259    4 1089    0.00000  107.33647      -   703    5s
H   64    67                       1.0000000  107.33647      -   455    7s
H   65    67                       4.4000000  107.33647  2339%   450    7s
H   66    73                       7.4000000  107.33647  1350%   445    7s
   173   184   13.57435   55  872    7.40000  107.33647  1350%   311   10s
   456   407   70.58042   10 1020    7.40000  103.97518  1305%   258   15s

Cutting planes:
  Gomory: 2
  Cover: 111
  Clique: 9
  MIR: 16
  StrongCG: 2
  Zero half: 32
  RLT: 88
  Relax-and-lift: 6
  BQP: 1

Explored 458 nodes (125575 simplex iterations) in 15.00 seconds (23.88 work units)
Thread count was 2 (of 4 available processors)

Solution count 4: 7.4 4.4 1 7.10543e-14 

Time limit reached
Best objective 7.400000000000e+00, best bound 1.038000000000e+02, gap 1302.7027%
Set parameter TimeLimit to value 0

Gurobi 12.0.3 (win64, Java) logging started Wed Aug 27 13:13:01 2025

Set parameter LogToConsole to value 0
Set parameter WLSAccessID
Set parameter WLSSecret
Set parameter LicenseID to value 2699416
Set parameter TimeLimit to value 15
Set parameter LogFile to value "mip1.log"
Set parameter Threads to value 2
Academic license 2699416 - for non-commercial use only - registered to pa___@id.uff.br
Gurobi Optimizer version 12.0.3 build v12.0.3rc0 (win64 - Windows 10.0 (19045.2))

CPU model: Intel(R) Core(TM) i5-7400 CPU @ 3.00GHz, instruction set [SSE2|AVX|AVX2]
Thread count: 4 physical cores, 4 logical processors, using up to 2 threads

Non-default parameters:
TimeLimit  15
LogToConsole  0
Threads  2

Academic license 2699416 - for non-commercial use only - registered to pa___@id.uff.br
Optimize a model with 338 rows, 476 columns and 1978 nonzeros
Model fingerprint: 0x28bb738e
Variable types: 1 continuous, 475 integer (475 binary)
Coefficient statistics:
  Matrix range     [1e+00, 1e+02]
  Objective range  [1e-01, 3e+01]
  Bounds range     [1e+00, 1e+02]
  RHS range        [2e+02, 2e+02]

User MIP start produced solution with objective -6.55032e-15 (0.00s)
Loaded user MIP start with objective -6.55032e-15

Presolve removed 18 rows and 72 columns
Presolve time: 0.01s
Presolved: 320 rows, 404 columns, 1806 nonzeros
Found heuristic solution: objective 7.3684211
Variable types: 0 continuous, 404 integer (403 binary)
Found heuristic solution: objective 33.3684211

Root relaxation: objective 1.744451e+02, 306 iterations, 0.01 seconds (0.00 work units)

    Nodes    |    Current Node    |     Objective Bounds      |     Work
 Expl Unexpl |  Obj  Depth IntInf | Incumbent    BestBd   Gap | It/Node Time

     0     0  174.44508    0   98   33.36842  174.44508   423%     -    0s
H    0     0                     141.7368421  174.44508  23.1%     -    0s
H    0     0                     149.2105263  174.44508  16.9%     -    0s
H    0     0                     151.2631579  174.44508  15.3%     -    0s
H    0     0                     172.8947368  174.44508  0.90%     -    0s
     0     0  174.26211    0  141  172.89474  174.26211  0.79%     -    0s
H    0     0                     173.7368421  174.26106  0.30%     -    0s
     0     0  174.23759    0  136  173.73684  174.23759  0.29%     -    0s
     0     0  174.22093    0   88  173.73684  174.22093  0.28%     -    0s
     0     0  174.20638    0  119  173.73684  174.20638  0.27%     -    0s
     0     0  174.20464    0  114  173.73684  174.20464  0.27%     -    0s
     0     0  174.19378    0  111  173.73684  174.19378  0.26%     -    0s
H    0     0                     173.8421053  174.19361  0.20%     -    0s
     0     0  174.19036    0   98  173.84211  174.19036  0.20%     -    0s
     0     0  174.18717    0  132  173.84211  174.18717  0.20%     -    0s
     0     0  174.18503    0  132  173.84211  174.18503  0.20%     -    0s
     0     0  174.18503    0  128  173.84211  174.18503  0.20%     -    0s
H    0     0                     173.9473684  174.18503  0.14%     -    0s
     0     0  174.18503    0  128  173.94737  174.18503  0.14%     -    0s
     0     0  174.18503    0  128  173.94737  174.18503  0.14%     -    0s
     0     0  174.18481    0  126  173.94737  174.18481  0.14%     -    0s
H    0     0                     174.0526316  174.18476  0.08%     -    0s
     0     0  174.18473    0   75  174.05263  174.18473  0.08%     -    0s
     0     0  174.18473    0  114  174.05263  174.18473  0.08%     -    0s
     0     0  174.18473    0  134  174.05263  174.18473  0.08%     -    0s
     0     0  174.18473    0  125  174.05263  174.18473  0.08%     -    0s
     0     0  174.18412    0  114  174.05263  174.18412  0.08%     -    0s
     0     0  174.18176    0  107  174.05263  174.18176  0.07%     -    0s
     0     0  174.18126    0  112  174.05263  174.18126  0.07%     -    0s
     0     0  174.18064    0  114  174.05263  174.18064  0.07%     -    0s
     0     0  174.18054    0  114  174.05263  174.18054  0.07%     -    0s
     0     0  174.18054    0  115  174.05263  174.18054  0.07%     -    0s
     0     0  174.17742    0  115  174.05263  174.17742  0.07%     -    0s
     0     2  174.17742    0  115  174.05263  174.17742  0.07%     -    0s

Cutting planes:
  Cover: 17
  MIR: 12
  Zero half: 13
  RLT: 1
  Relax-and-lift: 1

Explored 151 nodes (4030 simplex iterations) in 0.51 seconds (0.23 work units)
Thread count was 2 (of 4 available processors)

Solution count 10: 174.053 173.947 173.842 ... 7.36842

Optimal solution found (tolerance 1.00e-04)
Best objective 1.740526315789e+02, best bound 1.740526315789e+02, gap 0.0000%
Set parameter TimeLimit to value 15
Gurobi Optimizer version 12.0.3 build v12.0.3rc0 (win64 - Windows 10.0 (19045.2))

CPU model: Intel(R) Core(TM) i5-7400 CPU @ 3.00GHz, instruction set [SSE2|AVX|AVX2]
Thread count: 4 physical cores, 4 logical processors, using up to 2 threads

Non-default parameters:
TimeLimit  15
LogToConsole  0
Threads  2

Academic license 2699416 - for non-commercial use only - registered to pa___@id.uff.br
Optimize a model with 338 rows, 476 columns and 1978 nonzeros
Model fingerprint: 0xfd58baea
Variable types: 1 continuous, 475 integer (475 binary)
Coefficient statistics:
  Matrix range     [1e+00, 1e+02]
  Objective range  [2e+00, 3e+01]
  Bounds range     [1e+00, 1e+02]
  RHS range        [2e+02, 2e+02]

User MIP start produced solution with objective 1.59872e-14 (0.00s)
Loaded user MIP start with objective 1.59872e-14
MIP start from previous solve did not produce a new incumbent solution

Presolve removed 18 rows and 72 columns
Presolve time: 0.01s
Presolved: 320 rows, 404 columns, 1806 nonzeros
Variable types: 0 continuous, 404 integer (403 binary)

Root relaxation: objective 3.640414e+01, 150 iterations, 0.00 seconds (0.00 work units)

    Nodes    |    Current Node    |     Objective Bounds      |     Work
 Expl Unexpl |  Obj  Depth IntInf | Incumbent    BestBd   Gap | It/Node Time

     0     0   36.40414    0   15    0.00000   36.40414      -     -    0s
H    0     0                       5.8571429   36.40414   522%     -    0s
H    0     0                       9.1428571   36.40414   298%     -    0s
H    0     0                      22.1428571   36.40414  64.4%     -    0s
H    0     0                      26.1428571   36.40414  39.3%     -    0s
H    0     0                      27.4642857   36.40414  32.6%     -    0s
     0     0 infeasible    0        27.46429   27.46429  0.00%     -    0s

Cutting planes:
  Gomory: 3
  Cover: 8
  Clique: 1
  MIR: 2
  RLT: 2
  Relax-and-lift: 1

Explored 1 nodes (191 simplex iterations) in 0.03 seconds (0.01 work units)
Thread count was 2 (of 4 available processors)

Solution count 6: 27.4643 26.1429 22.1429 ... 1.59872e-14

Optimal solution found (tolerance 1.00e-04)
Best objective 2.746428571429e+01, best bound 2.746428571429e+01, gap 0.0000%
Set parameter TimeLimit to value 15
Gurobi Optimizer version 12.0.3 build v12.0.3rc0 (win64 - Windows 10.0 (19045.2))

CPU model: Intel(R) Core(TM) i5-7400 CPU @ 3.00GHz, instruction set [SSE2|AVX|AVX2]
Thread count: 4 physical cores, 4 logical processors, using up to 2 threads

Non-default parameters:
TimeLimit  15
LogToConsole  0
Threads  2

Academic license 2699416 - for non-commercial use only - registered to pa___@id.uff.br
Optimize a model with 338 rows, 476 columns and 1978 nonzeros
Model fingerprint: 0x295de09d
Variable types: 1 continuous, 475 integer (475 binary)
Coefficient statistics:
  Matrix range     [1e+00, 1e+02]
  Objective range  [2e+00, 3e+01]
  Bounds range     [1e+00, 1e+02]
  RHS range        [2e+02, 2e+02]

User MIP start produced solution with objective -0 (0.00s)
Loaded user MIP start with objective -0
MIP start from previous solve did not produce a new incumbent solution

Presolve removed 18 rows and 72 columns
Presolve time: 0.01s
Presolved: 320 rows, 404 columns, 1806 nonzeros
Variable types: 0 continuous, 404 integer (403 binary)

Root relaxation: objective 1.963408e+01, 75 iterations, 0.00 seconds (0.00 work units)

    Nodes    |    Current Node    |     Objective Bounds      |     Work
 Expl Unexpl |  Obj  Depth IntInf | Incumbent    BestBd   Gap | It/Node Time

     0     0   19.63408    0   22   -0.00000   19.63408      -     -    0s
H    0     0                       0.7272727   19.63408  2600%     -    0s
H    0     0                       1.9090909   19.63408   928%     -    0s
H    0     0                       6.0909091   19.63408   222%     -    0s
     0     0   14.67907    0   30    6.09091   14.67907   141%     -    0s
H    0     0                       9.7272727   14.42586  48.3%     -    0s
     0     0   13.70123    0   26    9.72727   13.70123  40.9%     -    0s
     0     0   13.62077    0   26    9.72727   13.62077  40.0%     -    0s
     0     0   13.60737    0   26    9.72727   13.60737  39.9%     -    0s
     0     0   13.60490    0   26    9.72727   13.60490  39.9%     -    0s
     0     0   12.71622    0   28    9.72727   12.71622  30.7%     -    0s
     0     0   12.71622    0    7    9.72727   12.71622  30.7%     -    0s
     0     0   12.71622    0   19    9.72727   12.71622  30.7%     -    0s
     0     0   11.78632    0   18    9.72727   11.78632  21.2%     -    0s
     0     0     cutoff    0         9.72727    9.72727  0.00%     -    0s

Cutting planes:
  Gomory: 1
  Cover: 4
  Implied bound: 2
  Clique: 4
  MIR: 3
  GUB cover: 1
  Zero half: 1
  RLT: 1
  Relax-and-lift: 2

Explored 1 nodes (217 simplex iterations) in 0.07 seconds (0.02 work units)
Thread count was 2 (of 4 available processors)

Solution count 7: 9.72727 6.09091 2.09091 ... -2.09091

Optimal solution found (tolerance 1.00e-04)
Best objective 9.727272727273e+00, best bound 9.727272727273e+00, gap 0.0000%
Set parameter TimeLimit to value 15
Gurobi Optimizer version 12.0.3 build v12.0.3rc0 (win64 - Windows 10.0 (19045.2))

CPU model: Intel(R) Core(TM) i5-7400 CPU @ 3.00GHz, instruction set [SSE2|AVX|AVX2]
Thread count: 4 physical cores, 4 logical processors, using up to 2 threads

Non-default parameters:
TimeLimit  15
LogToConsole  0
Threads  2

Academic license 2699416 - for non-commercial use only - registered to pa___@id.uff.br
Optimize a model with 338 rows, 476 columns and 1978 nonzeros
Model fingerprint: 0x2a9d841e
Variable types: 1 continuous, 475 integer (475 binary)
Coefficient statistics:
  Matrix range     [1e+00, 1e+02]
  Objective range  [2e+00, 3e+01]
  Bounds range     [1e+00, 1e+02]
  RHS range        [2e+02, 2e+02]

User MIP start produced solution with objective -0 (0.00s)
Loaded user MIP start with objective -0
MIP start from previous solve did not produce a new incumbent solution

Presolve removed 18 rows and 72 columns
Presolve time: 0.01s
Presolved: 320 rows, 404 columns, 1806 nonzeros
Variable types: 0 continuous, 404 integer (403 binary)

Root relaxation: objective 1.389140e+01, 48 iterations, 0.00 seconds (0.00 work units)

    Nodes    |    Current Node    |     Objective Bounds      |     Work
 Expl Unexpl |  Obj  Depth IntInf | Incumbent    BestBd   Gap | It/Node Time

     0     0   13.89140    0   21   -0.00000   13.89140      -     -    0s
     0     0    8.51044    0   28   -0.00000    8.51044      -     -    0s
     0     0    7.65625    0   14   -0.00000    7.65625      -     -    0s
     0     0    6.43069    0   28   -0.00000    6.43069      -     -    0s
     0     0    6.43069    0   20   -0.00000    6.43069      -     -    0s
     0     0    6.43069    0   20   -0.00000    6.43069      -     -    0s
     0     0    6.16277    0   32   -0.00000    6.16277      -     -    0s
     0     0    6.01340    0   28   -0.00000    6.01340      -     -    0s
     0     0    6.01203    0   26   -0.00000    6.01203      -     -    0s
     0     0    6.00771    0   26   -0.00000    6.00771      -     -    0s
     0     0    4.29717    0   25   -0.00000    4.29717      -     -    0s
     0     0    4.29717    0   23   -0.00000    4.29717      -     -    0s
     0     0    4.29717    0   23   -0.00000    4.29717      -     -    0s
     0     0    4.29717    0   23   -0.00000    4.29717      -     -    0s
     0     0    4.29717    0   24   -0.00000    4.29717      -     -    0s
     0     0    4.29717    0   24   -0.00000    4.29717      -     -    0s
     0     0    4.00534    0   19   -0.00000    4.00534      -     -    0s
     0     0    3.78197    0   22   -0.00000    3.78197      -     -    0s
     0     0    3.78197    0   27   -0.00000    3.78197      -     -    0s
     0     0    3.77010    0   29   -0.00000    3.77010      -     -    0s
     0     0    3.52367    0   24   -0.00000    3.52367      -     -    0s
     0     0    3.23770    0   26   -0.00000    3.23770      -     -    0s
     0     0    3.23770    0   28   -0.00000    3.23770      -     -    0s
     0     0    3.23770    0   28   -0.00000    3.23770      -     -    0s
     0     0    3.23770    0   29   -0.00000    3.23770      -     -    0s
     0     0    3.23770    0   29   -0.00000    3.23770      -     -    0s
     0     2    3.23770    0   29   -0.00000    3.23770      -     -    0s

Cutting planes:
  Gomory: 1
  Cover: 5
  Clique: 1
  MIR: 4
  StrongCG: 2
  RLT: 2
  Relax-and-lift: 2

Explored 7 nodes (390 simplex iterations) in 0.11 seconds (0.04 work units)
Thread count was 2 (of 4 available processors)

Solution count 1: -0 
No other solutions better than -0

Optimal solution found (tolerance 1.00e-04)
Best objective -0.000000000000e+00, best bound -0.000000000000e+00, gap 0.0000%

Gurobi 12.0.3 (win64, Java) logging started Wed Aug 27 13:13:02 2025

Set parameter LogToConsole to value 0
Set parameter WLSAccessID
Set parameter WLSSecret
Set parameter LicenseID to value 2699416
Set parameter TimeLimit to value 15
Set parameter LogFile to value "mip1.log"
Set parameter Threads to value 2
Academic license 2699416 - for non-commercial use only - registered to pa___@id.uff.br
Gurobi Optimizer version 12.0.3 build v12.0.3rc0 (win64 - Windows 10.0 (19045.2))

CPU model: Intel(R) Core(TM) i5-7400 CPU @ 3.00GHz, instruction set [SSE2|AVX|AVX2]
Thread count: 4 physical cores, 4 logical processors, using up to 2 threads

Non-default parameters:
TimeLimit  15
LogToConsole  0
Threads  2

Academic license 2699416 - for non-commercial use only - registered to pa___@id.uff.br
Optimize a model with 7526 rows, 8789 columns and 38941 nonzeros
Model fingerprint: 0x933dd082
Variable types: 1 continuous, 8788 integer (8788 binary)
Coefficient statistics:
  Matrix range     [1e+00, 8e+02]
  Objective range  [1e+00, 2e+01]
  Bounds range     [1e+00, 3e+03]
  RHS range        [5e+03, 5e+03]

User MIP start produced solution with objective -6.10179e-13 (0.02s)
Loaded user MIP start with objective -6.10179e-13

Presolve removed 49 rows and 888 columns
Presolve time: 0.14s
Presolved: 7477 rows, 7901 columns, 36990 nonzeros
Found heuristic solution: objective 3113.2179177
Variable types: 0 continuous, 7901 integer (7469 binary)
Found heuristic solution: objective 3259.4648910

Root relaxation: objective 4.358739e+03, 11965 iterations, 1.44 seconds (1.80 work units)

    Nodes    |    Current Node    |     Objective Bounds      |     Work
 Expl Unexpl |  Obj  Depth IntInf | Incumbent    BestBd   Gap | It/Node Time

     0     0 4358.73918    0 3920 3259.46489 4358.73918  33.7%     -    1s
H    0     0                    3936.5108959 4358.73918  10.7%     -    1s
H    0     0                    4104.0411622 4358.73918  6.21%     -    1s
H    0     0                    4213.7263923 4358.73918  3.44%     -    1s
H    0     0                    4261.2566586 4358.73918  2.29%     -    1s
     0     0 4349.75319    0 4455 4261.25666 4349.75319  2.08%     -    4s
H    0     0                    4268.5690073 4349.75091  1.90%     -    4s
     0     0 4349.36959    0 4438 4268.56901 4349.36959  1.89%     -    4s
     0     0 4349.34453    0 4422 4268.56901 4349.34453  1.89%     -    5s
     0     0 4349.34149    0 4421 4268.56901 4349.34149  1.89%     -    5s
     0     0 4349.34147    0 4422 4268.56901 4349.34147  1.89%     -    5s
     0     0 4348.13356    0 4295 4268.56901 4348.13356  1.86%     -    7s
     0     0 4347.97630    0 4324 4268.56901 4347.97630  1.86%     -    7s
     0     0 4347.91331    0 4363 4268.56901 4347.91331  1.86%     -    7s
     0     0 4347.90203    0 4409 4268.56901 4347.90203  1.86%     -    7s
     0     0 4347.89702    0 4333 4268.56901 4347.89702  1.86%     -    7s
     0     0 4347.89545    0 4373 4268.56901 4347.89545  1.86%     -    7s
     0     0 4347.59761    0 4392 4268.56901 4347.59761  1.85%     -    8s
H    0     0                    4272.2251816 4347.59627  1.76%     -    8s
     0     0 4347.54249    0 4349 4272.22518 4347.54249  1.76%     -    8s
     0     0 4347.52089    0 4364 4272.22518 4347.52089  1.76%     -    8s
     0     0 4347.51762    0 4328 4272.22518 4347.51762  1.76%     -    8s
     0     0 4347.51589    0 4367 4272.22518 4347.51589  1.76%     -    8s
     0     0 4347.46676    0 4353 4272.22518 4347.46676  1.76%     -    9s
     0     0 4347.44327    0 4395 4272.22518 4347.44327  1.76%     -    9s
     0     0 4347.43450    0 4389 4272.22518 4347.43450  1.76%     -    9s
     0     0 4347.43364    0 4363 4272.22518 4347.43364  1.76%     -    9s
     0     0 4347.35191    0 4331 4272.22518 4347.35191  1.76%     -   10s
     0     0 4347.34831    0 4358 4272.22518 4347.34831  1.76%     -   10s
     0     0 4347.34768    0 4372 4272.22518 4347.34768  1.76%     -   10s
     0     0 4347.32449    0 4577 4272.22518 4347.32449  1.76%     -   10s
H    0     0                    4323.4116223 4347.32214  0.55%     -   11s
H    0     0                    4327.0677966 4347.32214  0.47%     -   11s
H    0     0                    4330.7239709 4347.32214  0.38%     -   11s
     0     0 4347.31385    0 4532 4330.72397 4347.31385  0.38%     -   11s
     0     0 4347.31282    0 4589 4330.72397 4347.31282  0.38%     -   11s
     0     0 4347.22994    0 4595 4330.72397 4347.22994  0.38%     -   12s
     0     0 4347.22513    0 4617 4330.72397 4347.22513  0.38%     -   12s
     0     0 4347.22237    0 4620 4330.72397 4347.22237  0.38%     -   12s
     0     0 4347.16336    0 4601 4330.72397 4347.16336  0.38%     -   12s
     0     0 4347.15934    0 4406 4330.72397 4347.15934  0.38%     -   13s
     0     0 4347.15896    0 4409 4330.72397 4347.15896  0.38%     -   13s
     0     0 4347.13317    0 4381 4330.72397 4347.13317  0.38%     -   13s
     0     0 4347.13091    0 4412 4330.72397 4347.13091  0.38%     -   13s
     0     0 4347.09784    0 4589 4330.72397 4347.09784  0.38%     -   13s
     0     0 4347.09763    0 4580 4330.72397 4347.09763  0.38%     -   14s
H    0     0                    4334.3801453 4347.09763  0.29%     -   14s
     0     2 4347.09763    0 4580 4334.38015 4347.09763  0.29%     -   14s

Cutting planes:
  Gomory: 2
  Cover: 189
  Implied bound: 4
  Clique: 7
  MIR: 141
  StrongCG: 7
  Zero half: 52
  RLT: 212
  Relax-and-lift: 35

Explored 1 nodes (29187 simplex iterations) in 15.00 seconds (19.65 work units)
Thread count was 2 (of 4 available processors)

Solution count 10: 4334.38 4330.72 4327.07 ... 3936.51

Time limit reached
Best objective 4.334380145278e+03, best bound 4.347097629443e+03, gap 0.2934%
Set parameter TimeLimit to value 15
Gurobi Optimizer version 12.0.3 build v12.0.3rc0 (win64 - Windows 10.0 (19045.2))

CPU model: Intel(R) Core(TM) i5-7400 CPU @ 3.00GHz, instruction set [SSE2|AVX|AVX2]
Thread count: 4 physical cores, 4 logical processors, using up to 2 threads

Non-default parameters:
TimeLimit  15
LogToConsole  0
Threads  2

Academic license 2699416 - for non-commercial use only - registered to pa___@id.uff.br
Optimize a model with 7526 rows, 8789 columns and 38941 nonzeros
Model fingerprint: 0x1edc0b08
Variable types: 1 continuous, 8788 integer (8788 binary)
Coefficient statistics:
  Matrix range     [1e+00, 8e+02]
  Objective range  [1e+00, 7e+01]
  Bounds range     [1e+00, 3e+03]
  RHS range        [5e+03, 5e+03]

User MIP start produced solution with objective 1.09424e-12 (0.02s)
Loaded user MIP start with objective 1.09424e-12
MIP start from previous solve did not produce a new incumbent solution

Presolve removed 49 rows and 888 columns
Presolve time: 0.13s
Presolved: 7477 rows, 7901 columns, 36990 nonzeros
Variable types: 0 continuous, 7901 integer (7469 binary)

Root relaxation: objective 9.270480e+02, 4315 iterations, 0.50 seconds (0.36 work units)

    Nodes    |    Current Node    |     Objective Bounds      |     Work
 Expl Unexpl |  Obj  Depth IntInf | Incumbent    BestBd   Gap | It/Node Time

     0     0  927.04805    0 2917    0.00000  927.04805      -     -    0s
H    0     0                      74.1911765  927.04805  1150%     -    0s
H    0     0                      92.1911765  927.04805   906%     -    0s
     0     0  834.80079    0 3530   92.19118  834.80079   806%     -    1s
     0     0  831.12832    0 3499   92.19118  831.12832   802%     -    2s
     0     0  830.78764    0 3481   92.19118  830.78764   801%     -    2s
     0     0  830.68059    0 3464   92.19118  830.68059   801%     -    2s
     0     0  830.67127    0 3479   92.19118  830.67127   801%     -    2s
     0     0  825.52154    0 3427   92.19118  825.52154   795%     -    2s
     0     0  824.92702    0 3425   92.19118  824.92702   795%     -    2s
     0     0  824.87198    0 3437   92.19118  824.87198   795%     -    2s
     0     0  824.86632    0 3487   92.19118  824.86632   795%     -    2s
     0     0  823.63113    0 3513   92.19118  823.63113   793%     -    3s
     0     0  823.53465    0 3558   92.19118  823.53465   793%     -    3s
     0     0  823.48656    0 3561   92.19118  823.48656   793%     -    3s
     0     0  823.48192    0 3560   92.19118  823.48192   793%     -    3s
     0     0  822.89140    0 3534   92.19118  822.89140   793%     -    3s
     0     0  822.80362    0 3482   92.19118  822.80362   792%     -    3s
     0     0  822.76771    0 3449   92.19118  822.76771   792%     -    3s
     0     0  822.75775    0 3484   92.19118  822.75775   792%     -    3s
     0     0  822.74285    0 3510   92.19118  822.74285   792%     -    3s
     0     0  822.72605    0 3511   92.19118  822.72605   792%     -    3s
     0     0  822.64166    0 3599   92.19118  822.64166   792%     -    4s
     0     0  822.64134    0 3591   92.19118  822.64134   792%     -    4s
H    0     0                     464.2941176  822.64031  77.2%     -    4s
H    0     0                     648.4852941  822.64031  26.9%     -    4s
H    0     0                     726.4852941  822.64031  13.2%     -    4s
H    0     0                     727.0882353  822.64013  13.1%     -    5s
H    0     0                     728.4852941  822.64013  12.9%     -    5s
H    0     0                     729.0882353  822.64013  12.8%     -    5s
H    0     0                     730.6911765  822.64013  12.6%     -    5s
H    0     0                     733.4852941  822.64013  12.2%     -    5s
H    0     0                     735.4852941  822.64013  11.8%     -    5s
H    0     0                     755.8676471  822.64013  8.83%     -    5s
H    0     0                     756.2794118  822.64013  8.77%     -    5s
H    0     0                     757.6764706  822.64013  8.57%     -    5s
H    0     0                     763.4705882  822.64013  7.75%     -    5s
H    0     0                     764.0735294  822.64013  7.67%     -    5s
H    0     0                     764.4705882  822.64013  7.61%     -    5s
     0     2  822.64013    0 3590  764.47059  822.64013  7.61%     -    5s
H   88    82                     765.0735294  820.67181  7.27%   348    9s
   101    84  809.04948    4 3178  765.07353  820.67181  7.27%   333   10s
   268   210  784.09664    9 2584  765.07353  812.16737  6.16%   250   15s

Cutting planes:
  Cover: 197
  Implied bound: 1
  Clique: 3
  MIR: 214
  StrongCG: 6
  Zero half: 43
  RLT: 132
  Relax-and-lift: 76

Explored 271 nodes (78659 simplex iterations) in 15.01 seconds (22.40 work units)
Thread count was 2 (of 4 available processors)

Solution count 10: 765.074 764.471 764.074 ... 730.691

Time limit reached
Best objective 7.650735294118e+02, best bound 8.121673681245e+02, gap 6.1555%
Set parameter TimeLimit to value 15
Gurobi Optimizer version 12.0.3 build v12.0.3rc0 (win64 - Windows 10.0 (19045.2))

CPU model: Intel(R) Core(TM) i5-7400 CPU @ 3.00GHz, instruction set [SSE2|AVX|AVX2]
Thread count: 4 physical cores, 4 logical processors, using up to 2 threads

Non-default parameters:
TimeLimit  15
LogToConsole  0
Threads  2

Academic license 2699416 - for non-commercial use only - registered to pa___@id.uff.br
Optimize a model with 7526 rows, 8789 columns and 38941 nonzeros
Model fingerprint: 0xe351a54f
Variable types: 1 continuous, 8788 integer (8788 binary)
Coefficient statistics:
  Matrix range     [1e+00, 8e+02]
  Objective range  [1e+00, 1e+02]
  Bounds range     [1e+00, 3e+03]
  RHS range        [5e+03, 5e+03]

User MIP start produced solution with objective -0 (0.04s)
Loaded user MIP start with objective -0
MIP start from previous solve did not produce a new incumbent solution

Presolve removed 49 rows and 888 columns
Presolve time: 0.21s
Presolved: 7477 rows, 7901 columns, 36990 nonzeros
Variable types: 0 continuous, 7901 integer (7469 binary)

Root relaxation: objective 3.250000e+02, 1243 iterations, 0.26 seconds (0.09 work units)

    Nodes    |    Current Node    |     Objective Bounds      |     Work
 Expl Unexpl |  Obj  Depth IntInf | Incumbent    BestBd   Gap | It/Node Time

     0     0  325.00000    0 1334   -0.00000  325.00000      -     -    0s
H    0     0                     121.0000000  325.00000   169%     -    0s
     0     0  276.39133    0 2091  121.00000  276.39133   128%     -    1s
H    0     0                     164.0000000  276.35868  68.5%     -    1s
     0     0  275.30152    0 2084  164.00000  275.30152  67.9%     -    1s
     0     0  275.26984    0 2007  164.00000  275.26984  67.8%     -    1s
     0     0  275.25847    0 2011  164.00000  275.25847  67.8%     -    1s
     0     0  267.29967    0 2178  164.00000  267.29967  63.0%     -    2s
     0     0  266.59471    0 2378  164.00000  266.59471  62.6%     -    2s
     0     0  266.46451    0 2412  164.00000  266.46451  62.5%     -    2s
     0     0  266.44961    0 2412  164.00000  266.44961  62.5%     -    2s
     0     0  264.88007    0 2306  164.00000  264.88007  61.5%     -    3s
H    0     0                     203.0000000  264.86955  30.5%     -    3s
     0     0  264.73044    0 2273  203.00000  264.73044  30.4%     -    3s
     0     0  264.66340    0 2297  203.00000  264.66340  30.4%     -    3s
     0     0  264.65996    0 2298  203.00000  264.65996  30.4%     -    3s
     0     0  263.95834    0 2366  203.00000  263.95834  30.0%     -    3s
     0     0  263.88814    0 2222  203.00000  263.88814  30.0%     -    3s
     0     0  263.88763    0 2222  203.00000  263.88763  30.0%     -    3s
     0     0  263.56753    0 2414  203.00000  263.56753  29.8%     -    3s
H    0     0                     212.0000000  263.56065  24.3%     -    3s
     0     0  263.51718    0 2417  212.00000  263.51718  24.3%     -    3s
     0     0  263.50869    0 2417  212.00000  263.50869  24.3%     -    3s
     0     0  263.18098    0 2397  212.00000  263.18098  24.1%     -    4s
H    0     0                     220.0000000  263.16733  19.6%     -    4s
H    0     0                     249.0000000  263.16733  5.69%     -    4s
H    0     0                     252.0000000  263.16733  4.43%     -    4s
     0     0  263.08091    0 2326  252.00000  263.08091  4.40%     -    4s
     0     0  263.07854    0 2288  252.00000  263.07854  4.40%     -    4s
     0     0  262.99137    0 2380  252.00000  262.99137  4.36%     -    4s
     0     0  262.99137    0 1714  252.00000  262.99137  4.36%     -    4s
     0     0  262.99137    0 2362  252.00000  262.99137  4.36%     -    6s
     0     0  262.99137    0 2317  252.00000  262.99137  4.36%     -    6s
     0     0  262.99137    0 2298  252.00000  262.99137  4.36%     -    6s
     0     0  262.99137    0 2292  252.00000  262.99137  4.36%     -    6s
     0     0  262.99137    0 2363  252.00000  262.99137  4.36%     -    6s
     0     0  262.99137    0 2363  252.00000  262.99137  4.36%     -    6s
     0     0  261.38300    0 2339  252.00000  261.38300  3.72%     -    7s
     0     0  260.83707    0 2372  252.00000  260.83707  3.51%     -    7s
     0     0  260.70048    0 2361  252.00000  260.70048  3.45%     -    7s
     0     0  260.63373    0 2382  252.00000  260.63373  3.43%     -    7s
     0     0  260.60207    0 2469  252.00000  260.60207  3.41%     -    7s
     0     0  260.60136    0 2469  252.00000  260.60136  3.41%     -    7s
     0     0  260.43759    0 2426  252.00000  260.43759  3.35%     -    7s
     0     0  260.41237    0 2553  252.00000  260.41237  3.34%     -    7s
     0     0  260.40728    0 2547  252.00000  260.40728  3.34%     -    7s
     0     0  260.35544    0 2526  252.00000  260.35544  3.32%     -    7s
     0     0  260.32134    0 2564  252.00000  260.32134  3.30%     -    7s
     0     0  260.31728    0 2558  252.00000  260.31728  3.30%     -    7s
     0     0  260.31524    0 2558  252.00000  260.31524  3.30%     -    8s
     0     0  260.30951    0 2555  252.00000  260.30951  3.30%     -    8s
     0     0  260.30951    0 1522  252.00000  260.30951  3.30%     -    8s
     0     0  260.30951    0 2298  252.00000  260.30951  3.30%     -   10s
     0     0  260.30951    0 2411  252.00000  260.30951  3.30%     -   10s
     0     0  259.17300    0 2370  252.00000  259.17300  2.85%     -   10s
     0     0  258.71332    0 2285  252.00000  258.71332  2.66%     -   10s
     0     0  258.56598    0 2500  252.00000  258.56598  2.61%     -   10s
     0     0  258.51908    0 2501  252.00000  258.51908  2.59%     -   10s
     0     0  258.50312    0 2499  252.00000  258.50312  2.58%     -   10s
     0     0  258.50036    0 2468  252.00000  258.50036  2.58%     -   10s
     0     0  258.42929    0 2530  252.00000  258.42929  2.55%     -   11s
     0     0  258.39696    0 2531  252.00000  258.39696  2.54%     -   11s
     0     0  258.39369    0 2503  252.00000  258.39369  2.54%     -   11s
     0     0  258.33084    0 2537  252.00000  258.33084  2.51%     -   11s
     0     0  258.30263    0 2503  252.00000  258.30263  2.50%     -   11s
     0     0  258.28815    0 2540  252.00000  258.28815  2.50%     -   11s
     0     0  258.28238    0 2503  252.00000  258.28238  2.49%     -   11s
     0     0  258.27472    0 2540  252.00000  258.27472  2.49%     -   11s
     0     0  258.27258    0 2539  252.00000  258.27258  2.49%     -   11s
     0     0  258.24754    0 2535  252.00000  258.24754  2.48%     -   12s
     0     0  258.23786    0 2492  252.00000  258.23786  2.48%     -   12s
     0     2  258.23507    0 2491  252.00000  258.23507  2.47%     -   12s

Cutting planes:
  Cover: 42
  MIR: 38
  StrongCG: 2
  Zero half: 31
  RLT: 80
  Relax-and-lift: 14

Explored 14 nodes (12054 simplex iterations) in 13.05 seconds (13.68 work units)
Thread count was 2 (of 4 available processors)

Solution count 8: 252 249 220 ... -0

Optimal solution found (tolerance 1.00e-04)
Best objective 2.520000000000e+02, best bound 2.520000000000e+02, gap 0.0000%
Set parameter TimeLimit to value 15
Gurobi Optimizer version 12.0.3 build v12.0.3rc0 (win64 - Windows 10.0 (19045.2))

CPU model: Intel(R) Core(TM) i5-7400 CPU @ 3.00GHz, instruction set [SSE2|AVX|AVX2]
Thread count: 4 physical cores, 4 logical processors, using up to 2 threads

Non-default parameters:
TimeLimit  15
LogToConsole  0
Threads  2

Academic license 2699416 - for non-commercial use only - registered to pa___@id.uff.br
Optimize a model with 7526 rows, 8789 columns and 38941 nonzeros
Model fingerprint: 0xd6f2614d
Variable types: 1 continuous, 8788 integer (8788 binary)
Coefficient statistics:
  Matrix range     [1e+00, 8e+02]
  Objective range  [1e+00, 1e+02]
  Bounds range     [1e+00, 3e+03]
  RHS range        [5e+03, 5e+03]

User MIP start produced solution with objective -0 (0.02s)
Loaded user MIP start with objective -0
MIP start from previous solve did not produce a new incumbent solution

Presolve removed 49 rows and 888 columns
Presolve time: 0.21s
Presolved: 7477 rows, 7901 columns, 36990 nonzeros
Variable types: 0 continuous, 7901 integer (7469 binary)

Root relaxation: objective 8.997113e+01, 719 iterations, 0.14 seconds (0.16 work units)

    Nodes    |    Current Node    |     Objective Bounds      |     Work
 Expl Unexpl |  Obj  Depth IntInf | Incumbent    BestBd   Gap | It/Node Time

     0     0   89.97113    0 1532   -0.00000   89.97113      -     -    0s
     0     0   30.39723    0 2065   -0.00000   30.39723      -     -    1s
     0     0   30.14312    0 2107   -0.00000   30.14312      -     -    1s
     0     0   28.01006    0 2039   -0.00000   28.01006      -     -    1s
     0     0   27.86371    0 2076   -0.00000   27.86371      -     -    1s
     0     0   20.64031    0 2132   -0.00000   20.64031      -     -    2s
     0     0   20.64031    0 1676   -0.00000   20.64031      -     -    2s
     0     0   20.64031    0 1988   -0.00000   20.64031      -     -    5s
     0     0   15.79050    0 2066   -0.00000   15.79050      -     -    5s
     0     0   14.79200    0 2395   -0.00000   14.79200      -     -    5s
     0     0   14.38476    0 2350   -0.00000   14.38476      -     -    5s
     0     0   14.01740    0 2442   -0.00000   14.01740      -     -    5s
     0     0   13.99183    0 2542   -0.00000   13.99183      -     -    5s
     0     0   13.96544    0 2516   -0.00000   13.96544      -     -    5s
     0     0   13.95893    0 2500   -0.00000   13.95893      -     -    5s
     0     0   13.95528    0 2474   -0.00000   13.95528      -     -    5s
     0     0   13.94774    0 2443   -0.00000   13.94774      -     -    6s
     0     0   13.92903    0 2477   -0.00000   13.92903      -     -    6s
     0     0   13.92610    0 2477   -0.00000   13.92610      -     -    6s
     0     0   13.90359    0 2515   -0.00000   13.90359      -     -    6s
     0     0   13.90359    0 2515   -0.00000   13.90359      -     -    6s
     0     0   13.90359    0 2513   -0.00000   13.90359      -     -    6s
     0     0   13.90359    0 1674   -0.00000   13.90359      -     -    7s
     0     0   13.90359    0 2213   -0.00000   13.90359      -     -    9s
     0     0   13.90359    0 2379   -0.00000   13.90359      -     -    9s
     0     0   13.21274    0 2378   -0.00000   13.21274      -     -    9s
     0     0   12.96164    0 2468   -0.00000   12.96164      -     -    9s
     0     0   12.85593    0 2526   -0.00000   12.85593      -     -    9s
     0     0   12.76670    0 2588   -0.00000   12.76670      -     -    9s
     0     0   12.74389    0 2551   -0.00000   12.74389      -     -    9s
     0     0   12.73307    0 2614   -0.00000   12.73307      -     -    9s
     0     0   12.72772    0 2582   -0.00000   12.72772      -     -    9s
     0     0   12.65282    0 2581   -0.00000   12.65282      -     -    9s
     0     0   12.63523    0 2617   -0.00000   12.63523      -     -    9s
     0     0   12.63523    0 2618   -0.00000   12.63523      -     -   10s
     0     0   12.63523    0 2619   -0.00000   12.63523      -     -   10s
     0     0   12.58889    0 2548   -0.00000   12.58889      -     -   10s
     0     0   12.57957    0 2548   -0.00000   12.57957      -     -   10s
     0     2   12.57957    0 2548   -0.00000   12.57957      -     -   10s

Cutting planes:
  Cover: 60
  Clique: 1
  MIR: 57
  StrongCG: 1
  Flow cover: 2
  Zero half: 29
  RLT: 57
  Relax-and-lift: 9

Explored 86 nodes (14764 simplex iterations) in 12.30 seconds (15.30 work units)
Thread count was 2 (of 4 available processors)

Solution count 1: -0 
No other solutions better than -0

Optimal solution found (tolerance 1.00e-04)
Best objective -0.000000000000e+00, best bound -0.000000000000e+00, gap 0.0000%

Gurobi 12.0.3 (win64, Java) logging started Wed Aug 27 13:13:59 2025

Set parameter LogToConsole to value 0
Set parameter WLSAccessID
Set parameter WLSSecret
Set parameter LicenseID to value 2699416
Set parameter TimeLimit to value 15
Set parameter LogFile to value "mip1.log"
Set parameter Threads to value 2
Academic license 2699416 - for non-commercial use only - registered to pa___@id.uff.br
Gurobi Optimizer version 12.0.3 build v12.0.3rc0 (win64 - Windows 10.0 (19045.2))

CPU model: Intel(R) Core(TM) i5-7400 CPU @ 3.00GHz, instruction set [SSE2|AVX|AVX2]
Thread count: 4 physical cores, 4 logical processors, using up to 2 threads

Non-default parameters:
TimeLimit  15
LogToConsole  0
Threads  2

Academic license 2699416 - for non-commercial use only - registered to pa___@id.uff.br
Optimize a model with 10975 rows, 12816 columns and 57216 nonzeros
Model fingerprint: 0x009016c0
Variable types: 1 continuous, 12815 integer (12815 binary)
Coefficient statistics:
  Matrix range     [1e+00, 4e+02]
  Objective range  [1e+00, 2e+01]
  Bounds range     [1e+00, 6e+03]
  RHS range        [8e+03, 8e+03]

User MIP start produced solution with objective -1.00275e-12 (0.03s)
Loaded user MIP start with objective -1.00275e-12

Presolve removed 62 rows and 1446 columns
Presolve time: 0.25s
Presolved: 10913 rows, 11370 columns, 54001 nonzeros
Found heuristic solution: objective 5806.1428571
Variable types: 0 continuous, 11370 integer (10560 binary)
Found heuristic solution: objective 5938.1428571

Root relaxation: objective 7.402715e+03, 15777 iterations, 2.18 seconds (2.60 work units)

    Nodes    |    Current Node    |     Objective Bounds      |     Work
 Expl Unexpl |  Obj  Depth IntInf | Incumbent    BestBd   Gap | It/Node Time

     0     0 7402.71543    0 4867 5938.14286 7402.71543  24.7%     -    2s
H    0     0                    6923.4285714 7402.71543  6.92%     -    2s
H    0     0                    7027.1428571 7402.71543  5.34%     -    2s
H    0     0                    7262.8571429 7402.71543  1.93%     -    2s
H    0     0                    7281.7142857 7402.71543  1.66%     -    2s
     0     0 7380.22884    0 5919 7281.71429 7380.22884  1.35%     -    9s
H    0     0                    7291.1428571 7380.22694  1.22%     -    9s
     0     0 7379.10602    0 6034 7291.14286 7379.10602  1.21%     -   10s
     0     0 7378.98665    0 6052 7291.14286 7378.98665  1.20%     -   10s
     0     0 7378.97269    0 6058 7291.14286 7378.97269  1.20%     -   10s
     0     0 7378.97252    0 6061 7291.14286 7378.97252  1.20%     -   10s
     0     0 7376.57785    0 5784 7291.14286 7376.57785  1.17%     -   13s
     0     0 7376.29756    0 6225 7291.14286 7376.29756  1.17%     -   14s
     0     0 7376.25517    0 6320 7291.14286 7376.25517  1.17%     -   14s
     0     0          -    0      7291.14286 7376.25517  1.17%     -   15s

Cutting planes:
  Gomory: 4
  Cover: 371
  Implied bound: 15
  Clique: 13
  MIR: 168
  StrongCG: 9
  Zero half: 55
  RLT: 281
  Relax-and-lift: 98
  BQP: 1

Explored 1 nodes (32306 simplex iterations) in 15.01 seconds (16.15 work units)
Thread count was 2 (of 4 available processors)

Solution count 8: 7291.14 7281.71 7262.86 ... -1.00275e-12

Time limit reached
Best objective 7.291142857143e+03, best bound 7.376142857143e+03, gap 1.1658%
Set parameter TimeLimit to value 15
Gurobi Optimizer version 12.0.3 build v12.0.3rc0 (win64 - Windows 10.0 (19045.2))

CPU model: Intel(R) Core(TM) i5-7400 CPU @ 3.00GHz, instruction set [SSE2|AVX|AVX2]
Thread count: 4 physical cores, 4 logical processors, using up to 2 threads

Non-default parameters:
TimeLimit  15
LogToConsole  0
Threads  2

Academic license 2699416 - for non-commercial use only - registered to pa___@id.uff.br
Optimize a model with 10975 rows, 12816 columns and 57216 nonzeros
Model fingerprint: 0xdf2d6951
Variable types: 1 continuous, 12815 integer (12815 binary)
Coefficient statistics:
  Matrix range     [1e+00, 4e+02]
  Objective range  [1e+00, 8e+01]
  Bounds range     [1e+00, 6e+03]
  RHS range        [8e+03, 8e+03]

User MIP start produced solution with objective 2.24532e-12 (0.03s)
Loaded user MIP start with objective 2.24532e-12
MIP start from previous solve did not produce a new incumbent solution

Presolve removed 62 rows and 1446 columns
Presolve time: 0.37s
Presolved: 10913 rows, 11370 columns, 54001 nonzeros
Variable types: 0 continuous, 11370 integer (10560 binary)

Root relaxation: objective 2.231011e+03, 10676 iterations, 2.18 seconds (1.46 work units)

    Nodes    |    Current Node    |     Objective Bounds      |     Work
 Expl Unexpl |  Obj  Depth IntInf | Incumbent    BestBd   Gap | It/Node Time

     0     0 2231.01072    0 5379    0.00000 2231.01072      -     -    2s
H    0     0                     687.0210526 2231.01072   225%     -    2s
H    0     0                     707.4842105 2231.01072   215%     -    2s
H    0     0                    1140.4842105 2231.01072  95.6%     -    2s
     0     0 1987.96786    0 6007 1140.48421 1987.96786  74.3%     -    5s
     0     0 1975.18419    0 5967 1140.48421 1975.18419  73.2%     -    6s
     0     0 1974.75287    0 5740 1140.48421 1974.75287  73.2%     -    6s
     0     0 1974.71399    0 5784 1140.48421 1974.71399  73.1%     -    6s
     0     0 1959.12034    0 5814 1140.48421 1959.12034  71.8%     -    7s
     0     0 1956.73569    0 5673 1140.48421 1956.73569  71.6%     -    8s
     0     0 1956.08714    0 5808 1140.48421 1956.08714  71.5%     -    8s
     0     0 1955.74967    0 5906 1140.48421 1955.74967  71.5%     -    8s
     0     0 1955.28673    0 5908 1140.48421 1955.28673  71.4%     -    8s
     0     0 1955.13877    0 5932 1140.48421 1955.13877  71.4%     -    8s
     0     0 1955.13131    0 5931 1140.48421 1955.13131  71.4%     -    8s
     0     0 1947.44152    0 5716 1140.48421 1947.44152  70.8%     -    9s
     0     0 1946.49651    0 5948 1140.48421 1946.49651  70.7%     -   10s
     0     0 1946.07708    0 6078 1140.48421 1946.07708  70.6%     -   10s
     0     0 1945.78751    0 5978 1140.48421 1945.78751  70.6%     -   10s
     0     0 1945.74424    0 5929 1140.48421 1945.74424  70.6%     -   10s
     0     0 1942.04636    0 5797 1140.48421 1942.04636  70.3%     -   11s
     0     0 1941.23580    0 5773 1140.48421 1941.23580  70.2%     -   11s
     0     0 1940.96934    0 5824 1140.48421 1940.96934  70.2%     -   11s
     0     0 1940.91313    0 5834 1140.48421 1940.91313  70.2%     -   11s
     0     0 1938.42514    0 5988 1140.48421 1938.42514  70.0%     -   12s
     0     0 1938.20943    0 5960 1140.48421 1938.20943  69.9%     -   12s
     0     0 1938.04339    0 5938 1140.48421 1938.04339  69.9%     -   12s
     0     0 1938.01876    0 5970 1140.48421 1938.01876  69.9%     -   12s
     0     0 1937.02433    0 6010 1140.48421 1937.02433  69.8%     -   13s
H    0     0                    1728.9894737 1937.02093  12.0%     -   13s
H    0     0                    1741.4526316 1937.02093  11.2%     -   13s
H    0     0                    1745.4526316 1937.02093  11.0%     -   13s
     0     0 1936.80664    0 5998 1745.45263 1936.80664  11.0%     -   13s
     0     0 1936.68151    0 6025 1745.45263 1936.68151  11.0%     -   14s
     0     0 1936.64160    0 6007 1745.45263 1936.64160  11.0%     -   14s
     0     0 1935.80506    0 5931 1745.45263 1935.80506  10.9%     -   14s
     0     0          -    0      1745.45263 1935.80179  10.9%     -   15s

Cutting planes:
  Gomory: 7
  Cover: 403
  Implied bound: 5
  Clique: 18
  MIR: 230
  StrongCG: 11
  Zero half: 126
  RLT: 396
  Relax-and-lift: 159

Explored 1 nodes (33954 simplex iterations) in 15.00 seconds (13.45 work units)
Thread count was 2 (of 4 available processors)

Solution count 7: 1745.45 1741.45 1728.99 ... 2.24532e-12

Time limit reached
Best objective 1.745452631579e+03, best bound 1.935801787311e+03, gap 10.9054%
Set parameter TimeLimit to value 15
Gurobi Optimizer version 12.0.3 build v12.0.3rc0 (win64 - Windows 10.0 (19045.2))

CPU model: Intel(R) Core(TM) i5-7400 CPU @ 3.00GHz, instruction set [SSE2|AVX|AVX2]
Thread count: 4 physical cores, 4 logical processors, using up to 2 threads

Non-default parameters:
TimeLimit  15
LogToConsole  0
Threads  2

Academic license 2699416 - for non-commercial use only - registered to pa___@id.uff.br
Optimize a model with 10975 rows, 12816 columns and 57216 nonzeros
Model fingerprint: 0xacbdd9b0
Variable types: 1 continuous, 12815 integer (12815 binary)
Coefficient statistics:
  Matrix range     [1e+00, 4e+02]
  Objective range  [1e+00, 1e+02]
  Bounds range     [1e+00, 6e+03]
  RHS range        [8e+03, 8e+03]

User MIP start produced solution with objective -5.11591e-13 (0.02s)
Loaded user MIP start with objective -5.11591e-13
MIP start from previous solve did not produce a new incumbent solution

Presolve removed 62 rows and 1446 columns
Presolve time: 0.25s
Presolved: 10913 rows, 11370 columns, 54001 nonzeros
Variable types: 0 continuous, 11370 integer (10560 binary)

Root relaxation: objective 1.099055e+03, 6307 iterations, 0.89 seconds (0.74 work units)

    Nodes    |    Current Node    |     Objective Bounds      |     Work
 Expl Unexpl |  Obj  Depth IntInf | Incumbent    BestBd   Gap | It/Node Time

     0     0 1099.05469    0 4512   -0.00000 1099.05469      -     -    1s
H    0     0                     170.9811321 1099.05469   543%     -    1s
     0     0  926.46435    0 5042  170.98113  926.46435   442%     -    3s
     0     0  920.97270    0 4910  170.98113  920.97270   439%     -    3s
     0     0  920.77809    0 4909  170.98113  920.77809   439%     -    3s
     0     0  920.73013    0 4869  170.98113  920.73013   438%     -    3s
     0     0  920.72943    0 4869  170.98113  920.72943   438%     -    3s
     0     0  905.12769    0 4927  170.98113  905.12769   429%     -    4s
     0     0  903.14060    0 5087  170.98113  903.14060   428%     -    4s
     0     0  902.56480    0 5006  170.98113  902.56480   428%     -    4s
     0     0  902.50908    0 5047  170.98113  902.50908   428%     -    4s
     0     0  898.39313    0 4784  170.98113  898.39313   425%     -    5s
     0     0  897.92344    0 4887  170.98113  897.92344   425%     -    5s
     0     0  897.83555    0 4903  170.98113  897.83555   425%     -    5s
     0     0  897.80066    0 4902  170.98113  897.80066   425%     -    5s
     0     0  896.60437    0 4856  170.98113  896.60437   424%     -    6s
     0     0  896.43863    0 4943  170.98113  896.43863   424%     -    6s
     0     0  896.33715    0 4891  170.98113  896.33715   424%     -    6s
     0     0  896.31701    0 4889  170.98113  896.31701   424%     -    6s
     0     0  895.61355    0 4801  170.98113  895.61355   424%     -    7s
H    0     0                     171.1698113  895.60908   423%     -    7s
H    0     0                     206.1698113  895.60908   334%     -    7s
     0     0  895.50042    0 4912  206.16981  895.50042   334%     -    7s
     0     0  895.47881    0 4914  206.16981  895.47881   334%     -    7s
     0     0  894.63159    0 5001  206.16981  894.63159   334%     -    7s
H    0     0                     378.1509434  894.62701   137%     -    7s
H    0     0                     679.6981132  894.62701  31.6%     -    7s
H    0     0                     680.6981132  894.62701  31.4%     -    7s
     0     0  894.42068    0 4903  680.69811  894.42068  31.4%     -    7s
     0     0  894.41304    0 4944  680.69811  894.41304  31.4%     -    7s
     0     0  894.07955    0 4954  680.69811  894.07955  31.3%     -    8s
     0     0  893.93407    0 4951  680.69811  893.93407  31.3%     -    8s
     0     0  893.92494    0 4951  680.69811  893.92494  31.3%     -    8s
     0     0  893.50495    0 4960  680.69811  893.50495  31.3%     -    9s
     0     0  893.50371    0 4948  680.69811  893.50371  31.3%     -    9s
H    0     0                     681.5094340  893.49870  31.1%     -   10s
H    0     0                     684.9056604  893.49870  30.5%     -   10s
H    0     0                     690.9056604  893.49870  29.3%     -   10s
H    0     0                     766.0943396  893.49870  16.6%     -   10s
H    0     0                     769.0943396  893.49870  16.2%     -   10s
H    0     0                     771.0943396  893.49870  15.9%     -   10s
H    0     0                     771.8867925  893.49870  15.8%     -   10s
H    0     0                     817.0754717  893.49870  9.35%     -   10s
H    0     0                     819.0754717  893.49870  9.09%     -   10s
H    0     0                     819.6792453  893.49870  9.01%     -   10s
H    0     0                     824.6792453  893.49870  8.34%     -   10s
H    0     0                     837.6792453  893.49870  6.66%     -   11s
     0     2  893.49870    0 4947  837.67925  893.49870  6.66%     -   11s

Cutting planes:
  Gomory: 4
  Cover: 368
  Clique: 28
  MIR: 228
  StrongCG: 16
  Zero half: 136
  RLT: 252
  Relax-and-lift: 230

Explored 19 nodes (32697 simplex iterations) in 15.01 seconds (14.99 work units)
Thread count was 2 (of 4 available processors)

Solution count 10: 837.679 824.679 819.679 ... 690.906

Time limit reached
Best objective 8.376792452830e+02, best bound 8.892601531908e+02, gap 6.1576%
Set parameter TimeLimit to value 12
Gurobi Optimizer version 12.0.3 build v12.0.3rc0 (win64 - Windows 10.0 (19045.2))

CPU model: Intel(R) Core(TM) i5-7400 CPU @ 3.00GHz, instruction set [SSE2|AVX|AVX2]
Thread count: 4 physical cores, 4 logical processors, using up to 2 threads

Non-default parameters:
TimeLimit  12
LogToConsole  0
Threads  2

Academic license 2699416 - for non-commercial use only - registered to pa___@id.uff.br
Optimize a model with 10975 rows, 12816 columns and 57216 nonzeros
Model fingerprint: 0x947b7e89
Variable types: 1 continuous, 12815 integer (12815 binary)
Coefficient statistics:
  Matrix range     [1e+00, 4e+02]
  Objective range  [1e+00, 2e+02]
  Bounds range     [1e+00, 6e+03]
  RHS range        [8e+03, 8e+03]

User MIP start produced solution with objective 1.13687e-13 (0.02s)
Loaded user MIP start with objective 1.13687e-13
MIP start from previous solve did not produce a new incumbent solution

Presolve removed 62 rows and 1446 columns
Presolve time: 0.24s
Presolved: 10913 rows, 11370 columns, 54001 nonzeros
Variable types: 0 continuous, 11370 integer (10560 binary)

Root relaxation: objective 4.435554e+02, 2518 iterations, 0.28 seconds (0.21 work units)

    Nodes    |    Current Node    |     Objective Bounds      |     Work
 Expl Unexpl |  Obj  Depth IntInf | Incumbent    BestBd   Gap | It/Node Time

     0     0  443.55540    0 2854    0.00000  443.55540      -     -    0s
H    0     0                     207.0000000  443.55540   114%     -    1s
     0     0  343.74650    0 3578  207.00000  343.74650  66.1%     -    2s
H    0     0                     257.5714286  343.68981  33.4%     -    2s
     0     0  338.53170    0 3421  257.57143  338.53170  31.4%     -    2s
     0     0  338.40106    0 3552  257.57143  338.40106  31.4%     -    2s
     0     0  338.35140    0 3506  257.57143  338.35140  31.4%     -    2s
     0     0  338.35140    0 3506  257.57143  338.35140  31.4%     -    2s
     0     0  327.84688    0 3489  257.57143  327.84688  27.3%     -    3s
     0     0  326.33454    0 3656  257.57143  326.33454  26.7%     -    4s
     0     0  326.03000    0 3612  257.57143  326.03000  26.6%     -    4s
     0     0  325.95364    0 3554  257.57143  325.95364  26.5%     -    4s
     0     0  325.93640    0 3617  257.57143  325.93640  26.5%     -    4s
     0     0  323.33463    0 3615  257.57143  323.33463  25.5%     -    4s
     0     0  322.68924    0 3638  257.57143  322.68924  25.3%     -    5s
     0     0  322.61334    0 3525  257.57143  322.61334  25.3%     -    5s
     0     0  322.58530    0 3484  257.57143  322.58530  25.2%     -    5s
     0     0  321.10258    0 3902  257.57143  321.10258  24.7%     -    5s
     0     0  321.05048    0 3749  257.57143  321.05048  24.6%     -    5s
     0     0  320.91693    0 3749  257.57143  320.91693  24.6%     -    6s
     0     0  320.81756    0 3740  257.57143  320.81756  24.6%     -    6s
     0     0  320.81104    0 3740  257.57143  320.81104  24.6%     -    6s
     0     0  319.83797    0 3705  257.57143  319.83797  24.2%     -    6s
     0     0  319.59701    0 3976  257.57143  319.59701  24.1%     -    6s
     0     0  319.50227    0 3938  257.57143  319.50227  24.0%     -    6s
     0     0  319.45685    0 3896  257.57143  319.45685  24.0%     -    7s
     0     0  319.44385    0 3939  257.57143  319.44385  24.0%     -    7s
     0     0  318.57638    0 3728  257.57143  318.57638  23.7%     -    7s
H    0     0                     281.8571429  318.57488  13.0%     -    7s
H    0     0                     292.8571429  318.57488  8.78%     -    7s
     0     0  318.41596    0 3657  292.85714  318.41596  8.73%     -    8s
     0     0  318.36188    0 3732  292.85714  318.36188  8.71%     -    8s
     0     0  318.35412    0 3736  292.85714  318.35412  8.71%     -    8s
     0     0  317.82399    0 3684  292.85714  317.82399  8.53%     -    8s
     0     0  317.82399    0 2949  292.85714  317.82399  8.53%     -    9s

Cutting planes:
  Gomory: 2
  Cover: 84
  Implied bound: 1
  Clique: 3
  MIR: 86
  StrongCG: 7
  Zero half: 101
  RLT: 207
  Relax-and-lift: 36

Explored 1 nodes (11137 simplex iterations) in 12.03 seconds (11.65 work units)
Thread count was 2 (of 4 available processors)

Solution count 5: 292.857 281.857 257.571 ... 1.13687e-13

Time limit reached
Best objective 2.928571428571e+02, best bound 3.177142857143e+02, gap 8.4878%
Set parameter TimeLimit to value 0

Gurobi 12.0.3 (win64, Java) logging started Wed Aug 27 13:15:00 2025

Set parameter LogToConsole to value 0
Set parameter WLSAccessID
Set parameter WLSSecret
Set parameter LicenseID to value 2699416
Set parameter TimeLimit to value 15
Set parameter LogFile to value "mip1.log"
Set parameter Threads to value 2
Academic license 2699416 - for non-commercial use only - registered to pa___@id.uff.br
Gurobi Optimizer version 12.0.3 build v12.0.3rc0 (win64 - Windows 10.0 (19045.2))

CPU model: Intel(R) Core(TM) i5-7400 CPU @ 3.00GHz, instruction set [SSE2|AVX|AVX2]
Thread count: 4 physical cores, 4 logical processors, using up to 2 threads

Non-default parameters:
TimeLimit  15
LogToConsole  0
Threads  2

Academic license 2699416 - for non-commercial use only - registered to pa___@id.uff.br
Optimize a model with 6634 rows, 7770 columns and 36678 nonzeros
Model fingerprint: 0x6144bb2d
Variable types: 1 continuous, 7769 integer (7769 binary)
Coefficient statistics:
  Matrix range     [1e+00, 4e+02]
  Objective range  [1e+00, 2e+01]
  Bounds range     [1e+00, 3e+03]
  RHS range        [4e+03, 4e+03]

User MIP start produced solution with objective -2.03282e-13 (0.02s)
Loaded user MIP start with objective -2.03282e-13

Presolve removed 49 rows and 774 columns
Presolve time: 0.13s
Presolved: 6585 rows, 6996 columns, 34951 nonzeros
Found heuristic solution: objective 6.6865672
Variable types: 0 continuous, 6996 integer (6559 binary)
Found heuristic solution: objective 244.5373134

Root relaxation: objective 3.638365e+03, 9306 iterations, 1.27 seconds (1.45 work units)

    Nodes    |    Current Node    |     Objective Bounds      |     Work
 Expl Unexpl |  Obj  Depth IntInf | Incumbent    BestBd   Gap | It/Node Time

     0     0 3638.36467    0 3351  244.53731 3638.36467  1388%     -    1s
H    0     0                    3453.0597015 3638.36467  5.37%     -    1s
H    0     0                    3573.9253731 3638.36467  1.80%     -    1s
H    0     0                    3574.8805970 3638.36467  1.78%     -    1s
H    0     0                    3608.3134328 3638.36467  0.83%     -    1s
H    0     0                    3617.8656716 3638.36467  0.57%     -    1s
     0     0 3636.15218    0 3815 3617.86567 3636.15218  0.51%     -    4s
H    0     0                    3618.8208955 3636.15189  0.48%     -    4s
     0     0 3636.08656    0 3795 3618.82090 3636.08656  0.48%     -    5s
     0     0 3636.08155    0 3758 3618.82090 3636.08155  0.48%     -    5s
     0     0 3636.08073    0 3754 3618.82090 3636.08073  0.48%     -    5s
     0     0 3635.84162    0 3784 3618.82090 3635.84162  0.47%     -    7s
     0     0 3635.82041    0 3800 3618.82090 3635.82041  0.47%     -    7s
     0     0 3635.81717    0 3901 3618.82090 3635.81717  0.47%     -    7s
     0     0 3635.81689    0 3855 3618.82090 3635.81689  0.47%     -    7s
     0     0 3635.70715    0 3837 3618.82090 3635.70715  0.47%     -    8s
     0     0 3635.69385    0 3839 3618.82090 3635.69385  0.47%     -    8s
     0     0 3635.69180    0 3839 3618.82090 3635.69180  0.47%     -    8s
     0     0 3635.69163    0 3839 3618.82090 3635.69163  0.47%     -    8s
     0     0 3635.65445    0 3860 3618.82090 3635.65445  0.47%     -    9s
     0     0 3635.64551    0 3855 3618.82090 3635.64551  0.46%     -    9s
     0     0 3635.64143    0 3885 3618.82090 3635.64143  0.46%     -    9s
     0     0 3635.63899    0 3916 3618.82090 3635.63899  0.46%     -    9s
     0     0 3635.63867    0 3903 3618.82090 3635.63867  0.46%     -    9s
     0     0 3635.60361    0 3797 3618.82090 3635.60361  0.46%     -   10s
     0     0 3635.59965    0 3791 3618.82090 3635.59965  0.46%     -   10s
     0     0 3635.59512    0 3861 3618.82090 3635.59512  0.46%     -   10s
     0     0 3635.59479    0 3872 3618.82090 3635.59479  0.46%     -   10s
     0     0 3635.57629    0 3789 3618.82090 3635.57629  0.46%     -   10s
H    0     0                    3628.3731343 3635.57606  0.20%     -   11s
H    0     0                    3629.3283582 3635.57606  0.17%     -   11s
H    0     0                    3630.2835821 3635.57606  0.15%     -   11s
     0     0 3635.57154    0 3827 3630.28358 3635.57154  0.15%     -   11s
     0     0 3635.56873    0 3867 3630.28358 3635.56873  0.15%     -   11s
     0     0 3635.56847    0 3843 3630.28358 3635.56847  0.15%     -   11s
     0     0 3635.55381    0 3808 3630.28358 3635.55381  0.15%     -   11s
     0     0 3635.55376    0 3802 3630.28358 3635.55376  0.15%     -   11s
H    0     0                    3631.2388060 3635.55376  0.12%     -   12s
     0     2 3635.55376    0 3748 3631.23881 3635.55376  0.12%     -   12s
     9    11 3635.22759    4 3711 3631.23881 3635.54631  0.12%   638   15s

Cutting planes:
  Gomory: 1
  Cover: 268
  Implied bound: 1
  Clique: 11
  MIR: 206
  StrongCG: 5
  Zero half: 84
  RLT: 178
  Relax-and-lift: 86

Explored 10 nodes (30981 simplex iterations) in 15.01 seconds (15.82 work units)
Thread count was 2 (of 4 available processors)

Solution count 10: 3631.24 3630.28 3629.33 ... 3453.06

Time limit reached
Best objective 3.631238805970e+03, best bound 3.635537313433e+03, gap 0.1184%
Set parameter TimeLimit to value 15
Gurobi Optimizer version 12.0.3 build v12.0.3rc0 (win64 - Windows 10.0 (19045.2))

CPU model: Intel(R) Core(TM) i5-7400 CPU @ 3.00GHz, instruction set [SSE2|AVX|AVX2]
Thread count: 4 physical cores, 4 logical processors, using up to 2 threads

Non-default parameters:
TimeLimit  15
LogToConsole  0
Threads  2

Academic license 2699416 - for non-commercial use only - registered to pa___@id.uff.br
Optimize a model with 6634 rows, 7770 columns and 36678 nonzeros
Model fingerprint: 0xbf23a206
Variable types: 1 continuous, 7769 integer (7769 binary)
Coefficient statistics:
  Matrix range     [1e+00, 4e+02]
  Objective range  [1e+00, 7e+01]
  Bounds range     [1e+00, 3e+03]
  RHS range        [4e+03, 4e+03]

User MIP start produced solution with objective 5.40012e-13 (0.02s)
Loaded user MIP start with objective 5.40012e-13
MIP start from previous solve did not produce a new incumbent solution

Presolve removed 49 rows and 774 columns
Presolve time: 0.12s
Presolved: 6585 rows, 6996 columns, 34951 nonzeros
Variable types: 0 continuous, 6996 integer (6559 binary)

Root relaxation: objective 7.672880e+02, 4869 iterations, 0.50 seconds (0.42 work units)

    Nodes    |    Current Node    |     Objective Bounds      |     Work
 Expl Unexpl |  Obj  Depth IntInf | Incumbent    BestBd   Gap | It/Node Time

     0     0  767.28797    0 2796    0.00000  767.28797      -     -    0s
H    0     0                     133.4800000  767.28797   475%     -    0s
H    0     0                     162.6400000  767.28797   372%     -    0s
H    0     0                     210.6400000  767.28797   264%     -    0s
     0     0  669.14832    0 3196  210.64000  669.14832   218%     -    1s
H    0     0                     211.2200000  669.12928   217%     -    1s
H    0     0                     248.2200000  669.12928   170%     -    1s
     0     0  667.20336    0 3203  248.22000  667.20336   169%     -    1s
     0     0  667.08453    0 3211  248.22000  667.08453   169%     -    1s
     0     0  667.02826    0 3194  248.22000  667.02826   169%     -    2s
     0     0  667.00455    0 3178  248.22000  667.00455   169%     -    2s
     0     0  658.51143    0 3057  248.22000  658.51143   165%     -    2s
     0     0  657.49049    0 3162  248.22000  657.49049   165%     -    2s
     0     0  657.23629    0 3207  248.22000  657.23629   165%     -    2s
     0     0  657.18667    0 3169  248.22000  657.18667   165%     -    2s
     0     0  657.18653    0 3169  248.22000  657.18653   165%     -    2s
     0     0  654.47507    0 3180  248.22000  654.47507   164%     -    2s
H    0     0                     248.8000000  654.38996   163%     -    2s
H    0     0                     273.8000000  654.38996   139%     -    2s
     0     0  654.38996    0 3174  273.80000  654.38996   139%     -    2s
     0     0  652.71503    0 3183  273.80000  652.71503   138%     -    3s
     0     0  652.61885    0 3211  273.80000  652.61885   138%     -    3s
     0     0  652.56510    0 3163  273.80000  652.56510   138%     -    3s
     0     0  652.55720    0 3168  273.80000  652.55720   138%     -    3s
     0     0  651.67582    0 3202  273.80000  651.67582   138%     -    3s
     0     0  651.62861    0 3183  273.80000  651.62861   138%     -    3s
     0     0  651.62464    0 3182  273.80000  651.62464   138%     -    3s
     0     0  650.96808    0 3122  273.80000  650.96808   138%     -    3s
H    0     0                     343.5400000  650.95821  89.5%     -    3s
H    0     0                     490.6600000  650.95821  32.7%     -    4s
H    0     0                     515.6600000  650.95821  26.2%     -    4s
H    0     0                     516.0800000  650.95821  26.1%     -    4s
H    0     0                     530.8200000  650.95821  22.6%     -    4s
H    0     0                     534.0800000  650.95821  21.9%     -    4s
H    0     0                     537.6600000  650.95821  21.1%     -    4s
     0     0  650.94989    0 3119  537.66000  650.94989  21.1%     -    4s
     0     0  650.73431    0 3101  537.66000  650.73431  21.0%     -    4s
     0     0  650.70224    0 3129  537.66000  650.70224  21.0%     -    4s
     0     0  650.29399    0 3155  537.66000  650.29399  20.9%     -    4s
H    0     0                     540.2400000  650.27613  20.4%     -    4s
H    0     0                     542.6600000  650.27613  19.8%     -    4s
     0     0  650.25411    0 3127  542.66000  650.25411  19.8%     -    4s
     0     0  649.54014    0 3129  542.66000  649.54014  19.7%     -    5s
     0     0  649.41783    0 3182  542.66000  649.41783  19.7%     -    5s
     0     0  649.41366    0 3178  542.66000  649.41366  19.7%     -    5s
     0     0  649.25328    0 3112  542.66000  649.25328  19.6%     -    5s
H    0     0                     544.2400000  649.25103  19.3%     -    5s
H    0     0                     547.8200000  649.25103  18.5%     -    5s
H    0     0                     551.2400000  649.25103  17.8%     -    5s
     0     0  649.23351    0 3157  551.24000  649.23351  17.8%     -    5s
     0     0  649.19328    0 3162  551.24000  649.19328  17.8%     -    6s
     0     0  649.18699    0 3155  551.24000  649.18699  17.8%     -    6s
     0     2  649.18699    0 3153  551.24000  649.18699  17.8%     -    6s
H   83    85                     551.8200000  646.42522  17.1%   333    9s
    84    91  579.91947   26 2653  551.82000  646.42522  17.1%   339   10s
H  196   150                     567.8200000  637.20449  12.2%   297   14s
   211   165  589.74590   19 2310  567.82000  637.20449  12.2%   288   15s

Cutting planes:
  Gomory: 1
  Cover: 246
  Clique: 10
  MIR: 162
  StrongCG: 7
  Zero half: 100
  RLT: 100
  Relax-and-lift: 134

Explored 213 nodes (73709 simplex iterations) in 15.01 seconds (22.09 work units)
Thread count was 2 (of 4 available processors)

Solution count 10: 567.82 551.82 551.24 ... 530.82

Time limit reached
Best objective 5.678200000000e+02, best bound 6.372000000000e+02, gap 12.2187%
Set parameter TimeLimit to value 15
Gurobi Optimizer version 12.0.3 build v12.0.3rc0 (win64 - Windows 10.0 (19045.2))

CPU model: Intel(R) Core(TM) i5-7400 CPU @ 3.00GHz, instruction set [SSE2|AVX|AVX2]
Thread count: 4 physical cores, 4 logical processors, using up to 2 threads

Non-default parameters:
TimeLimit  15
LogToConsole  0
Threads  2

Academic license 2699416 - for non-commercial use only - registered to pa___@id.uff.br
Optimize a model with 6634 rows, 7770 columns and 36678 nonzeros
Model fingerprint: 0xc1e417ba
Variable types: 1 continuous, 7769 integer (7769 binary)
Coefficient statistics:
  Matrix range     [1e+00, 4e+02]
  Objective range  [1e+00, 1e+02]
  Bounds range     [1e+00, 3e+03]
  RHS range        [4e+03, 4e+03]

User MIP start produced solution with objective -5.68434e-14 (0.01s)
Loaded user MIP start with objective -5.68434e-14
MIP start from previous solve did not produce a new incumbent solution

Presolve removed 49 rows and 774 columns
Presolve time: 0.11s
Presolved: 6585 rows, 6996 columns, 34951 nonzeros
Variable types: 0 continuous, 6996 integer (6559 binary)

Root relaxation: objective 2.949009e+02, 2190 iterations, 0.18 seconds (0.15 work units)

    Nodes    |    Current Node    |     Objective Bounds      |     Work
 Expl Unexpl |  Obj  Depth IntInf | Incumbent    BestBd   Gap | It/Node Time

     0     0  294.90094    0 2053   -0.00000  294.90094      -     -    0s
H    0     0                      35.2380952  294.90094   737%     -    0s
     0     0  230.16891    0 2231   35.23810  230.16891   553%     -    0s
H    0     0                      35.8571429  230.16777   542%     -    1s
H    0     0                      41.8571429  230.16777   450%     -    1s
     0     0  228.82411    0 2241   41.85714  228.82411   447%     -    1s
     0     0  228.69714    0 2198   41.85714  228.69714   446%     -    1s
     0     0  228.68785    0 2126   41.85714  228.68785   446%     -    1s
     0     0  222.93608    0 2343   41.85714  222.93608   433%     -    1s
     0     0  222.29952    0 2317   41.85714  222.29952   431%     -    1s
     0     0  222.25866    0 2346   41.85714  222.25866   431%     -    1s
     0     0  222.23835    0 2348   41.85714  222.23835   431%     -    1s
     0     0  220.31949    0 2295   41.85714  220.31949   426%     -    1s
H    0     0                      42.4761905  220.21623   418%     -    1s
H    0     0                      60.4761905  220.21623   264%     -    1s
     0     0  220.19982    0 2293   60.47619  220.19982   264%     -    1s
     0     0  220.16004    0 2225   60.47619  220.16004   264%     -    1s
     0     0  220.15639    0 2228   60.47619  220.15639   264%     -    1s
     0     0  219.83340    0 2306   60.47619  219.83340   264%     -    1s
     0     0  219.68530    0 2311   60.47619  219.68530   263%     -    1s
     0     0  219.66316    0 2342   60.47619  219.66316   263%     -    1s
     0     0  218.79221    0 2227   60.47619  218.79221   262%     -    2s
     0     0  218.67419    0 2231   60.47619  218.67419   262%     -    2s
     0     0  218.65981    0 2314   60.47619  218.65981   262%     -    2s
     0     0  218.12865    0 2315   60.47619  218.12865   261%     -    2s
H    0     0                      61.9523810  218.12076   252%     -    2s
H    0     0                      62.9523810  218.12076   246%     -    2s
H    0     0                     153.4285714  218.12076  42.2%     -    2s
H    0     0                     154.0476190  218.12076  41.6%     -    2s
H    0     0                     155.4285714  218.12076  40.3%     -    2s
H    0     0                     171.6666667  218.12076  27.1%     -    2s
H    0     0                     172.0476190  218.12076  26.8%     -    2s
H    0     0                     175.0476190  218.12076  24.6%     -    2s
H    0     0                     175.6666667  218.12076  24.2%     -    2s
     0     0  217.95816    0 2318  175.66667  217.95816  24.1%     -    2s
     0     0  217.92876    0 2325  175.66667  217.92876  24.1%     -    2s
     0     0  217.91857    0 2324  175.66667  217.91857  24.1%     -    2s
     0     0  217.87965    0 2323  175.66667  217.87965  24.0%     -    2s
     0     0  217.80331    0 2325  175.66667  217.80331  24.0%     -    2s
     0     0  217.80106    0 2327  175.66667  217.80106  24.0%     -    2s
     0     0  217.59242    0 2325  175.66667  217.59242  23.9%     -    3s
     0     0  217.58858    0 2322  175.66667  217.58858  23.9%     -    3s
     0     0  217.55299    0 1966  175.66667  217.55299  23.8%     -    3s
     0     0  217.55299    0 2273  175.66667  217.55299  23.8%     -    4s
     0     0  217.55299    0 2230  175.66667  217.55299  23.8%     -    4s
     0     0  217.38286    0 2246  175.66667  217.38286  23.7%     -    4s
     0     0  217.08169    0 2204  175.66667  217.08169  23.6%     -    4s
     0     0  217.08149    0 2204  175.66667  217.08149  23.6%     -    4s
     0     0  216.81140    0 2266  175.66667  216.81140  23.4%     -    4s
     0     0  216.78481    0 2324  175.66667  216.78481  23.4%     -    4s
     0     0  216.78086    0 2323  175.66667  216.78086  23.4%     -    4s
     0     0  216.44929    0 2322  175.66667  216.44929  23.2%     -    4s
     0     0  216.43815    0 2318  175.66667  216.43815  23.2%     -    4s
     0     0  216.43320    0 2321  175.66667  216.43320  23.2%     -    4s
     0     0  216.41686    0 2322  175.66667  216.41686  23.2%     -    4s
     0     0  216.41686    0 2321  175.66667  216.41686  23.2%     -    5s
     0     0  216.39477    0 2318  175.66667  216.39477  23.2%     -    5s
     0     2  216.39477    0 2318  175.66667  216.39477  23.2%     -    5s
H   29    31                     180.6666667  215.09753  19.1%   175    6s
   473    51     cutoff   25       180.66667  188.44440  4.31%  94.7   10s

Cutting planes:
  Gomory: 2
  Cover: 136
  Clique: 1
  MIR: 64
  StrongCG: 6
  Zero half: 76
  RLT: 42
  Relax-and-lift: 10

Explored 567 nodes (61298 simplex iterations) in 10.70 seconds (14.37 work units)
Thread count was 2 (of 4 available processors)

Solution count 10: 180.667 175.667 175.048 ... 61.9524

Optimal solution found (tolerance 1.00e-04)
Best objective 1.806666666667e+02, best bound 1.806666666667e+02, gap 0.0000%
Set parameter TimeLimit to value 15
Gurobi Optimizer version 12.0.3 build v12.0.3rc0 (win64 - Windows 10.0 (19045.2))

CPU model: Intel(R) Core(TM) i5-7400 CPU @ 3.00GHz, instruction set [SSE2|AVX|AVX2]
Thread count: 4 physical cores, 4 logical processors, using up to 2 threads

Non-default parameters:
TimeLimit  15
LogToConsole  0
Threads  2

Academic license 2699416 - for non-commercial use only - registered to pa___@id.uff.br
Optimize a model with 6634 rows, 7770 columns and 36678 nonzeros
Model fingerprint: 0x8536fb39
Variable types: 1 continuous, 7769 integer (7769 binary)
Coefficient statistics:
  Matrix range     [1e+00, 4e+02]
  Objective range  [1e+00, 1e+02]
  Bounds range     [1e+00, 3e+03]
  RHS range        [4e+03, 4e+03]

User MIP start produced solution with objective 1.42109e-14 (0.01s)
Loaded user MIP start with objective 1.42109e-14
MIP start from previous solve did not produce a new incumbent solution

Presolve removed 49 rows and 774 columns
Presolve time: 0.12s
Presolved: 6585 rows, 6996 columns, 34951 nonzeros
Variable types: 0 continuous, 6996 integer (6559 binary)

Root relaxation: objective 1.079405e+02, 406 iterations, 0.03 seconds (0.03 work units)

    Nodes    |    Current Node    |     Objective Bounds      |     Work
 Expl Unexpl |  Obj  Depth IntInf | Incumbent    BestBd   Gap | It/Node Time

     0     0  107.94048    0 1078    0.00000  107.94048      -     -    0s
H    0     0                      29.8571429  107.94048   262%     -    0s
H    0     0                      55.2857143  107.94048  95.2%     -    0s
H    0     0                      68.7142857  107.94048  57.1%     -    0s
     0     0   70.90062    0 1090   68.71429   70.90062  3.18%     -    0s
     0     0   70.90062    0  159   68.71429   70.90062  3.18%     -    0s
     0     0   68.92857    0  127   68.71429   68.92857  0.31%     -    0s

Cutting planes:
  Gomory: 2
  Cover: 4
  Clique: 2
  MIR: 1
  Zero half: 1
  RLT: 1

Explored 1 nodes (965 simplex iterations) in 0.64 seconds (0.45 work units)
Thread count was 2 (of 4 available processors)

Solution count 4: 68.7143 55.2857 29.8571 1.42109e-14 

Optimal solution found (tolerance 1.00e-04)
Best objective 6.871428571429e+01, best bound 6.871428571429e+01, gap 0.0000%
Set parameter TimeLimit to value 15
Gurobi Optimizer version 12.0.3 build v12.0.3rc0 (win64 - Windows 10.0 (19045.2))

CPU model: Intel(R) Core(TM) i5-7400 CPU @ 3.00GHz, instruction set [SSE2|AVX|AVX2]
Thread count: 4 physical cores, 4 logical processors, using up to 2 threads

Non-default parameters:
TimeLimit  15
LogToConsole  0
Threads  2

Academic license 2699416 - for non-commercial use only - registered to pa___@id.uff.br
Optimize a model with 6634 rows, 7770 columns and 36678 nonzeros
Model fingerprint: 0x86d2aeea
Variable types: 1 continuous, 7769 integer (7769 binary)
Coefficient statistics:
  Matrix range     [1e+00, 4e+02]
  Objective range  [1e+00, 1e+02]
  Bounds range     [1e+00, 3e+03]
  RHS range        [4e+03, 4e+03]

User MIP start produced solution with objective -0 (0.01s)
Loaded user MIP start with objective -0
MIP start from previous solve did not produce a new incumbent solution

Presolve removed 49 rows and 774 columns
Presolve time: 0.12s
Presolved: 6585 rows, 6996 columns, 34951 nonzeros
Variable types: 0 continuous, 6996 integer (6559 binary)

Root relaxation: objective 3.938462e+01, 77 iterations, 0.02 seconds (0.02 work units)

    Nodes    |    Current Node    |     Objective Bounds      |     Work
 Expl Unexpl |  Obj  Depth IntInf | Incumbent    BestBd   Gap | It/Node Time

     0     0   29.74209    0  317   -0.00000   29.74209      -     -    0s
     0     0   28.91852    0  315   -0.00000   28.91852      -     -    0s
     0     0   15.71930    0  311   -0.00000   15.71930      -     -    0s
     0     0   15.71930    0  308   -0.00000   15.71930      -     -    0s
     0     0    1.00000    0  360   -0.00000    1.00000      -     -    1s
     0     0     cutoff    0        -0.00000   -0.00000  0.00%     -    1s

Cutting planes:
  Gomory: 1
  Cover: 6
  MIR: 2
  StrongCG: 1
  Zero half: 1
  RLT: 1

Explored 1 nodes (384 simplex iterations) in 1.15 seconds (0.74 work units)
Thread count was 2 (of 4 available processors)

Solution count 1: -0 
No other solutions better than -0

Optimal solution found (tolerance 1.00e-04)
Best objective -0.000000000000e+00, best bound -0.000000000000e+00, gap 0.0000%

Gurobi 12.0.3 (win64, Java) logging started Wed Aug 27 13:15:44 2025

Set parameter LogToConsole to value 0
Set parameter WLSAccessID
Set parameter WLSSecret
Set parameter LicenseID to value 2699416
Set parameter TimeLimit to value 15
Set parameter LogFile to value "mip1.log"
Set parameter Threads to value 2
Academic license 2699416 - for non-commercial use only - registered to pa___@id.uff.br
Gurobi Optimizer version 12.0.3 build v12.0.3rc0 (win64 - Windows 10.0 (19045.2))

CPU model: Intel(R) Core(TM) i5-7400 CPU @ 3.00GHz, instruction set [SSE2|AVX|AVX2]
Thread count: 4 physical cores, 4 logical processors, using up to 2 threads

Non-default parameters:
TimeLimit  15
LogToConsole  0
Threads  2

Academic license 2699416 - for non-commercial use only - registered to pa___@id.uff.br
Optimize a model with 1052 rows, 1197 columns and 5139 nonzeros
Model fingerprint: 0x84948a23
Variable types: 1 continuous, 1196 integer (1196 binary)
Coefficient statistics:
  Matrix range     [1e+00, 9e+01]
  Objective range  [1e+00, 2e+00]
  Bounds range     [1e+00, 5e+02]
  RHS range        [7e+02, 7e+02]

User MIP start produced solution with objective 4.44089e-16 (0.01s)
Loaded user MIP start with objective 4.44089e-16

Presolve removed 0 rows and 59 columns
Presolve time: 0.01s
Presolved: 1052 rows, 1138 columns, 5022 nonzeros
Found heuristic solution: objective 3.3863636
Variable types: 0 continuous, 1138 integer (1098 binary)
Found heuristic solution: objective 77.8863636

Root relaxation: objective 6.586339e+02, 1023 iterations, 0.02 seconds (0.02 work units)

    Nodes    |    Current Node    |     Objective Bounds      |     Work
 Expl Unexpl |  Obj  Depth IntInf | Incumbent    BestBd   Gap | It/Node Time

     0     0  658.63395    0  313   77.88636  658.63395   746%     -    0s
H    0     0                     645.3636364  658.63395  2.06%     -    0s
H    0     0                     648.7500000  658.63395  1.52%     -    0s
H    0     0                     650.4431818  658.63395  1.26%     -    0s
     0     0  658.29453    0  380  650.44318  658.29453  1.21%     -    0s
H    0     0                     652.1363636  658.29453  0.94%     -    0s
     0     0  658.29423    0  380  652.13636  658.29423  0.94%     -    0s
     0     0  658.14716    0  230  652.13636  658.14716  0.92%     -    0s
     0     0  658.11350    0  351  652.13636  658.11350  0.92%     -    0s
     0     0  658.11330    0  382  652.13636  658.11330  0.92%     -    0s
     0     0  658.11330    0  382  652.13636  658.11330  0.92%     -    0s
     0     0  658.03503    0  383  652.13636  658.03503  0.90%     -    0s
     0     0  658.02475    0  389  652.13636  658.02475  0.90%     -    0s
     0     0  658.02391    0  408  652.13636  658.02391  0.90%     -    0s
     0     0  658.02376    0  401  652.13636  658.02376  0.90%     -    0s
     0     0  658.00606    0  366  652.13636  658.00606  0.90%     -    0s
     0     0  657.99901    0  358  652.13636  657.99901  0.90%     -    0s
     0     0  657.99847    0  390  652.13636  657.99847  0.90%     -    0s
     0     0  657.98619    0  388  652.13636  657.98619  0.90%     -    0s
     0     0  657.98251    0  400  652.13636  657.98251  0.90%     -    0s
     0     0  657.98201    0  447  652.13636  657.98201  0.90%     -    0s
     0     0  657.98148    0  449  652.13636  657.98148  0.90%     -    0s
     0     0  657.95868    0  393  652.13636  657.95868  0.89%     -    0s
H    0     0                     652.2159091  657.95868  0.88%     -    0s
H    0     0                     653.8295455  657.95868  0.63%     -    0s
H    0     0                     655.5227273  657.95868  0.37%     -    0s
     0     0  657.95617    0  370  655.52273  657.95617  0.37%     -    0s
     0     0  657.95549    0  407  655.52273  657.95549  0.37%     -    0s
     0     0  657.95377    0  400  655.52273  657.95377  0.37%     -    0s
     0     0  657.95335    0  392  655.52273  657.95335  0.37%     -    0s
     0     0  657.95041    0  367  655.52273  657.95041  0.37%     -    0s
H    0     0                     657.2159091  657.94960  0.11%     -    0s
     0     0  657.94960    0  401  657.21591  657.94960  0.11%     -    0s
     0     0  657.94780    0  353  657.21591  657.94780  0.11%     -    1s
     0     0  657.94598    0  357  657.21591  657.94598  0.11%     -    1s
     0     0  657.94598    0  383  657.21591  657.94598  0.11%     -    1s
     0     0  657.94598    0  368  657.21591  657.94598  0.11%     -    1s
     0     0  657.94598    0  368  657.21591  657.94598  0.11%     -    1s
     0     2  657.94598    0  368  657.21591  657.94598  0.11%     -    1s
  1294   558  657.71782   15  315  657.21591  657.71782  0.08%  20.1    5s
  4158  1055  657.32879   29   30  657.21591  657.60192  0.06%  21.0   10s
  8033  1921  657.47640   25   63  657.21591  657.52668  0.05%  19.8   15s

Cutting planes:
  Gomory: 2
  Implied bound: 1
  MIR: 12
  Flow cover: 40
  Zero half: 53
  RLT: 75

Explored 8073 nodes (161871 simplex iterations) in 15.00 seconds (25.19 work units)
Thread count was 2 (of 4 available processors)

Solution count 10: 657.216 655.523 653.83 ... 3.38636

Time limit reached
Best objective 6.572159090909e+02, best bound 6.575227272727e+02, gap 0.0467%
Set parameter TimeLimit to value 15
Gurobi Optimizer version 12.0.3 build v12.0.3rc0 (win64 - Windows 10.0 (19045.2))

CPU model: Intel(R) Core(TM) i5-7400 CPU @ 3.00GHz, instruction set [SSE2|AVX|AVX2]
Thread count: 4 physical cores, 4 logical processors, using up to 2 threads

Non-default parameters:
TimeLimit  15
LogToConsole  0
Threads  2

Academic license 2699416 - for non-commercial use only - registered to pa___@id.uff.br
Optimize a model with 1052 rows, 1197 columns and 5139 nonzeros
Model fingerprint: 0x0b5585b4
Variable types: 1 continuous, 1196 integer (1196 binary)
Coefficient statistics:
  Matrix range     [1e+00, 9e+01]
  Objective range  [1e+00, 4e+01]
  Bounds range     [1e+00, 5e+02]
  RHS range        [7e+02, 7e+02]

User MIP start produced solution with objective 2.13163e-14 (0.00s)
Loaded user MIP start with objective 2.13163e-14
MIP start from previous solve did not produce a new incumbent solution

Presolve removed 0 rows and 59 columns
Presolve time: 0.01s
Presolved: 1052 rows, 1138 columns, 5022 nonzeros
Variable types: 0 continuous, 1138 integer (1098 binary)

Root relaxation: objective 1.489965e+02, 754 iterations, 0.02 seconds (0.02 work units)

    Nodes    |    Current Node    |     Objective Bounds      |     Work
 Expl Unexpl |  Obj  Depth IntInf | Incumbent    BestBd   Gap | It/Node Time

     0     0  148.99654    0  514    0.00000  148.99654      -     -    0s
H    0     0                      15.3529412  148.99654   870%     -    0s
H    0     0                      23.3529412  148.99654   538%     -    0s
     0     0  144.82817    0  567   23.35294  144.82817   520%     -    0s
H    0     0                      24.0588235  144.73529   502%     -    0s
H    0     0                      56.0588235  144.73529   158%     -    0s
     0     0  144.61881    0  568   56.05882  144.61881   158%     -    0s
     0     0  144.61881    0  569   56.05882  144.61881   158%     -    0s
     0     0  143.88129    0  617   56.05882  143.88129   157%     -    0s
H    0     0                      71.4117647  143.87654   101%     -    0s
     0     0  143.85468    0  621   71.41176  143.85468   101%     -    0s
     0     0  143.83645    0  619   71.41176  143.83645   101%     -    0s
     0     0  143.81803    0  623   71.41176  143.81803   101%     -    0s
     0     0  143.80265    0  622   71.41176  143.80265   101%     -    0s
     0     0  143.80147    0  623   71.41176  143.80147   101%     -    0s
     0     0  143.80112    0  623   71.41176  143.80112   101%     -    0s
     0     0  143.09543    0  601   71.41176  143.09543   100%     -    0s
H    0     0                      71.7647059  143.06643  99.4%     -    0s
H    0     0                      82.7647059  143.06643  72.9%     -    0s
     0     0  142.88402    0  587   82.76471  142.88402  72.6%     -    0s
     0     0  142.85508    0  604   82.76471  142.85508  72.6%     -    0s
     0     0  142.85036    0  605   82.76471  142.85036  72.6%     -    0s
     0     0  142.84908    0  605   82.76471  142.84908  72.6%     -    0s
     0     0  142.10675    0  596   82.76471  142.10675  71.7%     -    0s
H    0     0                      89.1176471  142.08462  59.4%     -    0s
     0     0  141.99781    0  600   89.11765  141.99781  59.3%     -    0s
     0     0  141.96869    0  603   89.11765  141.96869  59.3%     -    0s
     0     0  141.96849    0  603   89.11765  141.96849  59.3%     -    0s
     0     0  141.56554    0  597   89.11765  141.56554  58.9%     -    0s
H    0     0                      89.4705882  141.56171  58.2%     -    0s
H    0     0                     105.4705882  141.56171  34.2%     -    0s
     0     0  141.49989    0  631  105.47059  141.49989  34.2%     -    0s
     0     0  141.48760    0  605  105.47059  141.48760  34.1%     -    0s
     0     0  141.48735    0  618  105.47059  141.48735  34.1%     -    0s
     0     0  141.42647    0  632  105.47059  141.42647  34.1%     -    0s
H    0     0                     125.5294118  141.42060  12.7%     -    0s
     0     0  141.41040    0  635  125.52941  141.41040  12.7%     -    0s
     0     0  141.40938    0  634  125.52941  141.40938  12.7%     -    0s
     0     0  141.36223    0  606  125.52941  141.36223  12.6%     -    1s
     0     0  141.33886    0  621  125.52941  141.33886  12.6%     -    1s
     0     0  141.33886    0  622  125.52941  141.33886  12.6%     -    1s
     0     0  141.33886    0  622  125.52941  141.33886  12.6%     -    1s
     0     0  141.33886    0  622  125.52941  141.33886  12.6%     -    1s
     0     0  141.33886    0  514  125.52941  141.33886  12.6%     -    1s
H    0     0                     129.8823529  141.33886  8.82%     -    1s
     0     0  141.33886    0  616  129.88235  141.33886  8.82%     -    1s
     0     0  141.30050    0  605  129.88235  141.30050  8.79%     -    1s
     0     0  141.20546    0  621  129.88235  141.20546  8.72%     -    1s
     0     0  141.19754    0  621  129.88235  141.19754  8.71%     -    1s
     0     0  140.97699    0  617  129.88235  140.97699  8.54%     -    1s
H    0     0                     130.5294118  140.97555  8.00%     -    1s
H    0     0                     131.5294118  140.97555  7.18%     -    1s
     0     0  140.97319    0  619  131.52941  140.97319  7.18%     -    1s
     0     0  140.97101    0  619  131.52941  140.97101  7.18%     -    1s
     0     0  140.89177    0  619  131.52941  140.89177  7.12%     -    1s
     0     0  140.87657    0  619  131.52941  140.87657  7.11%     -    1s
     0     0  140.87385    0  620  131.52941  140.87385  7.10%     -    1s
     0     0  140.85418    0  621  131.52941  140.85418  7.09%     -    1s
     0     0  140.83287    0  620  131.52941  140.83287  7.07%     -    1s
     0     0  140.83287    0  620  131.52941  140.83287  7.07%     -    1s
     0     0  140.83287    0  620  131.52941  140.83287  7.07%     -    1s
     0     0  140.83287    0  620  131.52941  140.83287  7.07%     -    1s
     0     0  140.83287    0  616  131.52941  140.83287  7.07%     -    1s
     0     2  140.83287    0  616  131.52941  140.83287  7.07%     -    1s
*   16    10               6     131.8823529  139.06447  5.45%  83.1    1s
*   27    10               5     135.8823529  137.97426  1.54%  67.6    1s

Cutting planes:
  Gomory: 1
  MIR: 22
  Zero half: 29
  RLT: 36

Explored 49 nodes (4987 simplex iterations) in 1.96 seconds (1.33 work units)
Thread count was 2 (of 4 available processors)

Solution count 10: 135.882 131.882 131.529 ... 82.7647

Optimal solution found (tolerance 1.00e-04)
Best objective 1.358823529412e+02, best bound 1.358823529412e+02, gap 0.0000%
Set parameter TimeLimit to value 15
Gurobi Optimizer version 12.0.3 build v12.0.3rc0 (win64 - Windows 10.0 (19045.2))

CPU model: Intel(R) Core(TM) i5-7400 CPU @ 3.00GHz, instruction set [SSE2|AVX|AVX2]
Thread count: 4 physical cores, 4 logical processors, using up to 2 threads

Non-default parameters:
TimeLimit  15
LogToConsole  0
Threads  2

Academic license 2699416 - for non-commercial use only - registered to pa___@id.uff.br
Optimize a model with 1052 rows, 1197 columns and 5139 nonzeros
Model fingerprint: 0xe196fd83
Variable types: 1 continuous, 1196 integer (1196 binary)
Coefficient statistics:
  Matrix range     [1e+00, 9e+01]
  Objective range  [1e+00, 6e+01]
  Bounds range     [1e+00, 5e+02]
  RHS range        [7e+02, 7e+02]

User MIP start produced solution with objective -0 (0.01s)
Loaded user MIP start with objective -0
MIP start from previous solve did not produce a new incumbent solution

Presolve removed 0 rows and 59 columns
Presolve time: 0.01s
Presolved: 1052 rows, 1138 columns, 5022 nonzeros
Variable types: 0 continuous, 1138 integer (1098 binary)

Root relaxation: objective 5.013841e+01, 264 iterations, 0.01 seconds (0.01 work units)

    Nodes    |    Current Node    |     Objective Bounds      |     Work
 Expl Unexpl |  Obj  Depth IntInf | Incumbent    BestBd   Gap | It/Node Time

     0     0   50.13841    0  466   -0.00000   50.13841      -     -    0s
H    0     0                      18.0000000   50.13841   179%     -    0s
     0     0   48.86402    0  457   18.00000   48.86402   171%     -    0s
     0     0   48.78653    0  458   18.00000   48.78653   171%     -    0s
     0     0   48.78653    0  458   18.00000   48.78653   171%     -    0s
     0     0   48.78653    0  459   18.00000   48.78653   171%     -    0s
     0     0   48.02222    0  467   18.00000   48.02222   167%     -    0s
     0     0   47.94791    0  470   18.00000   47.94791   166%     -    0s
     0     0   47.90285    0  471   18.00000   47.90285   166%     -    0s
     0     0   47.81996    0  467   18.00000   47.81996   166%     -    0s
     0     0   47.78038    0  469   18.00000   47.78038   165%     -    0s
     0     0   47.76906    0  470   18.00000   47.76906   165%     -    0s
     0     0   47.76242    0  470   18.00000   47.76242   165%     -    0s
     0     0   47.44931    0  440   18.00000   47.44931   164%     -    0s
H    0     0                      38.0000000   47.43810  24.8%     -    0s
H    0     0                      41.0000000   47.43810  15.7%     -    0s
     0     0   47.36645    0  470   41.00000   47.36645  15.5%     -    0s
     0     0   47.35970    0  471   41.00000   47.35970  15.5%     -    0s
     0     0   47.34258    0  473   41.00000   47.34258  15.5%     -    0s
     0     0   47.34246    0  474   41.00000   47.34246  15.5%     -    0s
     0     0   47.14229    0  400   41.00000   47.14229  15.0%     -    0s
     0     0   47.14229    0  222   41.00000   47.14229  15.0%     -    0s
H    0     0                      44.0000000   47.14229  7.14%     -    0s
     0     0   47.14229    0  221   44.00000   47.14229  7.14%     -    0s
     0     0   46.93219    0  232   44.00000   46.93219  6.66%     -    0s
     0     0   46.82322    0  225   44.00000   46.82322  6.42%     -    0s
     0     0   46.81235    0  235   44.00000   46.81235  6.39%     -    0s
     0     0   46.80762    0  226   44.00000   46.80762  6.38%     -    0s
     0     0   46.16616    0  240   44.00000   46.16616  4.92%     -    0s
     0     0   46.11087    0  227   44.00000   46.11087  4.80%     -    0s
     0     0   46.10736    0  242   44.00000   46.10736  4.79%     -    0s
     0     0   46.09640    0  242   44.00000   46.09640  4.76%     -    0s
     0     0   45.88717    0  245   44.00000   45.88717  4.29%     -    0s
     0     0   45.87164    0  245   44.00000   45.87164  4.25%     -    0s
     0     0   45.86365    0  244   44.00000   45.86365  4.24%     -    0s
     0     0   45.86048    0  244   44.00000   45.86048  4.23%     -    0s
     0     0   45.85935    0  245   44.00000   45.85935  4.23%     -    0s
     0     0   45.40458    0  235   44.00000   45.40458  3.19%     -    0s
     0     0   45.27158    0  237   44.00000   45.27158  2.89%     -    0s
     0     0   45.26278    0  238   44.00000   45.26278  2.87%     -    0s
     0     0   45.25830    0  239   44.00000   45.25830  2.86%     -    0s
     0     0   45.25446    0  237   44.00000   45.25446  2.85%     -    0s
     0     0   45.25435    0  239   44.00000   45.25435  2.85%     -    0s
     0     0     cutoff    0        44.00000   44.00000  0.00%     -    0s

Cutting planes:
  Gomory: 2
  Cover: 1
  MIR: 9
  Zero half: 16
  RLT: 67

Explored 1 nodes (1035 simplex iterations) in 0.42 seconds (0.24 work units)
Thread count was 2 (of 4 available processors)

Solution count 6: 44 41 40 ... -0

Optimal solution found (tolerance 1.00e-04)
Best objective 4.400000000000e+01, best bound 4.400000000000e+01, gap 0.0000%
Set parameter TimeLimit to value 15
Gurobi Optimizer version 12.0.3 build v12.0.3rc0 (win64 - Windows 10.0 (19045.2))

CPU model: Intel(R) Core(TM) i5-7400 CPU @ 3.00GHz, instruction set [SSE2|AVX|AVX2]
Thread count: 4 physical cores, 4 logical processors, using up to 2 threads

Non-default parameters:
TimeLimit  15
LogToConsole  0
Threads  2

Academic license 2699416 - for non-commercial use only - registered to pa___@id.uff.br
Optimize a model with 1052 rows, 1197 columns and 5139 nonzeros
Model fingerprint: 0x145fda18
Variable types: 1 continuous, 1196 integer (1196 binary)
Coefficient statistics:
  Matrix range     [1e+00, 9e+01]
  Objective range  [1e+00, 9e+01]
  Bounds range     [1e+00, 5e+02]
  RHS range        [7e+02, 7e+02]

User MIP start produced solution with objective -0 (0.01s)
Loaded user MIP start with objective -0
MIP start from previous solve did not produce a new incumbent solution

Presolve removed 0 rows and 59 columns
Presolve time: 0.01s
Presolved: 1052 rows, 1138 columns, 5022 nonzeros
Variable types: 0 continuous, 1138 integer (1098 binary)

Root relaxation: objective 4.552147e+00, 42 iterations, 0.00 seconds (0.00 work units)

    Nodes    |    Current Node    |     Objective Bounds      |     Work
 Expl Unexpl |  Obj  Depth IntInf | Incumbent    BestBd   Gap | It/Node Time

     0     0    4.55215    0  285   -0.00000    4.55215      -     -    0s
     0     0    3.92147    0  239   -0.00000    3.92147      -     -    0s
     0     0    3.92147    0  285   -0.00000    3.92147      -     -    0s
     0     0    2.77732    0  326   -0.00000    2.77732      -     -    0s
     0     0    2.75178    0  328   -0.00000    2.75178      -     -    0s
     0     0    2.50391    0  327   -0.00000    2.50391      -     -    0s
     0     0    2.46601    0  326   -0.00000    2.46601      -     -    0s
     0     0    2.43579    0  327   -0.00000    2.43579      -     -    0s
     0     0    2.42821    0  327   -0.00000    2.42821      -     -    0s
     0     0     cutoff    0        -0.00000   -0.00000  0.00%     -    0s

Cutting planes:
  Gomory: 4
  MIR: 1
  Zero half: 7
  RLT: 8

Explored 1 nodes (122 simplex iterations) in 0.19 seconds (0.14 work units)
Thread count was 2 (of 4 available processors)

Solution count 1: -0 
No other solutions better than -0

Optimal solution found (tolerance 1.00e-04)
Best objective -0.000000000000e+00, best bound -0.000000000000e+00, gap 0.0000%

Gurobi 12.0.3 (win64, Java) logging started Wed Aug 27 13:16:02 2025

Set parameter LogToConsole to value 0
Set parameter WLSAccessID
Set parameter WLSSecret
Set parameter LicenseID to value 2699416
Set parameter TimeLimit to value 15
Set parameter LogFile to value "mip1.log"
Set parameter Threads to value 2
Academic license 2699416 - for non-commercial use only - registered to pa___@id.uff.br
Gurobi Optimizer version 12.0.3 build v12.0.3rc0 (win64 - Windows 10.0 (19045.2))

CPU model: Intel(R) Core(TM) i5-7400 CPU @ 3.00GHz, instruction set [SSE2|AVX|AVX2]
Thread count: 4 physical cores, 4 logical processors, using up to 2 threads

Non-default parameters:
TimeLimit  15
LogToConsole  0
Threads  2

Academic license 2699416 - for non-commercial use only - registered to pa___@id.uff.br
Optimize a model with 412 rows, 501 columns and 2035 nonzeros
Model fingerprint: 0xdadd33e7
Variable types: 1 continuous, 500 integer (500 binary)
Coefficient statistics:
  Matrix range     [1e+00, 8e+01]
  Objective range  [7e-01, 1e+00]
  Bounds range     [1e+00, 1e+02]
  RHS range        [2e+02, 2e+02]

User MIP start produced solution with objective -6.88338e-15 (0.75s)
Loaded user MIP start with objective -6.88338e-15

Presolve removed 1 rows and 15 columns
Presolve time: 0.01s
Presolved: 411 rows, 486 columns, 2010 nonzeros
Found heuristic solution: objective 5.8554217
Variable types: 0 continuous, 486 integer (479 binary)
Found heuristic solution: objective 36.4337349

Root relaxation: objective 1.702818e+02, 400 iterations, 0.01 seconds (0.00 work units)

    Nodes    |    Current Node    |     Objective Bounds      |     Work
 Expl Unexpl |  Obj  Depth IntInf | Incumbent    BestBd   Gap | It/Node Time

     0     0  170.28181    0  188   36.43373  170.28181   367%     -    0s
H    0     0                     157.2409639  170.28181  8.29%     -    0s
H    0     0                     162.6385542  170.28181  4.70%     -    0s
H    0     0                     167.8433735  170.28181  1.45%     -    0s
H    0     0                     168.4939759  170.28181  1.06%     -    0s
     0     0  169.79518    0  227  168.49398  169.79518  0.77%     -    0s
H    0     0                     169.1445783  169.79518  0.38%     -    0s
     0     0  169.79518    0  227  169.14458  169.79518  0.38%     -    0s
     0     0  169.79518    0  233  169.14458  169.79518  0.38%     -    0s
H    0     0                     169.7951807  169.79518  0.00%     -    0s
     0     0  169.79518    0  233  169.79518  169.79518  0.00%     -    0s

Cutting planes:
  Gomory: 3
  MIR: 2
  Zero half: 3
  RLT: 3

Explored 1 nodes (475 simplex iterations) in 0.90 seconds (0.07 work units)
Thread count was 2 (of 4 available processors)

Solution count 9: 169.795 169.145 168.494 ... -6.88338e-15

Optimal solution found (tolerance 1.00e-04)
Best objective 1.697951807229e+02, best bound 1.697951807229e+02, gap 0.0000%
Set parameter TimeLimit to value 15
Gurobi Optimizer version 12.0.3 build v12.0.3rc0 (win64 - Windows 10.0 (19045.2))

CPU model: Intel(R) Core(TM) i5-7400 CPU @ 3.00GHz, instruction set [SSE2|AVX|AVX2]
Thread count: 4 physical cores, 4 logical processors, using up to 2 threads

Non-default parameters:
TimeLimit  15
LogToConsole  0
Threads  2

Academic license 2699416 - for non-commercial use only - registered to pa___@id.uff.br
Optimize a model with 412 rows, 501 columns and 2035 nonzeros
Model fingerprint: 0x8ebcb1a9
Variable types: 1 continuous, 500 integer (500 binary)
Coefficient statistics:
  Matrix range     [1e+00, 8e+01]
  Objective range  [1e+00, 2e+01]
  Bounds range     [1e+00, 1e+02]
  RHS range        [2e+02, 2e+02]

User MIP start produced solution with objective -0 (0.01s)
Loaded user MIP start with objective -0
MIP start from previous solve did not produce a new incumbent solution

Presolve removed 1 rows and 15 columns
Presolve time: 0.01s
Presolved: 411 rows, 486 columns, 2010 nonzeros
Variable types: 0 continuous, 486 integer (479 binary)

Root relaxation: objective 3.108929e+01, 118 iterations, 0.00 seconds (0.00 work units)

    Nodes    |    Current Node    |     Objective Bounds      |     Work
 Expl Unexpl |  Obj  Depth IntInf | Incumbent    BestBd   Gap | It/Node Time

     0     0   31.08929    0  108   -0.00000   31.08929      -     -    0s
H    0     0                       9.5000000   31.08929   227%     -    0s
H    0     0                      30.3750000   31.08929  2.35%     -    0s

Explored 1 nodes (118 simplex iterations) in 0.03 seconds (0.01 work units)
Thread count was 2 (of 4 available processors)

Solution count 3: 30.375 9.5 -0 

Optimal solution found (tolerance 1.00e-04)
Best objective 3.037500000000e+01, best bound 3.037500000000e+01, gap 0.0000%
Set parameter TimeLimit to value 15
Gurobi Optimizer version 12.0.3 build v12.0.3rc0 (win64 - Windows 10.0 (19045.2))

CPU model: Intel(R) Core(TM) i5-7400 CPU @ 3.00GHz, instruction set [SSE2|AVX|AVX2]
Thread count: 4 physical cores, 4 logical processors, using up to 2 threads

Non-default parameters:
TimeLimit  15
LogToConsole  0
Threads  2

Academic license 2699416 - for non-commercial use only - registered to pa___@id.uff.br
Optimize a model with 412 rows, 501 columns and 2035 nonzeros
Model fingerprint: 0xade72d9e
Variable types: 1 continuous, 500 integer (500 binary)
Coefficient statistics:
  Matrix range     [1e+00, 8e+01]
  Objective range  [1e+00, 3e+01]
  Bounds range     [1e+00, 1e+02]
  RHS range        [2e+02, 2e+02]

User MIP start produced solution with objective -0 (0.00s)
Loaded user MIP start with objective -0
MIP start from previous solve did not produce a new incumbent solution

Presolve removed 1 rows and 15 columns
Presolve time: 0.00s
Presolved: 411 rows, 486 columns, 2010 nonzeros
Variable types: 0 continuous, 486 integer (479 binary)

Root relaxation: objective 9.612903e+00, 27 iterations, 0.00 seconds (0.00 work units)

    Nodes    |    Current Node    |     Objective Bounds      |     Work
 Expl Unexpl |  Obj  Depth IntInf | Incumbent    BestBd   Gap | It/Node Time

     0     0    9.61290    0   32   -0.00000    9.61290      -     -    0s
H    0     0                       9.0000000    9.61290  6.81%     -    0s
     0     0    9.61290    0   32    9.00000    9.61290  6.81%     -    0s

Explored 1 nodes (31 simplex iterations) in 0.02 seconds (0.01 work units)
Thread count was 2 (of 4 available processors)

Solution count 2: 9 -0 

Optimal solution found (tolerance 1.00e-04)
Best objective 9.000000000000e+00, best bound 9.000000000000e+00, gap 0.0000%
Set parameter TimeLimit to value 15
Gurobi Optimizer version 12.0.3 build v12.0.3rc0 (win64 - Windows 10.0 (19045.2))

CPU model: Intel(R) Core(TM) i5-7400 CPU @ 3.00GHz, instruction set [SSE2|AVX|AVX2]
Thread count: 4 physical cores, 4 logical processors, using up to 2 threads

Non-default parameters:
TimeLimit  15
LogToConsole  0
Threads  2

Academic license 2699416 - for non-commercial use only - registered to pa___@id.uff.br
Optimize a model with 412 rows, 501 columns and 2035 nonzeros
Model fingerprint: 0xda577851
Variable types: 1 continuous, 500 integer (500 binary)
Coefficient statistics:
  Matrix range     [1e+00, 8e+01]
  Objective range  [1e+00, 4e+01]
  Bounds range     [1e+00, 1e+02]
  RHS range        [2e+02, 2e+02]

User MIP start produced solution with objective -0 (0.01s)
Loaded user MIP start with objective -0
MIP start from previous solve did not produce a new incumbent solution

Presolve removed 1 rows and 15 columns
Presolve time: 0.01s
Presolved: 411 rows, 486 columns, 2010 nonzeros
Variable types: 0 continuous, 486 integer (479 binary)

Root relaxation: objective 3.370968e+00, 9 iterations, 0.00 seconds (0.00 work units)

    Nodes    |    Current Node    |     Objective Bounds      |     Work
 Expl Unexpl |  Obj  Depth IntInf | Incumbent    BestBd   Gap | It/Node Time

     0     0    3.37097    0   32   -0.00000    3.37097      -     -    0s
     0     0     cutoff    0        -0.00000   -0.00000  0.00%     -    0s

Cutting planes:
  Gomory: 1
  Mod-K: 2

Explored 1 nodes (13 simplex iterations) in 0.03 seconds (0.01 work units)
Thread count was 2 (of 4 available processors)

Solution count 1: -0 
No other solutions better than -0

Optimal solution found (tolerance 1.00e-04)
Best objective -0.000000000000e+00, best bound -0.000000000000e+00, gap 0.0000%

Gurobi 12.0.3 (win64, Java) logging started Wed Aug 27 13:16:03 2025

Set parameter LogToConsole to value 0
Set parameter WLSAccessID
Set parameter WLSSecret
Set parameter LicenseID to value 2699416
Set parameter TimeLimit to value 15
Set parameter LogFile to value "mip1.log"
Set parameter Threads to value 2
Academic license 2699416 - for non-commercial use only - registered to pa___@id.uff.br
Gurobi Optimizer version 12.0.3 build v12.0.3rc0 (win64 - Windows 10.0 (19045.2))

CPU model: Intel(R) Core(TM) i5-7400 CPU @ 3.00GHz, instruction set [SSE2|AVX|AVX2]
Thread count: 4 physical cores, 4 logical processors, using up to 2 threads

Non-default parameters:
TimeLimit  15
LogToConsole  0
Threads  2

Academic license 2699416 - for non-commercial use only - registered to pa___@id.uff.br
Optimize a model with 2310 rows, 2773 columns and 10271 nonzeros
Model fingerprint: 0xcab125b4
Variable types: 1 continuous, 2772 integer (2772 binary)
Coefficient statistics:
  Matrix range     [1e+00, 1e+02]
  Objective range  [1e+00, 2e+01]
  Bounds range     [1e+00, 7e+02]
  RHS range        [1e+03, 1e+03]

User MIP start produced solution with objective -1.29674e-13 (0.01s)
Loaded user MIP start with objective -1.29674e-13

Presolve removed 13 rows and 377 columns
Presolve time: 0.03s
Presolved: 2297 rows, 2396 columns, 9460 nonzeros
Found heuristic solution: objective 673.9666667
Variable types: 0 continuous, 2396 integer (2243 binary)
Found heuristic solution: objective 721.7000000

Root relaxation: objective 1.134257e+03, 2296 iterations, 0.06 seconds (0.07 work units)

    Nodes    |    Current Node    |     Objective Bounds      |     Work
 Expl Unexpl |  Obj  Depth IntInf | Incumbent    BestBd   Gap | It/Node Time

     0     0 1134.25688    0 1132  721.70000 1134.25688  57.2%     -    0s
H    0     0                    1049.8666667 1134.25688  8.04%     -    0s
H    0     0                    1055.8333333 1134.25688  7.43%     -    0s
H    0     0                    1073.7333333 1134.25688  5.64%     -    0s
H    0     0                    1081.6333333 1134.25688  4.87%     -    0s
H    0     0                    1085.6666667 1134.25688  4.48%     -    0s
     0     0 1129.68422    0 1352 1085.66667 1129.68422  4.05%     -    1s
     0     0 1128.87182    0 1267 1085.66667 1128.87182  3.98%     -    1s
     0     0 1128.71881    0 1300 1085.66667 1128.71881  3.97%     -    1s
     0     0 1128.66957    0 1305 1085.66667 1128.66957  3.96%     -    1s
     0     0 1128.64069    0 1304 1085.66667 1128.64069  3.96%     -    1s
     0     0 1128.63478    0 1398 1085.66667 1128.63478  3.96%     -    1s
     0     0 1128.63075    0 1308 1085.66667 1128.63075  3.96%     -    1s
     0     0 1128.63072    0 1309 1085.66667 1128.63072  3.96%     -    1s
     0     0 1128.60529    0 1391 1085.66667 1128.60529  3.96%     -    1s
     0     0 1128.59777    0 1356 1085.66667 1128.59777  3.95%     -    1s
     0     0 1128.59496    0 1354 1085.66667 1128.59496  3.95%     -    1s
     0     0 1128.59306    0 1351 1085.66667 1128.59306  3.95%     -    1s
     0     0 1128.58302    0 1309 1085.66667 1128.58302  3.95%     -    1s
H    0     0                    1091.6333333 1128.58151  3.38%     -    1s
     0     0 1128.57885    0 1313 1091.63333 1128.57885  3.38%     -    1s
     0     0 1128.57621    0 1354 1091.63333 1128.57621  3.38%     -    1s
     0     0 1128.57576    0 1309 1091.63333 1128.57576  3.38%     -    1s
     0     0 1128.57255    0 1358 1091.63333 1128.57255  3.38%     -    1s
     0     0 1128.56590    0 1353 1091.63333 1128.56590  3.38%     -    1s
H    0     0                    1094.6000000 1128.56590  3.10%     -    1s
H    0     0                    1102.5666667 1128.56590  2.36%     -    1s
H    0     0                    1103.5666667 1128.56590  2.27%     -    1s
H    0     0                    1109.5333333 1128.56590  1.72%     -    1s
H    0     2                    1121.4666667 1128.56590  0.63%     -    2s
     0     2 1128.56590    0 1350 1121.46667 1128.56590  0.63%     -    2s
*   98   101              42    1126.4333333 1128.26506  0.16%  59.2    2s
*  285   115               9    1127.4333333 1127.76110  0.03%  42.8    3s

Cutting planes:
  Gomory: 2
  Cover: 75
  Clique: 4
  MIR: 67
  StrongCG: 2
  Zero half: 47
  RLT: 119
  Relax-and-lift: 33

Explored 328 nodes (17256 simplex iterations) in 3.61 seconds (5.69 work units)
Thread count was 2 (of 4 available processors)

Solution count 10: 1127.43 1126.43 1121.47 ... 1081.63

Optimal solution found (tolerance 1.00e-04)
Best objective 1.127433333333e+03, best bound 1.127500000000e+03, gap 0.0059%
Set parameter TimeLimit to value 15
Gurobi Optimizer version 12.0.3 build v12.0.3rc0 (win64 - Windows 10.0 (19045.2))

CPU model: Intel(R) Core(TM) i5-7400 CPU @ 3.00GHz, instruction set [SSE2|AVX|AVX2]
Thread count: 4 physical cores, 4 logical processors, using up to 2 threads

Non-default parameters:
TimeLimit  15
LogToConsole  0
Threads  2

Academic license 2699416 - for non-commercial use only - registered to pa___@id.uff.br
Optimize a model with 2310 rows, 2773 columns and 10271 nonzeros
Model fingerprint: 0x13e422eb
Variable types: 1 continuous, 2772 integer (2772 binary)
Coefficient statistics:
  Matrix range     [1e+00, 1e+02]
  Objective range  [1e+00, 9e+01]
  Bounds range     [1e+00, 7e+02]
  RHS range        [1e+03, 1e+03]

User MIP start produced solution with objective -0 (0.01s)
Loaded user MIP start with objective -0
MIP start from previous solve did not produce a new incumbent solution

Presolve removed 13 rows and 377 columns
Presolve time: 0.03s
Presolved: 2297 rows, 2396 columns, 9460 nonzeros
Variable types: 0 continuous, 2396 integer (2243 binary)

Root relaxation: objective 1.755965e+02, 774 iterations, 0.04 seconds (0.04 work units)

    Nodes    |    Current Node    |     Objective Bounds      |     Work
 Expl Unexpl |  Obj  Depth IntInf | Incumbent    BestBd   Gap | It/Node Time

     0     0  175.59651    0 1031   -0.00000  175.59651      -     -    0s
H    0     0                       9.6923077  175.59651  1712%     -    0s
H    0     0                      10.6923077  175.59651  1542%     -    0s
     0     0  138.65583    0 1188   10.69231  138.65583  1197%     -    1s
     0     0  133.53636    0 1227   10.69231  133.53636  1149%     -    1s
     0     0  132.13717    0 1191   10.69231  132.13717  1136%     -    1s
     0     0  131.85675    0 1075   10.69231  131.85675  1133%     -    1s
     0     0  131.80175    0 1220   10.69231  131.80175  1133%     -    1s
     0     0  131.79737    0 1221   10.69231  131.79737  1133%     -    1s
     0     0  131.50444    0 1399   10.69231  131.50444  1130%     -    1s
     0     0  131.31086    0 1352   10.69231  131.31086  1128%     -    1s
     0     0  131.28735    0 1368   10.69231  131.28735  1128%     -    1s
     0     0  131.28735    0 1368   10.69231  131.28735  1128%     -    1s
     0     0  131.25229    0 1370   10.69231  131.25229  1128%     -    1s
     0     0  131.24269    0 1400   10.69231  131.24269  1127%     -    1s
     0     0  131.22121    0 1406   10.69231  131.22121  1127%     -    1s
     0     0  131.21904    0 1404   10.69231  131.21904  1127%     -    1s
     0     0  131.19299    0 1319   10.69231  131.19299  1127%     -    1s
     0     0  131.18576    0 1316   10.69231  131.18576  1127%     -    1s
H    0     0                      16.8461538  131.17993   679%     -    1s
H    0     0                     100.8461538  131.17993  30.1%     -    1s
H    0     0                     103.1538462  131.17993  27.2%     -    1s
H    0     0                     109.8461538  131.17993  19.4%     -    1s
     0     0  131.17173    0  785  109.84615  131.17173  19.4%     -    1s
H    0     0                     116.5384615  131.17173  12.6%     -    1s
     0     0  131.17173    0 1333  116.53846  131.17173  12.6%     -    2s
     0     0  131.17173    0 1031  116.53846  131.17173  12.6%     -    2s
     0     0  130.79510    0 1182  116.53846  130.79510  12.2%     -    2s
     0     0  130.39808    0 1295  116.53846  130.39808  11.9%     -    2s
     0     0  130.28443    0 1159  116.53846  130.28443  11.8%     -    2s
     0     0  130.27651    0 1126  116.53846  130.27651  11.8%     -    2s
     0     0  130.20370    0 1230  116.53846  130.20370  11.7%     -    2s
     0     0  130.17405    0 1224  116.53846  130.17405  11.7%     -    2s
     0     0  130.14111    0 1304  116.53846  130.14111  11.7%     -    2s
     0     0  130.13365    0 1352  116.53846  130.13365  11.7%     -    2s
     0     0  130.13120    0 1354  116.53846  130.13120  11.7%     -    2s
     0     0  129.79573    0 1349  116.53846  129.79573  11.4%     -    2s
     0     0  129.76810    0 1275  116.53846  129.76810  11.4%     -    2s
     0     0  129.75039    0 1350  116.53846  129.75039  11.3%     -    2s
     0     0  129.74604    0 1315  116.53846  129.74604  11.3%     -    2s
     0     0  129.68377    0 1202  116.53846  129.68377  11.3%     -    2s
     0     0  129.62554    0 1287  116.53846  129.62554  11.2%     -    2s
     0     0  129.61294    0 1311  116.53846  129.61294  11.2%     -    2s
     0     0  129.61132    0 1310  116.53846  129.61132  11.2%     -    2s
     0     0  129.59902    0 1355  116.53846  129.59902  11.2%     -    2s
     0     0  129.58768    0 1357  116.53846  129.58768  11.2%     -    2s
     0     0  129.58768    0 1355  116.53846  129.58768  11.2%     -    3s
     0     0  129.58542    0 1347  116.53846  129.58542  11.2%     -    3s
     0     2  129.58542    0 1347  116.53846  129.58542  11.2%     -    3s
*   26    11               4     122.5384615  125.67455  2.56%  63.7    3s

Cutting planes:
  Gomory: 1
  Cover: 30
  MIR: 65
  Zero half: 21
  Mod-K: 4
  RLT: 71
  Relax-and-lift: 58

Explored 45 nodes (6163 simplex iterations) in 3.27 seconds (3.07 work units)
Thread count was 2 (of 4 available processors)

Solution count 9: 122.538 116.538 109.846 ... -0

Optimal solution found (tolerance 1.00e-04)
Best objective 1.225384615385e+02, best bound 1.225384615385e+02, gap 0.0000%
Set parameter TimeLimit to value 15
Gurobi Optimizer version 12.0.3 build v12.0.3rc0 (win64 - Windows 10.0 (19045.2))

CPU model: Intel(R) Core(TM) i5-7400 CPU @ 3.00GHz, instruction set [SSE2|AVX|AVX2]
Thread count: 4 physical cores, 4 logical processors, using up to 2 threads

Non-default parameters:
TimeLimit  15
LogToConsole  0
Threads  2

Academic license 2699416 - for non-commercial use only - registered to pa___@id.uff.br
Optimize a model with 2310 rows, 2773 columns and 10271 nonzeros
Model fingerprint: 0x0290ff4e
Variable types: 1 continuous, 2772 integer (2772 binary)
Coefficient statistics:
  Matrix range     [1e+00, 1e+02]
  Objective range  [1e+00, 1e+02]
  Bounds range     [1e+00, 7e+02]
  RHS range        [1e+03, 1e+03]

User MIP start produced solution with objective -0 (0.01s)
Loaded user MIP start with objective -0
MIP start from previous solve did not produce a new incumbent solution

Presolve removed 13 rows and 377 columns
Presolve time: 0.03s
Presolved: 2297 rows, 2396 columns, 9460 nonzeros
Variable types: 0 continuous, 2396 integer (2243 binary)

Root relaxation: objective 6.914662e+01, 279 iterations, 0.02 seconds (0.03 work units)

    Nodes    |    Current Node    |     Objective Bounds      |     Work
 Expl Unexpl |  Obj  Depth IntInf | Incumbent    BestBd   Gap | It/Node Time

     0     0   64.91430    0  839   -0.00000   64.91430      -     -    0s
     0     0   28.84380    0 1067   -0.00000   28.84380      -     -    1s
     0     0   24.14933    0 1261   -0.00000   24.14933      -     -    1s
     0     0   22.62273    0 1026   -0.00000   22.62273      -     -    1s
     0     0   22.21630    0  967   -0.00000   22.21630      -     -    1s
     0     0   22.01931    0 1294   -0.00000   22.01931      -     -    1s
     0     0   21.99404    0 1174   -0.00000   21.99404      -     -    1s
     0     0   21.96720    0 1124   -0.00000   21.96720      -     -    1s
     0     0   21.96163    0 1057   -0.00000   21.96163      -     -    1s
     0     0   21.82678    0 1107   -0.00000   21.82678      -     -    1s
     0     0   21.82678    0  775   -0.00000   21.82678      -     -    1s
     0     0   21.82678    0 1125   -0.00000   21.82678      -     -    2s
     0     0   21.82678    0 1012   -0.00000   21.82678      -     -    2s
     0     0   21.20695    0 1306   -0.00000   21.20695      -     -    2s
     0     0   20.58630    0 1413   -0.00000   20.58630      -     -    2s
     0     0   20.50596    0 1322   -0.00000   20.50596      -     -    2s
     0     0   20.30002    0 1047   -0.00000   20.30002      -     -    2s
     0     0   20.29021    0 1048   -0.00000   20.29021      -     -    2s
     0     0   20.27479    0 1124   -0.00000   20.27479      -     -    2s
     0     0   20.27416    0 1051   -0.00000   20.27416      -     -    2s
     0     0   20.09094    0 1141   -0.00000   20.09094      -     -    2s
     0     0   20.00997    0 1056   -0.00000   20.00997      -     -    2s
     0     0   19.98292    0 1098   -0.00000   19.98292      -     -    2s
     0     0   19.97916    0 1205   -0.00000   19.97916      -     -    2s
     0     0   19.95472    0 1132   -0.00000   19.95472      -     -    3s
     0     0   19.92264    0 1135   -0.00000   19.92264      -     -    3s
     0     0   19.89087    0 1058   -0.00000   19.89087      -     -    3s
     0     0   19.86912    0 1175   -0.00000   19.86912      -     -    3s
     0     0   19.86471    0 1178   -0.00000   19.86471      -     -    3s
     0     0   19.86336    0 1100   -0.00000   19.86336      -     -    3s
     0     0   19.84857    0 1089   -0.00000   19.84857      -     -    3s
     0     2   19.84716    0 1089   -0.00000   19.84716      -     -    3s

Cutting planes:
  Gomory: 1
  Cover: 36
  Clique: 1
  MIR: 46
  StrongCG: 8
  Zero half: 46
  RLT: 45
  Relax-and-lift: 61

Explored 243 nodes (11116 simplex iterations) in 4.30 seconds (5.40 work units)
Thread count was 2 (of 4 available processors)

Solution count 1: -0 
No other solutions better than -0

Optimal solution found (tolerance 1.00e-04)
Best objective -0.000000000000e+00, best bound -0.000000000000e+00, gap 0.0000%

Gurobi 12.0.3 (win64, Java) logging started Wed Aug 27 13:16:15 2025

Set parameter LogToConsole to value 0
Set parameter WLSAccessID
Set parameter WLSSecret
Set parameter LicenseID to value 2699416
Set parameter TimeLimit to value 15
Set parameter LogFile to value "mip1.log"
Set parameter Threads to value 2
Academic license 2699416 - for non-commercial use only - registered to pa___@id.uff.br
Gurobi Optimizer version 12.0.3 build v12.0.3rc0 (win64 - Windows 10.0 (19045.2))

CPU model: Intel(R) Core(TM) i5-7400 CPU @ 3.00GHz, instruction set [SSE2|AVX|AVX2]
Thread count: 4 physical cores, 4 logical processors, using up to 2 threads

Non-default parameters:
TimeLimit  15
LogToConsole  0
Threads  2

Academic license 2699416 - for non-commercial use only - registered to pa___@id.uff.br
Optimize a model with 2105 rows, 2392 columns and 12483 nonzeros
Model fingerprint: 0x985f0760
Variable types: 1 continuous, 2391 integer (2391 binary)
Coefficient statistics:
  Matrix range     [1e+00, 9e+01]
  Objective range  [1e+00, 2e+01]
  Bounds range     [1e+00, 8e+02]
  RHS range        [1e+03, 1e+03]

User MIP start produced solution with objective -2.66454e-15 (0.01s)
Loaded user MIP start with objective -2.66454e-15

Presolve removed 19 rows and 169 columns
Presolve time: 0.07s
Presolved: 2086 rows, 2223 columns, 12065 nonzeros
Found heuristic solution: objective 5.6716418
Variable types: 0 continuous, 2223 integer (2123 binary)
Found heuristic solution: objective 95.2835821

Root relaxation: objective 9.905677e+02, 2577 iterations, 0.16 seconds (0.12 work units)

    Nodes    |    Current Node    |     Objective Bounds      |     Work
 Expl Unexpl |  Obj  Depth IntInf | Incumbent    BestBd   Gap | It/Node Time

     0     0  990.56769    0  997   95.28358  990.56769   940%     -    0s
H    0     0                     928.7014925  990.56769  6.66%     -    0s
H    0     0                     968.3731343  990.56769  2.29%     -    0s
H    0     0                     984.2537313  990.56769  0.64%     -    0s
H    0     0                     985.3880597  990.56769  0.53%     -    0s
     0     0  990.11627    0 1020  985.38806  990.11627  0.48%     -    0s
     0     0  990.09748    0 1021  985.38806  990.09748  0.48%     -    0s
     0     0  990.09385    0 1018  985.38806  990.09385  0.48%     -    0s
     0     0  990.09345    0 1014  985.38806  990.09345  0.48%     -    0s
     0     0  990.09345    0 1015  985.38806  990.09345  0.48%     -    0s
     0     0  990.00100    0 1031  985.38806  990.00100  0.47%     -    0s
     0     0  989.99186    0 1068  985.38806  989.99186  0.47%     -    0s
     0     0  989.99107    0 1049  985.38806  989.99107  0.47%     -    0s
     0     0  989.99103    0 1050  985.38806  989.99103  0.47%     -    0s
     0     0  989.96924    0 1039  985.38806  989.96924  0.46%     -    1s
     0     0  989.96734    0 1043  985.38806  989.96734  0.46%     -    1s
     0     0  989.96698    0 1044  985.38806  989.96698  0.46%     -    1s
     0     0  989.96686    0 1057  985.38806  989.96686  0.46%     -    1s
     0     0  989.94825    0 1021  985.38806  989.94825  0.46%     -    1s
     0     0  989.94768    0 1041  985.38806  989.94768  0.46%     -    1s
     0     0  989.94759    0 1060  985.38806  989.94759  0.46%     -    1s
     0     0  989.93588    0 1044  985.38806  989.93588  0.46%     -    1s
     0     0  989.93508    0 1046  985.38806  989.93508  0.46%     -    1s
     0     0  989.93497    0 1049  985.38806  989.93497  0.46%     -    1s
     0     0  989.92317    0 1061  985.38806  989.92317  0.46%     -    1s
H    0     0                     987.6567164  989.92308  0.23%     -    1s
     0     0  989.91704    0 1046  987.65672  989.91704  0.23%     -    1s
     0     0  989.91690    0 1048  987.65672  989.91690  0.23%     -    1s
     0     0  989.91327    0 1050  987.65672  989.91327  0.23%     -    1s
     0     0  989.91166    0 1052  987.65672  989.91166  0.23%     -    1s
     0     0  989.91155    0 1052  987.65672  989.91155  0.23%     -    1s
     0     0  989.90919    0 1048  987.65672  989.90919  0.23%     -    1s
     0     0  989.90861    0 1065  987.65672  989.90861  0.23%     -    1s
     0     0  989.90861    0 1069  987.65672  989.90861  0.23%     -    1s
     0     0  989.90393    0 1062  987.65672  989.90393  0.23%     -    1s
     0     0  989.90353    0 1056  987.65672  989.90353  0.23%     -    1s
     0     2  989.90353    0 1055  987.65672  989.90353  0.23%     -    2s
H   79    82                     988.7910448  989.89462  0.11%   159    3s
   184   157  989.34914   10  896  988.79104  989.89462  0.11%   120    5s
   812   585  988.99800   13  768  988.79104  989.64248  0.09%  87.0   10s

Cutting planes:
  Gomory: 2
  Cover: 61
  MIR: 37
  StrongCG: 7
  Flow cover: 44
  Zero half: 81
  RLT: 42

Explored 962 nodes (93096 simplex iterations) in 15.00 seconds (27.31 work units)
Thread count was 2 (of 4 available processors)

Solution count 9: 988.791 987.657 985.388 ... -2.66454e-15

Time limit reached
Best objective 9.887910447761e+02, best bound 9.896268656716e+02, gap 0.0845%
Set parameter TimeLimit to value 15
Gurobi Optimizer version 12.0.3 build v12.0.3rc0 (win64 - Windows 10.0 (19045.2))

CPU model: Intel(R) Core(TM) i5-7400 CPU @ 3.00GHz, instruction set [SSE2|AVX|AVX2]
Thread count: 4 physical cores, 4 logical processors, using up to 2 threads

Non-default parameters:
TimeLimit  15
LogToConsole  0
Threads  2

Academic license 2699416 - for non-commercial use only - registered to pa___@id.uff.br
Optimize a model with 2105 rows, 2392 columns and 12483 nonzeros
Model fingerprint: 0x3693b26f
Variable types: 1 continuous, 2391 integer (2391 binary)
Coefficient statistics:
  Matrix range     [1e+00, 9e+01]
  Objective range  [1e+00, 1e+02]
  Bounds range     [1e+00, 8e+02]
  RHS range        [1e+03, 1e+03]

User MIP start produced solution with objective -0 (0.01s)
Loaded user MIP start with objective -0
MIP start from previous solve did not produce a new incumbent solution

Presolve removed 19 rows and 169 columns
Presolve time: 0.03s
Presolved: 2086 rows, 2223 columns, 12065 nonzeros
Variable types: 0 continuous, 2223 integer (2123 binary)

Root relaxation: objective 2.162741e+02, 866 iterations, 0.04 seconds (0.05 work units)

    Nodes    |    Current Node    |     Objective Bounds      |     Work
 Expl Unexpl |  Obj  Depth IntInf | Incumbent    BestBd   Gap | It/Node Time

     0     0  216.27411    0  941   -0.00000  216.27411      -     -    0s
H    0     0                      53.0000000  216.27411   308%     -    0s
H    0     0                      63.0000000  216.27411   243%     -    0s
     0     0  189.30225    0 1054   63.00000  189.30225   200%     -    0s
H    0     0                      64.0000000  189.10916   195%     -    0s
H    0     0                      85.0000000  189.10916   122%     -    0s
     0     0  187.88600    0 1054   85.00000  187.88600   121%     -    0s
     0     0  187.86466    0 1034   85.00000  187.86466   121%     -    0s
     0     0  187.86466    0 1034   85.00000  187.86466   121%     -    0s
     0     0  185.23517    0 1050   85.00000  185.23517   118%     -    0s
     0     0  184.59616    0 1051   85.00000  184.59616   117%     -    0s
     0     0  184.46340    0 1036   85.00000  184.46340   117%     -    0s
     0     0  184.36575    0 1038   85.00000  184.36575   117%     -    0s
     0     0  184.34700    0 1035   85.00000  184.34700   117%     -    0s
     0     0  183.09637    0 1019   85.00000  183.09637   115%     -    0s
     0     0  182.68890    0 1036   85.00000  182.68890   115%     -    0s
     0     0  182.66337    0 1015   85.00000  182.66337   115%     -    0s
     0     0  182.65896    0 1015   85.00000  182.65896   115%     -    0s
     0     0  181.70276    0 1041   85.00000  181.70276   114%     -    0s
     0     0  181.51985    0 1046   85.00000  181.51985   114%     -    0s
     0     0  181.48490    0 1047   85.00000  181.48490   114%     -    0s
     0     0  181.47399    0 1047   85.00000  181.47399   113%     -    0s
     0     0  180.19093    0 1063   85.00000  180.19093   112%     -    0s
     0     0  180.05522    0 1063   85.00000  180.05522   112%     -    0s
     0     0  180.00918    0 1064   85.00000  180.00918   112%     -    0s
     0     0  180.00625    0 1062   85.00000  180.00625   112%     -    0s
     0     0  179.54252    0 1024   85.00000  179.54252   111%     -    0s
H    0     0                     112.0000000  179.52083  60.3%     -    0s
H    0     0                     121.0000000  179.52083  48.4%     -    0s
H    0     0                     137.0000000  179.52083  31.0%     -    0s
H    0     0                     157.0000000  179.52083  14.3%     -    0s
     0     0  179.38300    0 1031  157.00000  179.38300  14.3%     -    0s
     0     0  179.31680    0 1026  157.00000  179.31680  14.2%     -    0s
     0     0  179.30884    0 1013  157.00000  179.30884  14.2%     -    0s
     0     0  179.01348    0 1029  157.00000  179.01348  14.0%     -    0s
     0     0  179.01348    0  890  157.00000  179.01348  14.0%     -    0s
     0     0  179.01348    0 1052  157.00000  179.01348  14.0%     -    1s
     0     0  178.24063    0 1058  157.00000  178.24063  13.5%     -    1s
     0     0  177.83793    0 1064  157.00000  177.83793  13.3%     -    1s
     0     0  177.79409    0 1062  157.00000  177.79409  13.2%     -    1s
     0     0  177.77886    0 1063  157.00000  177.77886  13.2%     -    1s
     0     0  177.77682    0 1063  157.00000  177.77682  13.2%     -    1s
     0     0  176.45465    0 1035  157.00000  176.45465  12.4%     -    1s
     0     0  176.12123    0 1043  157.00000  176.12123  12.2%     -    1s
     0     0  176.08853    0 1064  157.00000  176.08853  12.2%     -    1s
     0     0  176.08615    0 1064  157.00000  176.08615  12.2%     -    1s
     0     0  175.23929    0 1062  157.00000  175.23929  11.6%     -    1s
     0     0  175.20950    0 1066  157.00000  175.20950  11.6%     -    1s
     0     0  175.18465    0 1049  157.00000  175.18465  11.6%     -    1s
     0     0  175.16698    0 1068  157.00000  175.16698  11.6%     -    1s
     0     0  175.15735    0 1067  157.00000  175.15735  11.6%     -    1s
     0     0  174.55008    0 1039  157.00000  174.55008  11.2%     -    1s
     0     0  174.40913    0 1066  157.00000  174.40913  11.1%     -    1s
     0     0  174.35157    0 1071  157.00000  174.35157  11.1%     -    1s
     0     0  174.33609    0 1067  157.00000  174.33609  11.0%     -    1s
     0     0  174.33191    0 1069  157.00000  174.33191  11.0%     -    1s
     0     0  174.09532    0 1071  157.00000  174.09532  10.9%     -    1s
     0     0  174.01514    0 1070  157.00000  174.01514  10.8%     -    1s
     0     0  173.99996    0 1070  157.00000  173.99996  10.8%     -    1s
     0     0  173.99179    0 1072  157.00000  173.99179  10.8%     -    1s
     0     0  173.51668    0 1066  157.00000  173.51668  10.5%     -    1s
     0     0  173.36744    0 1071  157.00000  173.36744  10.4%     -    1s
     0     0  173.36233    0 1072  157.00000  173.36233  10.4%     -    1s
     0     0  173.27535    0 1090  157.00000  173.27535  10.4%     -    1s
     0     0  173.25622    0 1072  157.00000  173.25622  10.4%     -    1s
     0     0  173.24122    0 1070  157.00000  173.24122  10.3%     -    1s
     0     0  173.23736    0 1071  157.00000  173.23736  10.3%     -    1s
     0     0  173.21286    0 1070  157.00000  173.21286  10.3%     -    1s
     0     2  173.21286    0 1068  157.00000  173.21286  10.3%     -    1s

Cutting planes:
  Gomory: 2
  Cover: 42
  Clique: 1
  MIR: 38
  StrongCG: 2
  Zero half: 64
  RLT: 49
  Relax-and-lift: 28

Explored 16 nodes (7296 simplex iterations) in 1.90 seconds (1.62 work units)
Thread count was 2 (of 4 available processors)

Solution count 9: 157 137 121 ... -0

Optimal solution found (tolerance 1.00e-04)
Best objective 1.570000000000e+02, best bound 1.570000000000e+02, gap 0.0000%
Set parameter TimeLimit to value 15
Gurobi Optimizer version 12.0.3 build v12.0.3rc0 (win64 - Windows 10.0 (19045.2))

CPU model: Intel(R) Core(TM) i5-7400 CPU @ 3.00GHz, instruction set [SSE2|AVX|AVX2]
Thread count: 4 physical cores, 4 logical processors, using up to 2 threads

Non-default parameters:
TimeLimit  15
LogToConsole  0
Threads  2

Academic license 2699416 - for non-commercial use only - registered to pa___@id.uff.br
Optimize a model with 2105 rows, 2392 columns and 12483 nonzeros
Model fingerprint: 0x75a27d49
Variable types: 1 continuous, 2391 integer (2391 binary)
Coefficient statistics:
  Matrix range     [1e+00, 9e+01]
  Objective range  [1e+00, 2e+02]
  Bounds range     [1e+00, 8e+02]
  RHS range        [1e+03, 1e+03]

User MIP start produced solution with objective -0 (0.01s)
Loaded user MIP start with objective -0
MIP start from previous solve did not produce a new incumbent solution

Presolve removed 19 rows and 169 columns
Presolve time: 0.03s
Presolved: 2086 rows, 2223 columns, 12065 nonzeros
Variable types: 0 continuous, 2223 integer (2123 binary)

Root relaxation: objective 9.810000e+01, 265 iterations, 0.02 seconds (0.01 work units)

    Nodes    |    Current Node    |     Objective Bounds      |     Work
 Expl Unexpl |  Obj  Depth IntInf | Incumbent    BestBd   Gap | It/Node Time

     0     0   95.45800    0  568   -0.00000   95.45800      -     -    0s
     0     0   93.18333    0  630   -0.00000   93.18333      -     -    0s
     0     0   92.31667    0  629   -0.00000   92.31667      -     -    0s
H    0     0                      53.5000000   92.31667  72.6%     -    0s
H    0     0                      54.5000000   92.31667  69.4%     -    0s
H    0     0                      55.5000000   92.31667  66.3%     -    0s
     0     0   69.04924    0  783   55.50000   69.04924  24.4%     -    0s
     0     0   69.04924    0  396   55.50000   69.04924  24.4%     -    0s
     0     0   69.04924    0  810   55.50000   69.04924  24.4%     -    0s
     0     0   65.95648    0  779   55.50000   65.95648  18.8%     -    0s
     0     0   65.93465    0  777   55.50000   65.93465  18.8%     -    0s
     0     0   61.20565    0  902   55.50000   61.20565  10.3%     -    0s
     0     0   60.31384    0  900   55.50000   60.31384  8.67%     -    0s
     0     0   60.04739    0  939   55.50000   60.04739  8.19%     -    0s
     0     0   59.89955    0  924   55.50000   59.89955  7.93%     -    0s
     0     0   59.85424    0  880   55.50000   59.85424  7.85%     -    0s
     0     0   59.84231    0  825   55.50000   59.84231  7.82%     -    0s
     0     0   59.84231    0  825   55.50000   59.84231  7.82%     -    0s
     0     0   58.69324    0  884   55.50000   58.69324  5.75%     -    0s
     0     0   58.60105    0  690   55.50000   58.60105  5.59%     -    0s
     0     0   58.49390    0  885   55.50000   58.49390  5.39%     -    0s
     0     0   58.35516    0  887   55.50000   58.35516  5.14%     -    0s
     0     0   58.31873    0  891   55.50000   58.31873  5.08%     -    0s
     0     0   58.31413    0  891   55.50000   58.31413  5.07%     -    0s
     0     0   57.30886    0  896   55.50000   57.30886  3.26%     -    0s
     0     0   57.28544    0  939   55.50000   57.28544  3.22%     -    0s
     0     0   57.25708    0  895   55.50000   57.25708  3.17%     -    0s
     0     0   57.02012    0  937   55.50000   57.02012  2.74%     -    0s
     0     0   57.01948    0  935   55.50000   57.01948  2.74%     -    0s
     0     0   56.86362    0  938   55.50000   56.86362  2.46%     -    0s
     0     0   56.79569    0  938   55.50000   56.79569  2.33%     -    0s
     0     0   56.79405    0  938   55.50000   56.79405  2.33%     -    0s
     0     0   56.06107    0  820   55.50000   56.06107  1.01%     -    0s
     0     0   55.97356    0  782   55.50000   55.97356  0.85%     -    0s
     0     0     cutoff    0        55.50000   55.50000  0.00%     -    0s

Cutting planes:
  Gomory: 1
  Cover: 47
  Implied bound: 13
  MIR: 18
  StrongCG: 2
  Zero half: 37
  RLT: 24
  Relax-and-lift: 29

Explored 1 nodes (1802 simplex iterations) in 0.87 seconds (0.52 work units)
Thread count was 2 (of 4 available processors)

Solution count 4: 55.5 54.5 53.5 -0 

Optimal solution found (tolerance 1.00e-04)
Best objective 5.550000000000e+01, best bound 5.550000000000e+01, gap 0.0000%
Set parameter TimeLimit to value 15
Gurobi Optimizer version 12.0.3 build v12.0.3rc0 (win64 - Windows 10.0 (19045.2))

CPU model: Intel(R) Core(TM) i5-7400 CPU @ 3.00GHz, instruction set [SSE2|AVX|AVX2]
Thread count: 4 physical cores, 4 logical processors, using up to 2 threads

Non-default parameters:
TimeLimit  15
LogToConsole  0
Threads  2

Academic license 2699416 - for non-commercial use only - registered to pa___@id.uff.br
Optimize a model with 2105 rows, 2392 columns and 12483 nonzeros
Model fingerprint: 0x54068448
Variable types: 1 continuous, 2391 integer (2391 binary)
Coefficient statistics:
  Matrix range     [1e+00, 9e+01]
  Objective range  [1e+00, 2e+02]
  Bounds range     [1e+00, 8e+02]
  RHS range        [1e+03, 1e+03]

User MIP start produced solution with objective -0 (0.01s)
Loaded user MIP start with objective -0
MIP start from previous solve did not produce a new incumbent solution

Presolve removed 19 rows and 169 columns
Presolve time: 0.04s
Presolved: 2086 rows, 2223 columns, 12065 nonzeros
Variable types: 0 continuous, 2223 integer (2123 binary)

Root relaxation: objective 5.360000e+01, 49 iterations, 0.00 seconds (0.00 work units)

    Nodes    |    Current Node    |     Objective Bounds      |     Work
 Expl Unexpl |  Obj  Depth IntInf | Incumbent    BestBd   Gap | It/Node Time

     0     0   49.00000    0   12   -0.00000   49.00000      -     -    0s
H    0     0                      24.0000000   49.00000   104%     -    0s
     0     0   27.04878    0  346   24.00000   27.04878  12.7%     -    0s
     0     0     cutoff    0        24.00000   24.00000  0.00%     -    0s

Explored 1 nodes (145 simplex iterations) in 0.12 seconds (0.07 work units)
Thread count was 2 (of 4 available processors)

Solution count 2: 24 -0 

Optimal solution found (tolerance 1.00e-04)
Best objective 2.400000000000e+01, best bound 2.400000000000e+01, gap 0.0000%
Set parameter TimeLimit to value 15
Gurobi Optimizer version 12.0.3 build v12.0.3rc0 (win64 - Windows 10.0 (19045.2))

CPU model: Intel(R) Core(TM) i5-7400 CPU @ 3.00GHz, instruction set [SSE2|AVX|AVX2]
Thread count: 4 physical cores, 4 logical processors, using up to 2 threads

Non-default parameters:
TimeLimit  15
LogToConsole  0
Threads  2

Academic license 2699416 - for non-commercial use only - registered to pa___@id.uff.br
Optimize a model with 2105 rows, 2392 columns and 12483 nonzeros
Model fingerprint: 0xa7eed322
Variable types: 1 continuous, 2391 integer (2391 binary)
Coefficient statistics:
  Matrix range     [1e+00, 9e+01]
  Objective range  [1e+00, 2e+02]
  Bounds range     [1e+00, 8e+02]
  RHS range        [1e+03, 1e+03]

User MIP start produced solution with objective -0 (0.01s)
Loaded user MIP start with objective -0
MIP start from previous solve did not produce a new incumbent solution

Presolve removed 19 rows and 169 columns
Presolve time: 0.03s
Presolved: 2086 rows, 2223 columns, 12065 nonzeros
Variable types: 0 continuous, 2223 integer (2123 binary)

Root relaxation: objective 2.960000e+01, 8 iterations, 0.00 seconds (0.00 work units)

    Nodes    |    Current Node    |     Objective Bounds      |     Work
 Expl Unexpl |  Obj  Depth IntInf | Incumbent    BestBd   Gap | It/Node Time

     0     0   19.00000    0    8   -0.00000   19.00000      -     -    0s
     0     0   18.00000    0    7   -0.00000   18.00000      -     -    0s
     0     0    1.00000    0    1   -0.00000    1.00000      -     -    0s

Cutting planes:
  Cover: 6
  Clique: 1
  MIR: 1

Explored 1 nodes (62 simplex iterations) in 0.07 seconds (0.04 work units)
Thread count was 2 (of 4 available processors)

Solution count 1: -0 
No other solutions better than -0

Optimal solution found (tolerance 1.00e-04)
Best objective -0.000000000000e+00, best bound -0.000000000000e+00, gap 0.0000%

Gurobi 12.0.3 (win64, Java) logging started Wed Aug 27 13:16:34 2025

Set parameter LogToConsole to value 0
Set parameter WLSAccessID
Set parameter WLSSecret
Set parameter LicenseID to value 2699416
Set parameter TimeLimit to value 15
Set parameter LogFile to value "mip1.log"
Set parameter Threads to value 2
Academic license 2699416 - for non-commercial use only - registered to pa___@id.uff.br
Gurobi Optimizer version 12.0.3 build v12.0.3rc0 (win64 - Windows 10.0 (19045.2))

CPU model: Intel(R) Core(TM) i5-7400 CPU @ 3.00GHz, instruction set [SSE2|AVX|AVX2]
Thread count: 4 physical cores, 4 logical processors, using up to 2 threads

Non-default parameters:
TimeLimit  15
LogToConsole  0
Threads  2

Academic license 2699416 - for non-commercial use only - registered to pa___@id.uff.br
Optimize a model with 6 rows, 11 columns and 36 nonzeros
Model fingerprint: 0x49d91046
Variable types: 1 continuous, 10 integer (10 binary)
Coefficient statistics:
  Matrix range     [1e+00, 5e+00]
  Objective range  [1e+00, 5e+00]
  Bounds range     [1e+00, 7e+00]
  RHS range        [1e+01, 1e+01]

User MIP start produced solution with objective -4.44089e-16 (0.00s)
Loaded user MIP start with objective -4.44089e-16

Presolve time: 0.00s
Presolved: 6 rows, 11 columns, 36 nonzeros
Variable types: 0 continuous, 11 integer (10 binary)
Found heuristic solution: objective 3.6000000

Root relaxation: objective 9.300000e+00, 5 iterations, 0.00 seconds (0.00 work units)

    Nodes    |    Current Node    |     Objective Bounds      |     Work
 Expl Unexpl |  Obj  Depth IntInf | Incumbent    BestBd   Gap | It/Node Time

     0     0    9.30000    0    4    3.60000    9.30000   158%     -    0s
H    0     0                       7.4000000    9.30000  25.7%     -    0s
H    0     0                       8.4000000    9.30000  10.7%     -    0s
     0     0 infeasible    0         8.40000    8.40000  0.00%     -    0s

Cutting planes:
  Gomory: 1
  Cover: 1
  Implied bound: 1
  StrongCG: 2
  RLT: 2

Explored 1 nodes (12 simplex iterations) in 0.01 seconds (0.00 work units)
Thread count was 2 (of 4 available processors)

Solution count 4: 8.4 7.4 3.6 -4.44089e-16 

Optimal solution found (tolerance 1.00e-04)
Best objective 8.400000000000e+00, best bound 8.400000000000e+00, gap 0.0000%
Set parameter TimeLimit to value 15
Gurobi Optimizer version 12.0.3 build v12.0.3rc0 (win64 - Windows 10.0 (19045.2))

CPU model: Intel(R) Core(TM) i5-7400 CPU @ 3.00GHz, instruction set [SSE2|AVX|AVX2]
Thread count: 4 physical cores, 4 logical processors, using up to 2 threads

Non-default parameters:
TimeLimit  15
LogToConsole  0
Threads  2

Academic license 2699416 - for non-commercial use only - registered to pa___@id.uff.br
Optimize a model with 6 rows, 11 columns and 36 nonzeros
Model fingerprint: 0x5e878504
Variable types: 1 continuous, 10 integer (10 binary)
Coefficient statistics:
  Matrix range     [1e+00, 5e+00]
  Objective range  [1e+00, 5e+00]
  Bounds range     [1e+00, 7e+00]
  RHS range        [1e+01, 1e+01]

User MIP start produced solution with objective -0 (0.00s)
Loaded user MIP start with objective -0
MIP start from previous solve did not produce a new incumbent solution

Presolve time: 0.00s
Presolved: 6 rows, 11 columns, 36 nonzeros
Variable types: 0 continuous, 11 integer (10 binary)

Root relaxation: objective 3.000000e+00, 6 iterations, 0.00 seconds (0.00 work units)

    Nodes    |    Current Node    |     Objective Bounds      |     Work
 Expl Unexpl |  Obj  Depth IntInf | Incumbent    BestBd   Gap | It/Node Time

     0     0    3.00000    0    4   -0.00000    3.00000      -     -    0s
H    0     0                       1.0000000    3.00000   200%     -    0s
     0     0    2.86364    0    7    1.00000    2.86364   186%     -    0s
H    0     0                       2.0000000    2.57143  28.6%     -    0s
     0     0    2.57143    0    7    2.00000    2.57143  28.6%     -    0s

Cutting planes:
  Gomory: 1
  Cover: 1
  StrongCG: 1

Explored 1 nodes (11 simplex iterations) in 0.01 seconds (0.00 work units)
Thread count was 2 (of 4 available processors)

Solution count 3: 2 1 -0 

Optimal solution found (tolerance 1.00e-04)
Best objective 2.000000000000e+00, best bound 2.000000000000e+00, gap 0.0000%
Set parameter TimeLimit to value 15
Gurobi Optimizer version 12.0.3 build v12.0.3rc0 (win64 - Windows 10.0 (19045.2))

CPU model: Intel(R) Core(TM) i5-7400 CPU @ 3.00GHz, instruction set [SSE2|AVX|AVX2]
Thread count: 4 physical cores, 4 logical processors, using up to 2 threads

Non-default parameters:
TimeLimit  15
LogToConsole  0
Threads  2

Academic license 2699416 - for non-commercial use only - registered to pa___@id.uff.br
Optimize a model with 6 rows, 11 columns and 36 nonzeros
Model fingerprint: 0x5e702c4b
Variable types: 1 continuous, 10 integer (10 binary)
Coefficient statistics:
  Matrix range     [1e+00, 5e+00]
  Objective range  [1e+00, 5e+00]
  Bounds range     [1e+00, 7e+00]
  RHS range        [1e+01, 1e+01]

User MIP start produced solution with objective -0 (0.00s)
Loaded user MIP start with objective -0
MIP start from previous solve did not produce a new incumbent solution

Presolve time: 0.00s
Presolved: 6 rows, 11 columns, 36 nonzeros
Variable types: 0 continuous, 11 integer (10 binary)

Root relaxation: objective 1.307692e+00, 7 iterations, 0.00 seconds (0.00 work units)

    Nodes    |    Current Node    |     Objective Bounds      |     Work
 Expl Unexpl |  Obj  Depth IntInf | Incumbent    BestBd   Gap | It/Node Time

     0     0 infeasible    0        -0.00000   -0.00000  0.00%     -    0s

Explored 1 nodes (7 simplex iterations) in 0.01 seconds (0.00 work units)
Thread count was 2 (of 4 available processors)

Solution count 1: -0 
No other solutions better than -0

Optimal solution found (tolerance 1.00e-04)
Best objective -0.000000000000e+00, best bound -0.000000000000e+00, gap 0.0000%

Gurobi 12.0.3 (win64, Java) logging started Wed Aug 27 13:18:55 2025

Set parameter LogToConsole to value 0
Set parameter WLSAccessID
Set parameter WLSSecret
Set parameter LicenseID to value 2699416
Set parameter TimeLimit to value 15
Set parameter LogFile to value "mip1.log"
Set parameter Threads to value 1
Academic license 2699416 - for non-commercial use only - registered to pa___@id.uff.br
Gurobi Optimizer version 12.0.3 build v12.0.3rc0 (win64 - Windows 10.0 (19045.2))

CPU model: Intel(R) Core(TM) i5-7400 CPU @ 3.00GHz, instruction set [SSE2|AVX|AVX2]
Thread count: 4 physical cores, 4 logical processors, using up to 1 threads

Non-default parameters:
TimeLimit  15
LogToConsole  0
Threads  1

Academic license 2699416 - for non-commercial use only - registered to pa___@id.uff.br
Optimize a model with 156 rows, 178 columns and 693 nonzeros
Model fingerprint: 0xb761a7b2
Variable types: 1 continuous, 177 integer (177 binary)
Coefficient statistics:
  Matrix range     [1e+00, 9e+02]
  Objective range  [3e-01, 2e+01]
  Bounds range     [1e+00, 4e+01]
  RHS range        [7e+01, 7e+01]

User MIP start produced solution with objective 4.38538e-15 (0.01s)
Loaded user MIP start with objective 4.38538e-15

Presolve removed 32 rows and 45 columns
Presolve time: 0.00s
Presolved: 124 rows, 133 columns, 493 nonzeros
Found heuristic solution: objective 11.7586207
Variable types: 0 continuous, 133 integer (132 binary)
Found heuristic solution: objective 26.7241379

Root relaxation: objective 6.665489e+01, 62 iterations, 0.00 seconds (0.00 work units)

    Nodes    |    Current Node    |     Objective Bounds      |     Work
 Expl Unexpl |  Obj  Depth IntInf | Incumbent    BestBd   Gap | It/Node Time

     0     0   66.65489    0   10   26.72414   66.65489   149%     -    0s
H    0     0                      66.3965517   66.65489  0.39%     -    0s
     0     0   66.61925    0    5   66.39655   66.61925  0.34%     -    0s
     0     0   66.60753    0   10   66.39655   66.60753  0.32%     -    0s
     0     0     cutoff    0        66.39655   66.39655  0.00%     -    0s

Cutting planes:
  Gomory: 4
  Cover: 2

Explored 1 nodes (93 simplex iterations) in 0.02 seconds (0.00 work units)
Thread count was 1 (of 4 available processors)

Solution count 4: 66.3966 26.7241 11.7586 4.38538e-15 

Optimal solution found (tolerance 1.00e-04)
Best objective 6.639655172414e+01, best bound 6.639655172414e+01, gap 0.0000%
Set parameter TimeLimit to value 15
Gurobi Optimizer version 12.0.3 build v12.0.3rc0 (win64 - Windows 10.0 (19045.2))

CPU model: Intel(R) Core(TM) i5-7400 CPU @ 3.00GHz, instruction set [SSE2|AVX|AVX2]
Thread count: 4 physical cores, 4 logical processors, using up to 1 threads

Non-default parameters:
TimeLimit  15
LogToConsole  0
Threads  1

Academic license 2699416 - for non-commercial use only - registered to pa___@id.uff.br
Optimize a model with 156 rows, 178 columns and 693 nonzeros
Model fingerprint: 0xa702b207
Variable types: 1 continuous, 177 integer (177 binary)
Coefficient statistics:
  Matrix range     [1e+00, 9e+02]
  Objective range  [2e+00, 2e+01]
  Bounds range     [1e+00, 4e+01]
  RHS range        [7e+01, 7e+01]

User MIP start produced solution with objective -1.77636e-15 (0.00s)
Loaded user MIP start with objective -1.77636e-15
MIP start from previous solve did not produce a new incumbent solution

Presolve removed 32 rows and 45 columns
Presolve time: 0.00s
Presolved: 124 rows, 133 columns, 493 nonzeros
Variable types: 0 continuous, 133 integer (132 binary)

Root relaxation: objective 1.188889e+01, 42 iterations, 0.00 seconds (0.00 work units)

    Nodes    |    Current Node    |     Objective Bounds      |     Work
 Expl Unexpl |  Obj  Depth IntInf | Incumbent    BestBd   Gap | It/Node Time

     0     0   11.88889    0    7   -0.00000   11.88889      -     -    0s
H    0     0                       4.3333333   11.88889   174%     -    0s
H    0     0                       6.3333333   11.88889  87.7%     -    0s
H    0     0                       7.6666667   11.88889  55.1%     -    0s
H    0     0                       9.3333333   11.88889  27.4%     -    0s
     0     0   11.00000    0    2    9.33333   11.00000  17.9%     -    0s
H    0     0                      11.0000000   11.00000  0.00%     -    0s

Cutting planes:
  Gomory: 1
  Zero half: 1

Explored 1 nodes (45 simplex iterations) in 0.01 seconds (0.00 work units)
Thread count was 1 (of 4 available processors)

Solution count 6: 11 9.33333 7.66667 ... -1.77636e-15

Optimal solution found (tolerance 1.00e-04)
Best objective 1.100000000000e+01, best bound 1.100000000000e+01, gap 0.0000%
Set parameter TimeLimit to value 15
Gurobi Optimizer version 12.0.3 build v12.0.3rc0 (win64 - Windows 10.0 (19045.2))

CPU model: Intel(R) Core(TM) i5-7400 CPU @ 3.00GHz, instruction set [SSE2|AVX|AVX2]
Thread count: 4 physical cores, 4 logical processors, using up to 1 threads

Non-default parameters:
TimeLimit  15
LogToConsole  0
Threads  1

Academic license 2699416 - for non-commercial use only - registered to pa___@id.uff.br
Optimize a model with 156 rows, 178 columns and 693 nonzeros
Model fingerprint: 0x0069fe60
Variable types: 1 continuous, 177 integer (177 binary)
Coefficient statistics:
  Matrix range     [1e+00, 9e+02]
  Objective range  [2e+00, 2e+01]
  Bounds range     [1e+00, 4e+01]
  RHS range        [7e+01, 7e+01]

User MIP start produced solution with objective -0 (0.01s)
Loaded user MIP start with objective -0
MIP start from previous solve did not produce a new incumbent solution

Presolve removed 32 rows and 45 columns
Presolve time: 0.00s
Presolved: 124 rows, 133 columns, 493 nonzeros
Variable types: 0 continuous, 133 integer (132 binary)

Root relaxation: objective 1.463415e+00, 27 iterations, 0.00 seconds (0.00 work units)

    Nodes    |    Current Node    |     Objective Bounds      |     Work
 Expl Unexpl |  Obj  Depth IntInf | Incumbent    BestBd   Gap | It/Node Time

     0     0     cutoff    0        -0.00000   -0.00000  0.00%     -    0s

Explored 1 nodes (31 simplex iterations) in 0.01 seconds (0.00 work units)
Thread count was 1 (of 4 available processors)

Solution count 1: -0 
No other solutions better than -0

Optimal solution found (tolerance 1.00e-04)
Best objective -0.000000000000e+00, best bound -0.000000000000e+00, gap 0.0000%

Gurobi 12.0.3 (win64, Java) logging started Wed Aug 27 13:18:55 2025

Set parameter LogToConsole to value 0
Set parameter WLSAccessID
Set parameter WLSSecret
Set parameter LicenseID to value 2699416
Set parameter TimeLimit to value 15
Set parameter LogFile to value "mip1.log"
Set parameter Threads to value 1
Academic license 2699416 - for non-commercial use only - registered to pa___@id.uff.br
Gurobi Optimizer version 12.0.3 build v12.0.3rc0 (win64 - Windows 10.0 (19045.2))

CPU model: Intel(R) Core(TM) i5-7400 CPU @ 3.00GHz, instruction set [SSE2|AVX|AVX2]
Thread count: 4 physical cores, 4 logical processors, using up to 1 threads

Non-default parameters:
TimeLimit  15
LogToConsole  0
Threads  1

Academic license 2699416 - for non-commercial use only - registered to pa___@id.uff.br
Optimize a model with 8 rows, 41 columns and 51 nonzeros
Model fingerprint: 0x36af95e1
Variable types: 1 continuous, 40 integer (40 binary)
Coefficient statistics:
  Matrix range     [1e+00, 1e+02]
  Objective range  [6e-02, 3e+00]
  Bounds range     [1e+00, 2e+00]
  RHS range        [2e+00, 2e+00]

User MIP start produced solution with objective 1.66533e-16 (0.00s)
Loaded user MIP start with objective 1.66533e-16

Presolve removed 6 rows and 36 columns
Presolve time: 0.00s
Presolved: 2 rows, 5 columns, 7 nonzeros
Found heuristic solution: objective 1.9393939
Variable types: 0 continuous, 5 integer (4 binary)

Explored 0 nodes (0 simplex iterations) in 0.01 seconds (0.00 work units)
Thread count was 1 (of 4 available processors)

Solution count 2: 1.93939 1.66533e-16 

Optimal solution found (tolerance 1.00e-04)
Best objective 1.939393939394e+00, best bound 1.939393939394e+00, gap 0.0000%
Set parameter TimeLimit to value 15
Gurobi Optimizer version 12.0.3 build v12.0.3rc0 (win64 - Windows 10.0 (19045.2))

CPU model: Intel(R) Core(TM) i5-7400 CPU @ 3.00GHz, instruction set [SSE2|AVX|AVX2]
Thread count: 4 physical cores, 4 logical processors, using up to 1 threads

Non-default parameters:
TimeLimit  15
LogToConsole  0
Threads  1

Academic license 2699416 - for non-commercial use only - registered to pa___@id.uff.br
Optimize a model with 8 rows, 41 columns and 51 nonzeros
Model fingerprint: 0xc97e5e40
Variable types: 1 continuous, 40 integer (40 binary)
Coefficient statistics:
  Matrix range     [1e+00, 1e+02]
  Objective range  [1e+00, 3e+00]
  Bounds range     [1e+00, 2e+00]
  RHS range        [2e+00, 2e+00]

User MIP start produced solution with objective -0 (0.00s)
Loaded user MIP start with objective -0
MIP start from previous solve did not produce a new incumbent solution

Presolve removed 8 rows and 41 columns
Presolve time: 0.00s
Presolve: All rows and columns removed

Explored 0 nodes (0 simplex iterations) in 0.01 seconds (0.00 work units)
Thread count was 1 (of 4 available processors)

Solution count 1: -0 
No other solutions better than -0

Optimal solution found (tolerance 1.00e-04)
Best objective -0.000000000000e+00, best bound -0.000000000000e+00, gap 0.0000%

Gurobi 12.0.3 (win64, Java) logging started Wed Aug 27 13:18:55 2025

Set parameter LogToConsole to value 0
Set parameter WLSAccessID
Set parameter WLSSecret
Set parameter LicenseID to value 2699416
Set parameter TimeLimit to value 15
Set parameter LogFile to value "mip1.log"
Set parameter Threads to value 1
Academic license 2699416 - for non-commercial use only - registered to pa___@id.uff.br
Gurobi Optimizer version 12.0.3 build v12.0.3rc0 (win64 - Windows 10.0 (19045.2))

CPU model: Intel(R) Core(TM) i5-7400 CPU @ 3.00GHz, instruction set [SSE2|AVX|AVX2]
Thread count: 4 physical cores, 4 logical processors, using up to 1 threads

Non-default parameters:
TimeLimit  15
LogToConsole  0
Threads  1

Academic license 2699416 - for non-commercial use only - registered to pa___@id.uff.br
Optimize a model with 247 rows, 207 columns and 1116 nonzeros
Model fingerprint: 0x86d47713
Variable types: 1 continuous, 206 integer (206 binary)
Coefficient statistics:
  Matrix range     [1e+00, 1e+03]
  Objective range  [3e-01, 1e+01]
  Bounds range     [1e+00, 7e+01]
  RHS range        [1e+02, 1e+02]

User MIP start produced solution with objective 1.06581e-14 (0.00s)
Loaded user MIP start with objective 1.06581e-14

Presolve removed 41 rows and 34 columns
Presolve time: 0.00s
Presolved: 206 rows, 173 columns, 852 nonzeros
Found heuristic solution: objective 8.7822581
Variable types: 0 continuous, 173 integer (172 binary)
Found heuristic solution: objective 28.4758065

Root relaxation: objective 1.032855e+02, 150 iterations, 0.00 seconds (0.00 work units)

    Nodes    |    Current Node    |     Objective Bounds      |     Work
 Expl Unexpl |  Obj  Depth IntInf | Incumbent    BestBd   Gap | It/Node Time

     0     0  103.28546    0   52   28.47581  103.28546   263%     -    0s
H    0     0                     102.0080645  103.28546  1.25%     -    0s
H    0     0                     102.2741935  103.28546  0.99%     -    0s
H    0     0                     102.5403226  103.28546  0.73%     -    0s
     0     0  103.23986    0   19  102.54032  103.23986  0.68%     -    0s
H    0     0                     102.8064516  103.23569  0.42%     -    0s
H    0     0                     103.0725806  103.23569  0.16%     -    0s
     0     0  103.23569    0   17  103.07258  103.23569  0.16%     -    0s
     0     0  103.22106    0   24  103.07258  103.22106  0.14%     -    0s
     0     0  103.22106    0   34  103.07258  103.22106  0.14%     -    0s
     0     0  103.22106    0   22  103.07258  103.22106  0.14%     -    0s
     0     0  103.21109    0   33  103.07258  103.21109  0.13%     -    0s
     0     0  103.21106    0   56  103.07258  103.21106  0.13%     -    0s
     0     0  103.21037    0   44  103.07258  103.21037  0.13%     -    0s
     0     0  103.20741    0   71  103.07258  103.20741  0.13%     -    0s
     0     0  103.20735    0   67  103.07258  103.20735  0.13%     -    0s
     0     0  103.20644    0   56  103.07258  103.20644  0.13%     -    0s
     0     0  103.20635    0   56  103.07258  103.20635  0.13%     -    0s
     0     0  103.20604    0   61  103.07258  103.20604  0.13%     -    0s
     0     0  103.20601    0   61  103.07258  103.20601  0.13%     -    0s
     0     0  103.20598    0   61  103.07258  103.20598  0.13%     -    0s
     0     0  103.20525    0   61  103.07258  103.20525  0.13%     -    0s
     0     2  103.20525    0   61  103.07258  103.20525  0.13%     -    0s

Cutting planes:
  Gomory: 1
  Cover: 4
  MIR: 2
  StrongCG: 2
  Zero half: 6
  Mod-K: 1
  RLT: 2
  Relax-and-lift: 2

Explored 51 nodes (954 simplex iterations) in 0.14 seconds (0.05 work units)
Thread count was 1 (of 4 available processors)

Solution count 9: 103.073 102.806 102.54 ... 1.06581e-14

Optimal solution found (tolerance 1.00e-04)
Best objective 1.030725806452e+02, best bound 1.030806451613e+02, gap 0.0078%
Set parameter TimeLimit to value 15
Gurobi Optimizer version 12.0.3 build v12.0.3rc0 (win64 - Windows 10.0 (19045.2))

CPU model: Intel(R) Core(TM) i5-7400 CPU @ 3.00GHz, instruction set [SSE2|AVX|AVX2]
Thread count: 4 physical cores, 4 logical processors, using up to 1 threads

Non-default parameters:
TimeLimit  15
LogToConsole  0
Threads  1

Academic license 2699416 - for non-commercial use only - registered to pa___@id.uff.br
Optimize a model with 247 rows, 207 columns and 1116 nonzeros
Model fingerprint: 0xea1cdf16
Variable types: 1 continuous, 206 integer (206 binary)
Coefficient statistics:
  Matrix range     [1e+00, 1e+03]
  Objective range  [1e+00, 1e+01]
  Bounds range     [1e+00, 7e+01]
  RHS range        [1e+02, 1e+02]

User MIP start produced solution with objective -3.55271e-15 (0.01s)
Loaded user MIP start with objective -3.55271e-15
MIP start from previous solve did not produce a new incumbent solution

Presolve removed 41 rows and 34 columns
Presolve time: 0.01s
Presolved: 206 rows, 173 columns, 852 nonzeros
Variable types: 0 continuous, 173 integer (172 binary)

Root relaxation: objective 9.454545e+00, 87 iterations, 0.00 seconds (0.00 work units)

    Nodes    |    Current Node    |     Objective Bounds      |     Work
 Expl Unexpl |  Obj  Depth IntInf | Incumbent    BestBd   Gap | It/Node Time

*    0     0               0       9.4545455    9.45455  0.00%     -    0s

Explored 1 nodes (87 simplex iterations) in 0.01 seconds (0.00 work units)
Thread count was 1 (of 4 available processors)

Solution count 2: 9.45455 -3.55271e-15 

Optimal solution found (tolerance 1.00e-04)
Best objective 9.454545454545e+00, best bound 9.454545454545e+00, gap 0.0000%
Set parameter TimeLimit to value 15
Gurobi Optimizer version 12.0.3 build v12.0.3rc0 (win64 - Windows 10.0 (19045.2))

CPU model: Intel(R) Core(TM) i5-7400 CPU @ 3.00GHz, instruction set [SSE2|AVX|AVX2]
Thread count: 4 physical cores, 4 logical processors, using up to 1 threads

Non-default parameters:
TimeLimit  15
LogToConsole  0
Threads  1

Academic license 2699416 - for non-commercial use only - registered to pa___@id.uff.br
Optimize a model with 247 rows, 207 columns and 1116 nonzeros
Model fingerprint: 0x44c2705d
Variable types: 1 continuous, 206 integer (206 binary)
Coefficient statistics:
  Matrix range     [1e+00, 1e+03]
  Objective range  [1e+00, 1e+01]
  Bounds range     [1e+00, 7e+01]
  RHS range        [1e+02, 1e+02]

User MIP start produced solution with objective -0 (0.01s)
Loaded user MIP start with objective -0
MIP start from previous solve did not produce a new incumbent solution

Presolve removed 41 rows and 34 columns
Presolve time: 0.00s
Presolved: 206 rows, 173 columns, 852 nonzeros
Variable types: 0 continuous, 173 integer (172 binary)

Root relaxation: cutoff, 53 iterations, 0.00 seconds (0.00 work units)

    Nodes    |    Current Node    |     Objective Bounds      |     Work
 Expl Unexpl |  Obj  Depth IntInf | Incumbent    BestBd   Gap | It/Node Time

     0     0     cutoff    0        -0.00000   -0.00000  0.00%     -    0s

Explored 1 nodes (53 simplex iterations) in 0.02 seconds (0.00 work units)
Thread count was 1 (of 4 available processors)

Solution count 1: -0 
No other solutions better than -0

Optimal solution found (tolerance 1.00e-04)
Best objective -0.000000000000e+00, best bound -0.000000000000e+00, gap 0.0000%

Gurobi 12.0.3 (win64, Java) logging started Wed Aug 27 13:18:56 2025

Set parameter LogToConsole to value 0
Set parameter WLSAccessID
Set parameter WLSSecret
Set parameter LicenseID to value 2699416
Set parameter TimeLimit to value 15
Set parameter LogFile to value "mip1.log"
Set parameter Threads to value 1
Academic license 2699416 - for non-commercial use only - registered to pa___@id.uff.br
Gurobi Optimizer version 12.0.3 build v12.0.3rc0 (win64 - Windows 10.0 (19045.2))

CPU model: Intel(R) Core(TM) i5-7400 CPU @ 3.00GHz, instruction set [SSE2|AVX|AVX2]
Thread count: 4 physical cores, 4 logical processors, using up to 1 threads

Non-default parameters:
TimeLimit  15
LogToConsole  0
Threads  1

Academic license 2699416 - for non-commercial use only - registered to pa___@id.uff.br
Optimize a model with 60 rows, 108 columns and 229 nonzeros
Model fingerprint: 0xe02a93d4
Variable types: 1 continuous, 107 integer (107 binary)
Coefficient statistics:
  Matrix range     [1e+00, 9e+02]
  Objective range  [5e-02, 8e+00]
  Bounds range     [1e+00, 4e+01]
  RHS range        [4e+01, 4e+01]

User MIP start produced solution with objective 1.41553e-15 (0.00s)
Loaded user MIP start with objective 1.41553e-15

Presolve removed 21 rows and 66 columns
Presolve time: 0.00s
Presolved: 39 rows, 42 columns, 118 nonzeros
Found heuristic solution: objective 3.5164835
Variable types: 0 continuous, 42 integer (41 binary)
Found heuristic solution: objective 4.7252747

Root relaxation: objective 3.918956e+01, 19 iterations, 0.00 seconds (0.00 work units)

    Nodes    |    Current Node    |     Objective Bounds      |     Work
 Expl Unexpl |  Obj  Depth IntInf | Incumbent    BestBd   Gap | It/Node Time

     0     0   39.18956    0    8    4.72527   39.18956   729%     -    0s
H    0     0                      39.0659341   39.18956  0.32%     -    0s
H    0     0                      39.1208791   39.18956  0.18%     -    0s
H    0     0                      39.1758242   39.18956  0.04%     -    0s

Cutting planes:
  Gomory: 1
  Cover: 2
  Zero half: 1

Explored 1 nodes (22 simplex iterations) in 0.01 seconds (0.00 work units)
Thread count was 1 (of 4 available processors)

Solution count 6: 39.1758 39.1209 39.0659 ... 1.41553e-15

Optimal solution found (tolerance 1.00e-04)
Best objective 3.917582417582e+01, best bound 3.917582417582e+01, gap 0.0000%
Set parameter TimeLimit to value 15
Gurobi Optimizer version 12.0.3 build v12.0.3rc0 (win64 - Windows 10.0 (19045.2))

CPU model: Intel(R) Core(TM) i5-7400 CPU @ 3.00GHz, instruction set [SSE2|AVX|AVX2]
Thread count: 4 physical cores, 4 logical processors, using up to 1 threads

Non-default parameters:
TimeLimit  15
LogToConsole  0
Threads  1

Academic license 2699416 - for non-commercial use only - registered to pa___@id.uff.br
Optimize a model with 60 rows, 108 columns and 229 nonzeros
Model fingerprint: 0xa7c6e1d9
Variable types: 1 continuous, 107 integer (107 binary)
Coefficient statistics:
  Matrix range     [1e+00, 9e+02]
  Objective range  [2e+00, 8e+00]
  Bounds range     [1e+00, 4e+01]
  RHS range        [4e+01, 4e+01]

User MIP start produced solution with objective 4.44089e-15 (0.00s)
Loaded user MIP start with objective 4.44089e-15
MIP start from previous solve did not produce a new incumbent solution

Presolve removed 21 rows and 66 columns
Presolve time: 0.00s
Presolved: 39 rows, 42 columns, 118 nonzeros
Variable types: 0 continuous, 42 integer (41 binary)

Root relaxation: objective 3.000000e+00, 11 iterations, 0.00 seconds (0.00 work units)

    Nodes    |    Current Node    |     Objective Bounds      |     Work
 Expl Unexpl |  Obj  Depth IntInf | Incumbent    BestBd   Gap | It/Node Time

     0     0    3.00000    0   16    0.00000    3.00000      -     -    0s
H    0     0                       1.6666667    3.00000  80.0%     -    0s
H    0     0                       2.3333333    3.00000  28.6%     -    0s

Cutting planes:
  Gomory: 1

Explored 1 nodes (13 simplex iterations) in 0.01 seconds (0.00 work units)
Thread count was 1 (of 4 available processors)

Solution count 3: 2.33333 1.66667 4.44089e-15 

Optimal solution found (tolerance 1.00e-04)
Best objective 2.333333333333e+00, best bound 2.333333333333e+00, gap 0.0000%
Set parameter TimeLimit to value 15
Gurobi Optimizer version 12.0.3 build v12.0.3rc0 (win64 - Windows 10.0 (19045.2))

CPU model: Intel(R) Core(TM) i5-7400 CPU @ 3.00GHz, instruction set [SSE2|AVX|AVX2]
Thread count: 4 physical cores, 4 logical processors, using up to 1 threads

Non-default parameters:
TimeLimit  15
LogToConsole  0
Threads  1

Academic license 2699416 - for non-commercial use only - registered to pa___@id.uff.br
Optimize a model with 60 rows, 108 columns and 229 nonzeros
Model fingerprint: 0x4e893e39
Variable types: 1 continuous, 107 integer (107 binary)
Coefficient statistics:
  Matrix range     [1e+00, 9e+02]
  Objective range  [2e+00, 8e+00]
  Bounds range     [1e+00, 4e+01]
  RHS range        [4e+01, 4e+01]

User MIP start produced solution with objective -0 (0.01s)
Loaded user MIP start with objective -0
MIP start from previous solve did not produce a new incumbent solution

Presolve removed 21 rows and 66 columns
Presolve time: 0.00s
Presolved: 39 rows, 42 columns, 118 nonzeros
Variable types: 0 continuous, 42 integer (41 binary)

Root relaxation: objective 5.000000e-01, 5 iterations, 0.00 seconds (0.00 work units)

    Nodes    |    Current Node    |     Objective Bounds      |     Work
 Expl Unexpl |  Obj  Depth IntInf | Incumbent    BestBd   Gap | It/Node Time

*    0     0               0       0.5000000    0.50000  0.00%     -    0s

Explored 1 nodes (5 simplex iterations) in 0.01 seconds (0.00 work units)
Thread count was 1 (of 4 available processors)

Solution count 2: 0.5 -0 
No other solutions better than 0.5

Optimal solution found (tolerance 1.00e-04)
Best objective 5.000000000000e-01, best bound 5.000000000000e-01, gap 0.0000%
Set parameter TimeLimit to value 15
Gurobi Optimizer version 12.0.3 build v12.0.3rc0 (win64 - Windows 10.0 (19045.2))

CPU model: Intel(R) Core(TM) i5-7400 CPU @ 3.00GHz, instruction set [SSE2|AVX|AVX2]
Thread count: 4 physical cores, 4 logical processors, using up to 1 threads

Non-default parameters:
TimeLimit  15
LogToConsole  0
Threads  1

Academic license 2699416 - for non-commercial use only - registered to pa___@id.uff.br
Optimize a model with 60 rows, 108 columns and 229 nonzeros
Model fingerprint: 0x78dd4718
Variable types: 1 continuous, 107 integer (107 binary)
Coefficient statistics:
  Matrix range     [1e+00, 9e+02]
  Objective range  [2e+00, 8e+00]
  Bounds range     [1e+00, 4e+01]
  RHS range        [4e+01, 4e+01]

User MIP start produced solution with objective -0 (0.00s)
Loaded user MIP start with objective -0
MIP start from previous solve did not produce a new incumbent solution

Presolve removed 21 rows and 66 columns
Presolve time: 0.00s
Presolved: 39 rows, 42 columns, 118 nonzeros
Variable types: 0 continuous, 42 integer (41 binary)

Root relaxation: cutoff, 4 iterations, 0.00 seconds (0.00 work units)

    Nodes    |    Current Node    |     Objective Bounds      |     Work
 Expl Unexpl |  Obj  Depth IntInf | Incumbent    BestBd   Gap | It/Node Time

     0     0     cutoff    0        -0.00000   -0.00000  0.00%     -    0s

Explored 1 nodes (4 simplex iterations) in 0.01 seconds (0.00 work units)
Thread count was 1 (of 4 available processors)

Solution count 1: -0 
No other solutions better than -0

Optimal solution found (tolerance 1.00e-04)
Best objective -0.000000000000e+00, best bound -0.000000000000e+00, gap 0.0000%

Gurobi 12.0.3 (win64, Java) logging started Wed Aug 27 13:18:56 2025

Set parameter LogToConsole to value 0
Set parameter WLSAccessID
Set parameter WLSSecret
Set parameter LicenseID to value 2699416
Set parameter TimeLimit to value 15
Set parameter LogFile to value "mip1.log"
Set parameter Threads to value 1
Academic license 2699416 - for non-commercial use only - registered to pa___@id.uff.br
Gurobi Optimizer version 12.0.3 build v12.0.3rc0 (win64 - Windows 10.0 (19045.2))

CPU model: Intel(R) Core(TM) i5-7400 CPU @ 3.00GHz, instruction set [SSE2|AVX|AVX2]
Thread count: 4 physical cores, 4 logical processors, using up to 1 threads

Non-default parameters:
TimeLimit  15
LogToConsole  0
Threads  1

Academic license 2699416 - for non-commercial use only - registered to pa___@id.uff.br
Optimize a model with 6408 rows, 2787 columns and 29403 nonzeros
Model fingerprint: 0x7a160ed0
Variable types: 1 continuous, 2786 integer (2786 binary)
Coefficient statistics:
  Matrix range     [1e+00, 2e+03]
  Objective range  [2e+00, 1e+02]
  Bounds range     [1e+00, 3e+03]
  RHS range        [4e+03, 4e+03]

User MIP start produced solution with objective 1.95399e-13 (0.01s)
Loaded user MIP start with objective 1.95399e-13

Presolve removed 568 rows and 68 columns
Presolve time: 0.16s
Presolved: 5840 rows, 2719 columns, 26441 nonzeros
Found heuristic solution: objective 57.5217391
Variable types: 0 continuous, 2719 integer (2705 binary)
Found heuristic solution: objective 419.0869565

Root relaxation: objective 4.223989e+03, 7603 iterations, 1.85 seconds (2.00 work units)

    Nodes    |    Current Node    |     Objective Bounds      |     Work
 Expl Unexpl |  Obj  Depth IntInf | Incumbent    BestBd   Gap | It/Node Time

     0     0 4223.98915    0 1665  419.08696 4223.98915   908%     -    2s
H    0     0                    3772.1739130 4223.98915  12.0%     -    2s
H    0     0                    3822.9565217 4223.98915  10.5%     -    2s
H    0     0                    3858.3043478 4223.98915  9.48%     -    2s
H    0     0                    3876.3043478 4223.98915  8.97%     -    2s
H    0     0                    3975.9130435 4223.98915  6.24%     -    2s
H    0     0                    3982.1304348 4223.98915  6.07%     -    2s
H    0     0                    3984.1304348 4223.98915  6.02%     -    2s

Gurobi 12.0.3 (win64, Java) logging started Wed Aug 27 13:19:13 2025

Set parameter LogToConsole to value 0
Set parameter WLSAccessID
Set parameter WLSSecret
Set parameter LicenseID to value 2699416
Set parameter TimeLimit to value 15
Set parameter LogFile to value "mip1.log"
Set parameter Threads to value 1
Academic license 2699416 - for non-commercial use only - registered to pa___@id.uff.br
Gurobi Optimizer version 12.0.3 build v12.0.3rc0 (win64 - Windows 10.0 (19045.2))

CPU model: Intel(R) Core(TM) i5-7400 CPU @ 3.00GHz, instruction set [SSE2|AVX|AVX2]
Thread count: 4 physical cores, 4 logical processors, using up to 1 threads

Non-default parameters:
TimeLimit  15
LogToConsole  0
Threads  1

Academic license 2699416 - for non-commercial use only - registered to pa___@id.uff.br
Optimize a model with 156 rows, 178 columns and 693 nonzeros
Model fingerprint: 0xb761a7b2
Variable types: 1 continuous, 177 integer (177 binary)
Coefficient statistics:
  Matrix range     [1e+00, 9e+02]
  Objective range  [3e-01, 2e+01]
  Bounds range     [1e+00, 4e+01]
  RHS range        [7e+01, 7e+01]

User MIP start produced solution with objective 4.38538e-15 (0.01s)
Loaded user MIP start with objective 4.38538e-15

Presolve removed 32 rows and 45 columns
Presolve time: 0.00s
Presolved: 124 rows, 133 columns, 493 nonzeros
Found heuristic solution: objective 11.7586207
Variable types: 0 continuous, 133 integer (132 binary)
Found heuristic solution: objective 26.7241379

Root relaxation: objective 6.665489e+01, 62 iterations, 0.00 seconds (0.00 work units)

    Nodes    |    Current Node    |     Objective Bounds      |     Work
 Expl Unexpl |  Obj  Depth IntInf | Incumbent    BestBd   Gap | It/Node Time

     0     0   66.65489    0   10   26.72414   66.65489   149%     -    0s
H    0     0                      66.3965517   66.65489  0.39%     -    0s
     0     0   66.61925    0    5   66.39655   66.61925  0.34%     -    0s
     0     0   66.60753    0   10   66.39655   66.60753  0.32%     -    0s
     0     0     cutoff    0        66.39655   66.39655  0.00%     -    0s

Cutting planes:
  Gomory: 4
  Cover: 2

Explored 1 nodes (93 simplex iterations) in 0.02 seconds (0.00 work units)
Thread count was 1 (of 4 available processors)

Solution count 4: 66.3966 26.7241 11.7586 4.38538e-15 

Optimal solution found (tolerance 1.00e-04)
Best objective 6.639655172414e+01, best bound 6.639655172414e+01, gap 0.0000%
Set parameter TimeLimit to value 15
Gurobi Optimizer version 12.0.3 build v12.0.3rc0 (win64 - Windows 10.0 (19045.2))

CPU model: Intel(R) Core(TM) i5-7400 CPU @ 3.00GHz, instruction set [SSE2|AVX|AVX2]
Thread count: 4 physical cores, 4 logical processors, using up to 1 threads

Non-default parameters:
TimeLimit  15
LogToConsole  0
Threads  1

Academic license 2699416 - for non-commercial use only - registered to pa___@id.uff.br
Optimize a model with 156 rows, 178 columns and 693 nonzeros
Model fingerprint: 0xa702b207
Variable types: 1 continuous, 177 integer (177 binary)
Coefficient statistics:
  Matrix range     [1e+00, 9e+02]
  Objective range  [2e+00, 2e+01]
  Bounds range     [1e+00, 4e+01]
  RHS range        [7e+01, 7e+01]

User MIP start produced solution with objective -1.77636e-15 (0.00s)
Loaded user MIP start with objective -1.77636e-15
MIP start from previous solve did not produce a new incumbent solution

Presolve removed 32 rows and 45 columns
Presolve time: 0.00s
Presolved: 124 rows, 133 columns, 493 nonzeros
Variable types: 0 continuous, 133 integer (132 binary)

Root relaxation: objective 1.188889e+01, 42 iterations, 0.00 seconds (0.00 work units)

    Nodes    |    Current Node    |     Objective Bounds      |     Work
 Expl Unexpl |  Obj  Depth IntInf | Incumbent    BestBd   Gap | It/Node Time

     0     0   11.88889    0    7   -0.00000   11.88889      -     -    0s
H    0     0                       4.3333333   11.88889   174%     -    0s
H    0     0                       6.3333333   11.88889  87.7%     -    0s
H    0     0                       7.6666667   11.88889  55.1%     -    0s
H    0     0                       9.3333333   11.88889  27.4%     -    0s
     0     0   11.00000    0    2    9.33333   11.00000  17.9%     -    0s
H    0     0                      11.0000000   11.00000  0.00%     -    0s

Cutting planes:
  Gomory: 1
  Zero half: 1

Explored 1 nodes (45 simplex iterations) in 0.01 seconds (0.00 work units)
Thread count was 1 (of 4 available processors)

Solution count 6: 11 9.33333 7.66667 ... -1.77636e-15

Optimal solution found (tolerance 1.00e-04)
Best objective 1.100000000000e+01, best bound 1.100000000000e+01, gap 0.0000%
Set parameter TimeLimit to value 15
Gurobi Optimizer version 12.0.3 build v12.0.3rc0 (win64 - Windows 10.0 (19045.2))

CPU model: Intel(R) Core(TM) i5-7400 CPU @ 3.00GHz, instruction set [SSE2|AVX|AVX2]
Thread count: 4 physical cores, 4 logical processors, using up to 1 threads

Non-default parameters:
TimeLimit  15
LogToConsole  0
Threads  1

Academic license 2699416 - for non-commercial use only - registered to pa___@id.uff.br
Optimize a model with 156 rows, 178 columns and 693 nonzeros
Model fingerprint: 0x0069fe60
Variable types: 1 continuous, 177 integer (177 binary)
Coefficient statistics:
  Matrix range     [1e+00, 9e+02]
  Objective range  [2e+00, 2e+01]
  Bounds range     [1e+00, 4e+01]
  RHS range        [7e+01, 7e+01]

User MIP start produced solution with objective -0 (0.00s)
Loaded user MIP start with objective -0
MIP start from previous solve did not produce a new incumbent solution

Presolve removed 32 rows and 45 columns
Presolve time: 0.00s
Presolved: 124 rows, 133 columns, 493 nonzeros
Variable types: 0 continuous, 133 integer (132 binary)

Root relaxation: objective 1.463415e+00, 27 iterations, 0.00 seconds (0.00 work units)

    Nodes    |    Current Node    |     Objective Bounds      |     Work
 Expl Unexpl |  Obj  Depth IntInf | Incumbent    BestBd   Gap | It/Node Time

     0     0     cutoff    0        -0.00000   -0.00000  0.00%     -    0s

Explored 1 nodes (31 simplex iterations) in 0.01 seconds (0.00 work units)
Thread count was 1 (of 4 available processors)

Solution count 1: -0 
No other solutions better than -0

Optimal solution found (tolerance 1.00e-04)
Best objective -0.000000000000e+00, best bound -0.000000000000e+00, gap 0.0000%

Gurobi 12.0.3 (win64, Java) logging started Wed Aug 27 13:19:13 2025

Set parameter LogToConsole to value 0
Set parameter WLSAccessID
Set parameter WLSSecret
Set parameter LicenseID to value 2699416
Set parameter TimeLimit to value 15
Set parameter LogFile to value "mip1.log"
Set parameter Threads to value 1
Academic license 2699416 - for non-commercial use only - registered to pa___@id.uff.br
Gurobi Optimizer version 12.0.3 build v12.0.3rc0 (win64 - Windows 10.0 (19045.2))

CPU model: Intel(R) Core(TM) i5-7400 CPU @ 3.00GHz, instruction set [SSE2|AVX|AVX2]
Thread count: 4 physical cores, 4 logical processors, using up to 1 threads

Non-default parameters:
TimeLimit  15
LogToConsole  0
Threads  1

Academic license 2699416 - for non-commercial use only - registered to pa___@id.uff.br
Optimize a model with 8 rows, 41 columns and 51 nonzeros
Model fingerprint: 0x36af95e1
Variable types: 1 continuous, 40 integer (40 binary)
Coefficient statistics:
  Matrix range     [1e+00, 1e+02]
  Objective range  [6e-02, 3e+00]
  Bounds range     [1e+00, 2e+00]
  RHS range        [2e+00, 2e+00]

User MIP start produced solution with objective 1.66533e-16 (0.01s)
Loaded user MIP start with objective 1.66533e-16

Presolve removed 6 rows and 36 columns
Presolve time: 0.00s
Presolved: 2 rows, 5 columns, 7 nonzeros
Found heuristic solution: objective 1.9393939
Variable types: 0 continuous, 5 integer (4 binary)

Explored 0 nodes (0 simplex iterations) in 0.01 seconds (0.00 work units)
Thread count was 1 (of 4 available processors)

Solution count 2: 1.93939 1.66533e-16 

Optimal solution found (tolerance 1.00e-04)
Best objective 1.939393939394e+00, best bound 1.939393939394e+00, gap 0.0000%
Set parameter TimeLimit to value 15
Gurobi Optimizer version 12.0.3 build v12.0.3rc0 (win64 - Windows 10.0 (19045.2))

CPU model: Intel(R) Core(TM) i5-7400 CPU @ 3.00GHz, instruction set [SSE2|AVX|AVX2]
Thread count: 4 physical cores, 4 logical processors, using up to 1 threads

Non-default parameters:
TimeLimit  15
LogToConsole  0
Threads  1

Academic license 2699416 - for non-commercial use only - registered to pa___@id.uff.br
Optimize a model with 8 rows, 41 columns and 51 nonzeros
Model fingerprint: 0xc97e5e40
Variable types: 1 continuous, 40 integer (40 binary)
Coefficient statistics:
  Matrix range     [1e+00, 1e+02]
  Objective range  [1e+00, 3e+00]
  Bounds range     [1e+00, 2e+00]
  RHS range        [2e+00, 2e+00]

User MIP start produced solution with objective -0 (0.00s)
Loaded user MIP start with objective -0
MIP start from previous solve did not produce a new incumbent solution

Presolve removed 8 rows and 41 columns
Presolve time: 0.00s
Presolve: All rows and columns removed

Explored 0 nodes (0 simplex iterations) in 0.00 seconds (0.00 work units)
Thread count was 1 (of 4 available processors)

Solution count 1: -0 
No other solutions better than -0

Optimal solution found (tolerance 1.00e-04)
Best objective -0.000000000000e+00, best bound -0.000000000000e+00, gap 0.0000%

Gurobi 12.0.3 (win64, Java) logging started Wed Aug 27 13:19:14 2025

Set parameter LogToConsole to value 0
Set parameter WLSAccessID
Set parameter WLSSecret
Set parameter LicenseID to value 2699416
Set parameter TimeLimit to value 15
Set parameter LogFile to value "mip1.log"
Set parameter Threads to value 1
Academic license 2699416 - for non-commercial use only - registered to pa___@id.uff.br
Gurobi Optimizer version 12.0.3 build v12.0.3rc0 (win64 - Windows 10.0 (19045.2))

CPU model: Intel(R) Core(TM) i5-7400 CPU @ 3.00GHz, instruction set [SSE2|AVX|AVX2]
Thread count: 4 physical cores, 4 logical processors, using up to 1 threads

Non-default parameters:
TimeLimit  15
LogToConsole  0
Threads  1

Academic license 2699416 - for non-commercial use only - registered to pa___@id.uff.br
Optimize a model with 247 rows, 207 columns and 1116 nonzeros
Model fingerprint: 0x86d47713
Variable types: 1 continuous, 206 integer (206 binary)
Coefficient statistics:
  Matrix range     [1e+00, 1e+03]
  Objective range  [3e-01, 1e+01]
  Bounds range     [1e+00, 7e+01]
  RHS range        [1e+02, 1e+02]

User MIP start produced solution with objective 1.06581e-14 (0.01s)
Loaded user MIP start with objective 1.06581e-14

Presolve removed 41 rows and 34 columns
Presolve time: 0.00s
Presolved: 206 rows, 173 columns, 852 nonzeros
Found heuristic solution: objective 8.7822581
Variable types: 0 continuous, 173 integer (172 binary)
Found heuristic solution: objective 28.4758065

Root relaxation: objective 1.032855e+02, 150 iterations, 0.00 seconds (0.00 work units)

    Nodes    |    Current Node    |     Objective Bounds      |     Work
 Expl Unexpl |  Obj  Depth IntInf | Incumbent    BestBd   Gap | It/Node Time

     0     0  103.28546    0   52   28.47581  103.28546   263%     -    0s
H    0     0                     102.0080645  103.28546  1.25%     -    0s
H    0     0                     102.2741935  103.28546  0.99%     -    0s
H    0     0                     102.5403226  103.28546  0.73%     -    0s
     0     0  103.23986    0   19  102.54032  103.23986  0.68%     -    0s
H    0     0                     102.8064516  103.23569  0.42%     -    0s
H    0     0                     103.0725806  103.23569  0.16%     -    0s
     0     0  103.23569    0   17  103.07258  103.23569  0.16%     -    0s
     0     0  103.22106    0   24  103.07258  103.22106  0.14%     -    0s
     0     0  103.22106    0   34  103.07258  103.22106  0.14%     -    0s
     0     0  103.22106    0   22  103.07258  103.22106  0.14%     -    0s
     0     0  103.21109    0   33  103.07258  103.21109  0.13%     -    0s
     0     0  103.21106    0   56  103.07258  103.21106  0.13%     -    0s
     0     0  103.21037    0   44  103.07258  103.21037  0.13%     -    0s
     0     0  103.20741    0   71  103.07258  103.20741  0.13%     -    0s
     0     0  103.20735    0   67  103.07258  103.20735  0.13%     -    0s
     0     0  103.20644    0   56  103.07258  103.20644  0.13%     -    0s
     0     0  103.20635    0   56  103.07258  103.20635  0.13%     -    0s
     0     0  103.20604    0   61  103.07258  103.20604  0.13%     -    0s
     0     0  103.20601    0   61  103.07258  103.20601  0.13%     -    0s
     0     0  103.20598    0   61  103.07258  103.20598  0.13%     -    0s
     0     0  103.20525    0   61  103.07258  103.20525  0.13%     -    0s
     0     2  103.20525    0   61  103.07258  103.20525  0.13%     -    0s

Cutting planes:
  Gomory: 1
  Cover: 4
  MIR: 2
  StrongCG: 2
  Zero half: 6
  Mod-K: 1
  RLT: 2
  Relax-and-lift: 2

Explored 51 nodes (954 simplex iterations) in 0.15 seconds (0.05 work units)
Thread count was 1 (of 4 available processors)

Solution count 9: 103.073 102.806 102.54 ... 1.06581e-14

Optimal solution found (tolerance 1.00e-04)
Best objective 1.030725806452e+02, best bound 1.030806451613e+02, gap 0.0078%
Set parameter TimeLimit to value 15
Gurobi Optimizer version 12.0.3 build v12.0.3rc0 (win64 - Windows 10.0 (19045.2))

CPU model: Intel(R) Core(TM) i5-7400 CPU @ 3.00GHz, instruction set [SSE2|AVX|AVX2]
Thread count: 4 physical cores, 4 logical processors, using up to 1 threads

Non-default parameters:
TimeLimit  15
LogToConsole  0
Threads  1

Academic license 2699416 - for non-commercial use only - registered to pa___@id.uff.br
Optimize a model with 247 rows, 207 columns and 1116 nonzeros
Model fingerprint: 0xea1cdf16
Variable types: 1 continuous, 206 integer (206 binary)
Coefficient statistics:
  Matrix range     [1e+00, 1e+03]
  Objective range  [1e+00, 1e+01]
  Bounds range     [1e+00, 7e+01]
  RHS range        [1e+02, 1e+02]

User MIP start produced solution with objective -3.55271e-15 (0.00s)
Loaded user MIP start with objective -3.55271e-15
MIP start from previous solve did not produce a new incumbent solution

Presolve removed 41 rows and 34 columns
Presolve time: 0.01s
Presolved: 206 rows, 173 columns, 852 nonzeros
Variable types: 0 continuous, 173 integer (172 binary)

Root relaxation: objective 9.454545e+00, 87 iterations, 0.00 seconds (0.00 work units)

    Nodes    |    Current Node    |     Objective Bounds      |     Work
 Expl Unexpl |  Obj  Depth IntInf | Incumbent    BestBd   Gap | It/Node Time

*    0     0               0       9.4545455    9.45455  0.00%     -    0s

Explored 1 nodes (87 simplex iterations) in 0.05 seconds (0.00 work units)
Thread count was 1 (of 4 available processors)

Solution count 2: 9.45455 -3.55271e-15 

Optimal solution found (tolerance 1.00e-04)
Best objective 9.454545454545e+00, best bound 9.454545454545e+00, gap 0.0000%
Set parameter TimeLimit to value 15
Gurobi Optimizer version 12.0.3 build v12.0.3rc0 (win64 - Windows 10.0 (19045.2))

CPU model: Intel(R) Core(TM) i5-7400 CPU @ 3.00GHz, instruction set [SSE2|AVX|AVX2]
Thread count: 4 physical cores, 4 logical processors, using up to 1 threads

Non-default parameters:
TimeLimit  15
LogToConsole  0
Threads  1

Academic license 2699416 - for non-commercial use only - registered to pa___@id.uff.br
Optimize a model with 247 rows, 207 columns and 1116 nonzeros
Model fingerprint: 0x44c2705d
Variable types: 1 continuous, 206 integer (206 binary)
Coefficient statistics:
  Matrix range     [1e+00, 1e+03]
  Objective range  [1e+00, 1e+01]
  Bounds range     [1e+00, 7e+01]
  RHS range        [1e+02, 1e+02]

User MIP start produced solution with objective -0 (0.04s)
Loaded user MIP start with objective -0
MIP start from previous solve did not produce a new incumbent solution

Presolve removed 41 rows and 34 columns
Presolve time: 0.00s
Presolved: 206 rows, 173 columns, 852 nonzeros
Variable types: 0 continuous, 173 integer (172 binary)

Root relaxation: cutoff, 53 iterations, 0.00 seconds (0.00 work units)

    Nodes    |    Current Node    |     Objective Bounds      |     Work
 Expl Unexpl |  Obj  Depth IntInf | Incumbent    BestBd   Gap | It/Node Time

     0     0     cutoff    0        -0.00000   -0.00000  0.00%     -    0s

Explored 1 nodes (53 simplex iterations) in 0.05 seconds (0.00 work units)
Thread count was 1 (of 4 available processors)

Solution count 1: -0 
No other solutions better than -0

Optimal solution found (tolerance 1.00e-04)
Best objective -0.000000000000e+00, best bound -0.000000000000e+00, gap 0.0000%

Gurobi 12.0.3 (win64, Java) logging started Wed Aug 27 13:19:14 2025

Set parameter LogToConsole to value 0
Set parameter WLSAccessID
Set parameter WLSSecret
Set parameter LicenseID to value 2699416
Set parameter TimeLimit to value 15
Set parameter LogFile to value "mip1.log"
Set parameter Threads to value 1
Academic license 2699416 - for non-commercial use only - registered to pa___@id.uff.br
Gurobi Optimizer version 12.0.3 build v12.0.3rc0 (win64 - Windows 10.0 (19045.2))

CPU model: Intel(R) Core(TM) i5-7400 CPU @ 3.00GHz, instruction set [SSE2|AVX|AVX2]
Thread count: 4 physical cores, 4 logical processors, using up to 1 threads

Non-default parameters:
TimeLimit  15
LogToConsole  0
Threads  1

Academic license 2699416 - for non-commercial use only - registered to pa___@id.uff.br
Optimize a model with 60 rows, 108 columns and 229 nonzeros
Model fingerprint: 0xe02a93d4
Variable types: 1 continuous, 107 integer (107 binary)
Coefficient statistics:
  Matrix range     [1e+00, 9e+02]
  Objective range  [5e-02, 8e+00]
  Bounds range     [1e+00, 4e+01]
  RHS range        [4e+01, 4e+01]

User MIP start produced solution with objective 1.41553e-15 (0.00s)
Loaded user MIP start with objective 1.41553e-15

Presolve removed 21 rows and 66 columns
Presolve time: 0.00s
Presolved: 39 rows, 42 columns, 118 nonzeros
Found heuristic solution: objective 3.5164835
Variable types: 0 continuous, 42 integer (41 binary)
Found heuristic solution: objective 4.7252747

Root relaxation: objective 3.918956e+01, 19 iterations, 0.00 seconds (0.00 work units)

    Nodes    |    Current Node    |     Objective Bounds      |     Work
 Expl Unexpl |  Obj  Depth IntInf | Incumbent    BestBd   Gap | It/Node Time

     0     0   39.18956    0    8    4.72527   39.18956   729%     -    0s
H    0     0                      39.0659341   39.18956  0.32%     -    0s
H    0     0                      39.1208791   39.18956  0.18%     -    0s
H    0     0                      39.1758242   39.18956  0.04%     -    0s

Cutting planes:
  Gomory: 1
  Cover: 2
  Zero half: 1

Explored 1 nodes (22 simplex iterations) in 0.01 seconds (0.00 work units)
Thread count was 1 (of 4 available processors)

Solution count 6: 39.1758 39.1209 39.0659 ... 1.41553e-15

Optimal solution found (tolerance 1.00e-04)
Best objective 3.917582417582e+01, best bound 3.917582417582e+01, gap 0.0000%
Set parameter TimeLimit to value 15
Gurobi Optimizer version 12.0.3 build v12.0.3rc0 (win64 - Windows 10.0 (19045.2))

CPU model: Intel(R) Core(TM) i5-7400 CPU @ 3.00GHz, instruction set [SSE2|AVX|AVX2]
Thread count: 4 physical cores, 4 logical processors, using up to 1 threads

Non-default parameters:
TimeLimit  15
LogToConsole  0
Threads  1

Academic license 2699416 - for non-commercial use only - registered to pa___@id.uff.br
Optimize a model with 60 rows, 108 columns and 229 nonzeros
Model fingerprint: 0xa7c6e1d9
Variable types: 1 continuous, 107 integer (107 binary)
Coefficient statistics:
  Matrix range     [1e+00, 9e+02]
  Objective range  [2e+00, 8e+00]
  Bounds range     [1e+00, 4e+01]
  RHS range        [4e+01, 4e+01]

User MIP start produced solution with objective 4.44089e-15 (0.01s)
Loaded user MIP start with objective 4.44089e-15
MIP start from previous solve did not produce a new incumbent solution

Presolve removed 21 rows and 66 columns
Presolve time: 0.00s
Presolved: 39 rows, 42 columns, 118 nonzeros
Variable types: 0 continuous, 42 integer (41 binary)

Root relaxation: objective 3.000000e+00, 11 iterations, 0.00 seconds (0.00 work units)

    Nodes    |    Current Node    |     Objective Bounds      |     Work
 Expl Unexpl |  Obj  Depth IntInf | Incumbent    BestBd   Gap | It/Node Time

     0     0    3.00000    0   16    0.00000    3.00000      -     -    0s
H    0     0                       1.6666667    3.00000  80.0%     -    0s
H    0     0                       2.3333333    3.00000  28.6%     -    0s

Cutting planes:
  Gomory: 1

Explored 1 nodes (13 simplex iterations) in 0.01 seconds (0.00 work units)
Thread count was 1 (of 4 available processors)

Solution count 3: 2.33333 1.66667 4.44089e-15 

Optimal solution found (tolerance 1.00e-04)
Best objective 2.333333333333e+00, best bound 2.333333333333e+00, gap 0.0000%
Set parameter TimeLimit to value 15
Gurobi Optimizer version 12.0.3 build v12.0.3rc0 (win64 - Windows 10.0 (19045.2))

CPU model: Intel(R) Core(TM) i5-7400 CPU @ 3.00GHz, instruction set [SSE2|AVX|AVX2]
Thread count: 4 physical cores, 4 logical processors, using up to 1 threads

Non-default parameters:
TimeLimit  15
LogToConsole  0
Threads  1

Academic license 2699416 - for non-commercial use only - registered to pa___@id.uff.br
Optimize a model with 60 rows, 108 columns and 229 nonzeros
Model fingerprint: 0x4e893e39
Variable types: 1 continuous, 107 integer (107 binary)
Coefficient statistics:
  Matrix range     [1e+00, 9e+02]
  Objective range  [2e+00, 8e+00]
  Bounds range     [1e+00, 4e+01]
  RHS range        [4e+01, 4e+01]

User MIP start produced solution with objective -0 (0.00s)
Loaded user MIP start with objective -0
MIP start from previous solve did not produce a new incumbent solution

Presolve removed 21 rows and 66 columns
Presolve time: 0.00s
Presolved: 39 rows, 42 columns, 118 nonzeros
Variable types: 0 continuous, 42 integer (41 binary)

Root relaxation: objective 5.000000e-01, 5 iterations, 0.00 seconds (0.00 work units)

    Nodes    |    Current Node    |     Objective Bounds      |     Work
 Expl Unexpl |  Obj  Depth IntInf | Incumbent    BestBd   Gap | It/Node Time

*    0     0               0       0.5000000    0.50000  0.00%     -    0s

Explored 1 nodes (5 simplex iterations) in 0.01 seconds (0.00 work units)
Thread count was 1 (of 4 available processors)

Solution count 2: 0.5 -0 
No other solutions better than 0.5

Optimal solution found (tolerance 1.00e-04)
Best objective 5.000000000000e-01, best bound 5.000000000000e-01, gap 0.0000%
Set parameter TimeLimit to value 15
Gurobi Optimizer version 12.0.3 build v12.0.3rc0 (win64 - Windows 10.0 (19045.2))

CPU model: Intel(R) Core(TM) i5-7400 CPU @ 3.00GHz, instruction set [SSE2|AVX|AVX2]
Thread count: 4 physical cores, 4 logical processors, using up to 1 threads

Non-default parameters:
TimeLimit  15
LogToConsole  0
Threads  1

Academic license 2699416 - for non-commercial use only - registered to pa___@id.uff.br
Optimize a model with 60 rows, 108 columns and 229 nonzeros
Model fingerprint: 0x78dd4718
Variable types: 1 continuous, 107 integer (107 binary)
Coefficient statistics:
  Matrix range     [1e+00, 9e+02]
  Objective range  [2e+00, 8e+00]
  Bounds range     [1e+00, 4e+01]
  RHS range        [4e+01, 4e+01]

User MIP start produced solution with objective -0 (0.00s)
Loaded user MIP start with objective -0
MIP start from previous solve did not produce a new incumbent solution

Presolve removed 21 rows and 66 columns
Presolve time: 0.00s
Presolved: 39 rows, 42 columns, 118 nonzeros
Variable types: 0 continuous, 42 integer (41 binary)

Root relaxation: cutoff, 4 iterations, 0.00 seconds (0.00 work units)

    Nodes    |    Current Node    |     Objective Bounds      |     Work
 Expl Unexpl |  Obj  Depth IntInf | Incumbent    BestBd   Gap | It/Node Time

     0     0     cutoff    0        -0.00000   -0.00000  0.00%     -    0s

Explored 1 nodes (4 simplex iterations) in 0.01 seconds (0.00 work units)
Thread count was 1 (of 4 available processors)

Solution count 1: -0 
No other solutions better than -0

Optimal solution found (tolerance 1.00e-04)
Best objective -0.000000000000e+00, best bound -0.000000000000e+00, gap 0.0000%

Gurobi 12.0.3 (win64, Java) logging started Wed Aug 27 13:19:14 2025

Set parameter LogToConsole to value 0
Set parameter WLSAccessID
Set parameter WLSSecret
Set parameter LicenseID to value 2699416
Set parameter TimeLimit to value 15
Set parameter LogFile to value "mip1.log"
Set parameter Threads to value 1
Academic license 2699416 - for non-commercial use only - registered to pa___@id.uff.br
Gurobi Optimizer version 12.0.3 build v12.0.3rc0 (win64 - Windows 10.0 (19045.2))

CPU model: Intel(R) Core(TM) i5-7400 CPU @ 3.00GHz, instruction set [SSE2|AVX|AVX2]
Thread count: 4 physical cores, 4 logical processors, using up to 1 threads

Non-default parameters:
TimeLimit  15
LogToConsole  0
Threads  1

Academic license 2699416 - for non-commercial use only - registered to pa___@id.uff.br
Optimize a model with 6408 rows, 2787 columns and 29403 nonzeros
Model fingerprint: 0x7a160ed0
Variable types: 1 continuous, 2786 integer (2786 binary)
Coefficient statistics:
  Matrix range     [1e+00, 2e+03]
  Objective range  [2e+00, 1e+02]
  Bounds range     [1e+00, 3e+03]
  RHS range        [4e+03, 4e+03]

User MIP start produced solution with objective 1.95399e-13 (0.01s)
Loaded user MIP start with objective 1.95399e-13

Presolve removed 568 rows and 68 columns
Presolve time: 0.13s
Presolved: 5840 rows, 2719 columns, 26441 nonzeros
Found heuristic solution: objective 57.5217391
Variable types: 0 continuous, 2719 integer (2705 binary)
Found heuristic solution: objective 419.0869565

Root relaxation: objective 4.223989e+03, 7603 iterations, 1.76 seconds (2.00 work units)

    Nodes    |    Current Node    |     Objective Bounds      |     Work
 Expl Unexpl |  Obj  Depth IntInf | Incumbent    BestBd   Gap | It/Node Time

     0     0 4223.98915    0 1665  419.08696 4223.98915   908%     -    2s
H    0     0                    3772.1739130 4223.98915  12.0%     -    2s
H    0     0                    3822.9565217 4223.98915  10.5%     -    2s
H    0     0                    3858.3043478 4223.98915  9.48%     -    2s
H    0     0                    3876.3043478 4223.98915  8.97%     -    2s
H    0     0                    3975.9130435 4223.98915  6.24%     -    2s
H    0     0                    3982.1304348 4223.98915  6.07%     -    2s
H    0     0                    3984.1304348 4223.98915  6.02%     -    2s
     0     0 4195.59957    0 1824 3984.13043 4195.59957  5.31%     -    4s
H    0     0                    4041.6521739 4195.56946  3.81%     -    4s
     0     0 4193.61533    0 1879 4041.65217 4193.61533  3.76%     -    5s
     0     0 4193.23095    0 1841 4041.65217 4193.23095  3.75%     -    5s
     0     0 4193.21442    0 1824 4041.65217 4193.21442  3.75%     -    5s
     0     0 4193.21366    0 1825 4041.65217 4193.21366  3.75%     -    5s
     0     0 4188.43382    0 2024 4041.65217 4188.43382  3.63%     -    6s
     0     0 4187.71373    0 2048 4041.65217 4187.71373  3.61%     -    7s
     0     0 4187.59297    0 1865 4041.65217 4187.59297  3.61%     -    7s
     0     0 4187.53702    0 2061 4041.65217 4187.53702  3.61%     -    7s
     0     0 4187.52352    0 2066 4041.65217 4187.52352  3.61%     -    7s
     0     0 4186.10262    0 1958 4041.65217 4186.10262  3.57%     -    8s
H    0     0                    4074.5217391 4186.10166  2.74%     -    8s
     0     0 4185.79404    0 1965 4074.52174 4185.79404  2.73%     -    9s
     0     0 4185.70958    0 1963 4074.52174 4185.70958  2.73%     -    9s
     0     0 4185.70364    0 1774 4074.52174 4185.70364  2.73%     -    9s
     0     0 4185.22627    0 1945 4074.52174 4185.22627  2.72%     -   10s
     0     0 4185.04610    0 1774 4074.52174 4185.04610  2.71%     -   10s
     0     0 4184.99876    0 1954 4074.52174 4184.99876  2.71%     -   10s
     0     0 4184.96807    0 1970 4074.52174 4184.96807  2.71%     -   10s
     0     0 4184.96421    0 1961 4074.52174 4184.96421  2.71%     -   10s
     0     0 4184.74256    0 1767 4074.52174 4184.74256  2.71%     -   11s
H    0     0                    4090.9565217 4184.74236  2.29%     -   11s
     0     0 4184.67084    0 1771 4090.95652 4184.67084  2.29%     -   11s
     0     0 4184.65055    0 1773 4090.95652 4184.65055  2.29%     -   11s
     0     0 4184.64153    0 1771 4090.95652 4184.64153  2.29%     -   11s
     0     0 4184.56146    0 1772 4090.95652 4184.56146  2.29%     -   12s
     0     0 4184.56124    0 1760 4090.95652 4184.56124  2.29%     -   12s
H    0     0                    4099.1739130 4184.56094  2.08%     -   13s
H    0     0                    4107.3913043 4184.56094  1.88%     -   13s
H    0     0                    4115.6086957 4184.56094  1.68%     -   13s
H    0     0                    4123.8260870 4184.56094  1.47%     -   13s
H    0     0                    4132.0434783 4184.56094  1.27%     -   13s
     0     2 4184.56094    0 1758 4132.04348 4184.56094  1.27%     -   13s

Cutting planes:
  Cover: 367
  Implied bound: 3
  Clique: 55
  MIR: 80
  StrongCG: 2
  Flow cover: 3
  GUB cover: 7
  Zero half: 20
  RLT: 447
  Relax-and-lift: 103
  BQP: 7
  PSD: 1

Explored 4 nodes (28059 simplex iterations) in 15.00 seconds (15.85 work units)
Thread count was 1 (of 4 available processors)

Solution count 10: 4132.04 4123.83 4115.61 ... 3982.13

Time limit reached
Best objective 4.132043478261e+03, best bound 4.183782608696e+03, gap 1.2521%
Set parameter TimeLimit to value 15
Gurobi Optimizer version 12.0.3 build v12.0.3rc0 (win64 - Windows 10.0 (19045.2))

CPU model: Intel(R) Core(TM) i5-7400 CPU @ 3.00GHz, instruction set [SSE2|AVX|AVX2]
Thread count: 4 physical cores, 4 logical processors, using up to 1 threads

Non-default parameters:
TimeLimit  15
LogToConsole  0
Threads  1

Academic license 2699416 - for non-commercial use only - registered to pa___@id.uff.br
Optimize a model with 6408 rows, 2787 columns and 29403 nonzeros
Model fingerprint: 0x9dad9206
Variable types: 1 continuous, 2786 integer (2786 binary)
Coefficient statistics:
  Matrix range     [1e+00, 2e+03]
  Objective range  [2e+00, 1e+02]
  Bounds range     [1e+00, 3e+03]
  RHS range        [4e+03, 4e+03]

User MIP start produced solution with objective -0 (0.01s)
Loaded user MIP start with objective -0
MIP start from previous solve did not produce a new incumbent solution

Presolve removed 568 rows and 68 columns
Presolve time: 0.14s
Presolved: 5840 rows, 2719 columns, 26441 nonzeros
Variable types: 0 continuous, 2719 integer (2705 binary)

Root relaxation: objective 1.536761e+03, 7194 iterations, 1.74 seconds (1.90 work units)

    Nodes    |    Current Node    |     Objective Bounds      |     Work
 Expl Unexpl |  Obj  Depth IntInf | Incumbent    BestBd   Gap | It/Node Time

     0     0 1536.76062    0 1663   -0.00000 1536.76062      -     -    2s
     0     0 1051.97068    0 1826   -0.00000 1051.97068      -     -    4s
     0     0 1021.55831    0 1888   -0.00000 1021.55831      -     -    4s
     0     0 1017.87138    0 1862   -0.00000 1017.87138      -     -    4s
     0     0 1017.80683    0 1866   -0.00000 1017.80683      -     -    4s
     0     0  932.41890    0 1972   -0.00000  932.41890      -     -    5s
     0     0  922.57765    0 1897   -0.00000  922.57765      -     -    5s
     0     0  918.58407    0 1970   -0.00000  918.58407      -     -    5s
     0     0  918.23293    0 1975   -0.00000  918.23293      -     -    6s
     0     0  918.14824    0 1942   -0.00000  918.14824      -     -    6s
     0     0  898.86109    0 1767   -0.00000  898.86109      -     -    7s
     0     0  895.00957    0 1941   -0.00000  895.00957      -     -    7s
     0     0  893.84730    0 1768   -0.00000  893.84730      -     -    7s
     0     0  893.48223    0 1966   -0.00000  893.48223      -     -    7s
     0     0  893.26240    0 1786   -0.00000  893.26240      -     -    7s
     0     0  884.90210    0 1885   -0.00000  884.90210      -     -    9s
     0     0  883.13843    0 1898   -0.00000  883.13843      -     -    9s
     0     0  882.58631    0 1983   -0.00000  882.58631      -     -    9s
     0     0  882.28250    0 1899   -0.00000  882.28250      -     -    9s
     0     0  878.00814    0 1801   -0.00000  878.00814      -     -    9s
     0     0  877.38679    0 1980   -0.00000  877.38679      -     -   10s
     0     0  877.17205    0 2005   -0.00000  877.17205      -     -   10s
     0     0  875.70473    0 1778   -0.00000  875.70473      -     -   10s
     0     0  875.69790    0 1764   -0.00000  875.69790      -     -   10s
H    0     0                     165.0312500  875.69790   431%     -   11s
H    0     0                     336.0312500  875.69790   161%     -   11s
H    0     0                     337.0312500  875.69790   160%     -   11s
H    0     0                     354.3750000  875.69790   147%     -   11s
H    0     0                     356.3750000  875.69790   146%     -   11s
H    0     0                     357.0312500  875.69790   145%     -   11s
H    0     0                     405.3750000  875.69790   116%     -   11s
H    0     0                     425.3750000  875.69790   106%     -   11s
H    0     0                     432.3750000  875.69790   103%     -   11s
     0     2  875.69790    0 1762  432.37500  875.69790   103%     -   12s

Cutting planes:
  Gomory: 1
  Cover: 370
  Implied bound: 3
  Clique: 58
  MIR: 82
  StrongCG: 1
  Flow cover: 2
  GUB cover: 5
  Zero half: 25
  RLT: 428
  Relax-and-lift: 113
  BQP: 8
  PSD: 1

Explored 6 nodes (32051 simplex iterations) in 15.07 seconds (17.15 work units)
Thread count was 1 (of 4 available processors)

Solution count 10: 432.375 425.375 405.375 ... -0

Time limit reached
Best objective 4.323750000000e+02, best bound 8.522187500000e+02, gap 97.1018%
Set parameter TimeLimit to value 15
Gurobi Optimizer version 12.0.3 build v12.0.3rc0 (win64 - Windows 10.0 (19045.2))

CPU model: Intel(R) Core(TM) i5-7400 CPU @ 3.00GHz, instruction set [SSE2|AVX|AVX2]
Thread count: 4 physical cores, 4 logical processors, using up to 1 threads

Non-default parameters:
TimeLimit  15
LogToConsole  0
Threads  1

Academic license 2699416 - for non-commercial use only - registered to pa___@id.uff.br
Optimize a model with 6408 rows, 2787 columns and 29403 nonzeros
Model fingerprint: 0x897acc5e
Variable types: 1 continuous, 2786 integer (2786 binary)
Coefficient statistics:
  Matrix range     [1e+00, 2e+03]
  Objective range  [2e+00, 2e+02]
  Bounds range     [1e+00, 3e+03]
  RHS range        [4e+03, 4e+03]

User MIP start produced solution with objective 2.84217e-13 (0.02s)
Loaded user MIP start with objective 2.84217e-13
MIP start from previous solve did not produce a new incumbent solution

Presolve removed 568 rows and 68 columns
Presolve time: 0.18s
Presolved: 5840 rows, 2719 columns, 26441 nonzeros
Variable types: 0 continuous, 2719 integer (2705 binary)

Root relaxation: objective 1.226695e+03, 6272 iterations, 1.52 seconds (1.56 work units)

    Nodes    |    Current Node    |     Objective Bounds      |     Work
 Expl Unexpl |  Obj  Depth IntInf | Incumbent    BestBd   Gap | It/Node Time

     0     0 1226.69486    0 1730    0.00000 1226.69486      -     -    1s
     0     0  738.05866    0 1894    0.00000  738.05866      -     -    3s
     0     0  705.89786    0 1889    0.00000  705.89786      -     -    4s
     0     0  700.92657    0 1906    0.00000  700.92657      -     -    4s
     0     0  700.35166    0 1908    0.00000  700.35166      -     -    4s
     0     0  700.33555    0 1895    0.00000  700.33555      -     -    4s
     0     0  596.50258    0 1947    0.00000  596.50258      -     -    5s
     0     0  582.25770    0 1928    0.00000  582.25770      -     -    5s
     0     0  578.18826    0 1919    0.00000  578.18826      -     -    6s
     0     0  576.90633    0 1922    0.00000  576.90633      -     -    6s
     0     0  576.50641    0 1939    0.00000  576.50641      -     -    6s
     0     0  576.39448    0 1925    0.00000  576.39448      -     -    6s
     0     0  541.67928    0 1924    0.00000  541.67928      -     -    7s
     0     0  536.06133    0 1943    0.00000  536.06133      -     -    7s
     0     0  535.23844    0 1943    0.00000  535.23844      -     -    7s
     0     0  534.65412    0 1933    0.00000  534.65412      -     -    7s
     0     0  534.46250    0 1941    0.00000  534.46250      -     -    7s
     0     0  524.97566    0 1919    0.00000  524.97566      -     -    8s
     0     0  520.80887    0 1923    0.00000  520.80887      -     -    8s
     0     0  519.14749    0 1947    0.00000  519.14749      -     -    8s
     0     0  518.81544    0 1965    0.00000  518.81544      -     -    8s
     0     0  515.62276    0 1976    0.00000  515.62276      -     -    9s
     0     0  514.19720    0 1950    0.00000  514.19720      -     -    9s
     0     0  513.73856    0 1953    0.00000  513.73856      -     -    9s
     0     0  513.47864    0 1941    0.00000  513.47864      -     -    9s
     0     0  511.62713    0 1879    0.00000  511.62713      -     -    9s
     0     0  511.60894    0 1868    0.00000  511.60894      -     -    9s
H    0     0                       5.7142857  511.60894  8853%     -   10s
H    0     0                      43.7142857  511.60894  1070%     -   10s
H    0     0                      47.7142857  511.60894   972%     -   10s
H    0     0                      64.5714286  511.60894   692%     -   11s
H    0     0                      68.5714286  511.60894   646%     -   11s
H    0     0                      86.3571429  511.60894   492%     -   11s
H    0     0                      89.3571429  511.60894   473%     -   11s
     0     2  511.60894    0 1864   89.35714  511.60894   473%     -   11s

Cutting planes:
  Cover: 404
  Implied bound: 3
  Clique: 53
  MIR: 66
  StrongCG: 4
  Flow cover: 2
  GUB cover: 4
  Zero half: 23
  RLT: 465
  Relax-and-lift: 148
  BQP: 3
  PSD: 2

Explored 10 nodes (41016 simplex iterations) in 15.00 seconds (14.59 work units)
Thread count was 1 (of 4 available processors)

Solution count 8: 89.3571 86.3571 68.5714 ... 2.84217e-13

Time limit reached
Best objective 8.935714285714e+01, best bound 4.947857142860e+02, gap 453.7170%
Set parameter TimeLimit to value 14
Gurobi Optimizer version 12.0.3 build v12.0.3rc0 (win64 - Windows 10.0 (19045.2))

CPU model: Intel(R) Core(TM) i5-7400 CPU @ 3.00GHz, instruction set [SSE2|AVX|AVX2]
Thread count: 4 physical cores, 4 logical processors, using up to 1 threads

Non-default parameters:
TimeLimit  14
LogToConsole  0
Threads  1

Academic license 2699416 - for non-commercial use only - registered to pa___@id.uff.br
Optimize a model with 6408 rows, 2787 columns and 29403 nonzeros
Model fingerprint: 0xd867f81e
Variable types: 1 continuous, 2786 integer (2786 binary)
Coefficient statistics:
  Matrix range     [1e+00, 2e+03]
  Objective range  [2e+00, 2e+02]
  Bounds range     [1e+00, 3e+03]
  RHS range        [4e+03, 4e+03]

User MIP start produced solution with objective -3.41061e-13 (0.01s)
Loaded user MIP start with objective -3.41061e-13
MIP start from previous solve did not produce a new incumbent solution

Presolve removed 568 rows and 68 columns
Presolve time: 0.14s
Presolved: 5840 rows, 2719 columns, 26441 nonzeros
Variable types: 0 continuous, 2719 integer (2705 binary)

Root relaxation: objective 1.162185e+03, 5764 iterations, 1.35 seconds (1.36 work units)

    Nodes    |    Current Node    |     Objective Bounds      |     Work
 Expl Unexpl |  Obj  Depth IntInf | Incumbent    BestBd   Gap | It/Node Time

     0     0 1162.18479    0 1739   -0.00000 1162.18479      -     -    1s
     0     0  684.22778    0 1892   -0.00000  684.22778      -     -    3s
     0     0  653.19524    0 1912   -0.00000  653.19524      -     -    3s
     0     0  646.97725    0 1896   -0.00000  646.97725      -     -    3s
     0     0  646.74365    0 1902   -0.00000  646.74365      -     -    3s
     0     0  646.72691    0 1902   -0.00000  646.72691      -     -    3s
     0     0  555.02558    0 1834   -0.00000  555.02558      -     -    4s
     0     0  539.99793    0 1931   -0.00000  539.99793      -     -    5s
     0     0  535.66703    0 1963   -0.00000  535.66703      -     -    5s
     0     0  535.01485    0 1849   -0.00000  535.01485      -     -    5s
     0     0  534.78802    0 1868   -0.00000  534.78802      -     -    5s
     0     0  496.58965    0 1911   -0.00000  496.58965      -     -    6s
     0     0  488.11931    0 1894   -0.00000  488.11931      -     -    6s
     0     0  486.43116    0 1914   -0.00000  486.43116      -     -    6s
     0     0  486.10492    0 1919   -0.00000  486.10492      -     -    6s
     0     0  485.96354    0 1919   -0.00000  485.96354      -     -    6s
     0     0  469.79205    0 1902   -0.00000  469.79205      -     -    7s
     0     0  463.48547    0 1916   -0.00000  463.48547      -     -    7s
     0     0  461.56077    0 1913   -0.00000  461.56077      -     -    7s
     0     0  461.14122    0 1935   -0.00000  461.14122      -     -    7s
     0     0  460.96348    0 1950   -0.00000  460.96348      -     -    7s
     0     0  454.21400    0 1916   -0.00000  454.21400      -     -    8s
     0     0  453.17371    0 1905   -0.00000  453.17371      -     -    8s
     0     0  452.97253    0 1925   -0.00000  452.97253      -     -    8s
     0     0  449.06491    0 1928   -0.00000  449.06491      -     -    9s
     0     0  447.70149    0 1910   -0.00000  447.70149      -     -    9s
     0     0  447.35755    0 1931   -0.00000  447.35755      -     -    9s
     0     0  445.79011    0 1892   -0.00000  445.79011      -     -   10s
     0     0  445.78082    0 1868   -0.00000  445.78082      -     -   10s
     0     2  445.77690    0 1865   -0.00000  445.77690      -     -   12s

Cutting planes:
  Cover: 414
  Implied bound: 3
  Clique: 47
  MIR: 55
  StrongCG: 2
  Flow cover: 2
  GUB cover: 3
  Zero half: 7
  RLT: 457
  Relax-and-lift: 170
  BQP: 4

Explored 8 nodes (38437 simplex iterations) in 14.00 seconds (14.06 work units)
Thread count was 1 (of 4 available processors)

Solution count 1: -3.41061e-13 

Time limit reached
Best objective -3.410605131648e-13, best bound 4.297600000000e+02, gap -

Gurobi 12.0.3 (win64, Java) logging started Wed Aug 27 13:20:15 2025

Set parameter LogToConsole to value 0
Set parameter WLSAccessID
Set parameter WLSSecret
Set parameter LicenseID to value 2699416
Set parameter TimeLimit to value 15
Set parameter LogFile to value "mip1.log"
Set parameter Threads to value 1
Academic license 2699416 - for non-commercial use only - registered to pa___@id.uff.br
Gurobi Optimizer version 12.0.3 build v12.0.3rc0 (win64 - Windows 10.0 (19045.2))

CPU model: Intel(R) Core(TM) i5-7400 CPU @ 3.00GHz, instruction set [SSE2|AVX|AVX2]
Thread count: 4 physical cores, 4 logical processors, using up to 1 threads

Non-default parameters:
TimeLimit  15
LogToConsole  0
Threads  1

Academic license 2699416 - for non-commercial use only - registered to pa___@id.uff.br
Optimize a model with 7090 rows, 10526 columns and 42998 nonzeros
Model fingerprint: 0x6d2a2896
Variable types: 1 continuous, 10525 integer (10525 binary)
Coefficient statistics:
  Matrix range     [1e+00, 2e+03]
  Objective range  [1e+00, 5e+01]
  Bounds range     [1e+00, 3e+03]
  RHS range        [4e+03, 4e+03]

User MIP start produced solution with objective -9.59233e-14 (0.02s)
Loaded user MIP start with objective -9.59233e-14

Presolve removed 51 rows and 3172 columns
Presolve time: 0.16s
Presolved: 7039 rows, 7354 columns, 36312 nonzeros
Found heuristic solution: objective 3440.0000000
Variable types: 0 continuous, 7354 integer (6053 binary)
Found heuristic solution: objective 3530.8913043

Root relaxation: objective 3.871296e+03, 8531 iterations, 0.58 seconds (0.84 work units)

    Nodes    |    Current Node    |     Objective Bounds      |     Work
 Expl Unexpl |  Obj  Depth IntInf | Incumbent    BestBd   Gap | It/Node Time

     0     0 3871.29643    0 2992 3530.89130 3871.29643  9.64%     -    0s
H    0     0                    3530.9782609 3871.29643  9.64%     -    0s
H    0     0                    3796.1956522 3871.29643  1.98%     -    0s
H    0     0                    3803.5652174 3871.29643  1.78%     -    0s
H    0     0                    3806.0217391 3871.29643  1.72%     -    0s
H    0     0                    3808.4782609 3871.29643  1.65%     -    0s
H    0     0                    3842.8695652 3871.29643  0.74%     -    0s
H    0     0                    3847.7826087 3871.29643  0.61%     -    0s
     0     0 3870.80619    0 3304 3847.78261 3870.80619  0.60%     -    3s
     0     0 3870.77060    0 3366 3847.78261 3870.77060  0.60%     -    3s
     0     0 3870.77030    0 3366 3847.78261 3870.77030  0.60%     -    3s
     0     0 3870.66681    0 3385 3847.78261 3870.66681  0.59%     -    4s
     0     0 3870.64641    0 3479 3847.78261 3870.64641  0.59%     -    4s
     0     0 3870.64382    0 3479 3847.78261 3870.64382  0.59%     -    4s
     0     0 3870.64370    0 3485 3847.78261 3870.64370  0.59%     -    5s
     0     0 3870.61348    0 3374 3847.78261 3870.61348  0.59%     -    5s
     0     0 3870.60721    0 3487 3847.78261 3870.60721  0.59%     -    6s
     0     0 3870.60538    0 3487 3847.78261 3870.60538  0.59%     -    6s
     0     0 3870.60468    0 3574 3847.78261 3870.60468  0.59%     -    6s
     0     0 3870.58194    0 3575 3847.78261 3870.58194  0.59%     -    6s
     0     0 3870.57921    0 3493 3847.78261 3870.57921  0.59%     -    6s
     0     0 3870.57874    0 3493 3847.78261 3870.57874  0.59%     -    7s
     0     0 3870.56549    0 3576 3847.78261 3870.56549  0.59%     -    7s
     0     0 3870.56342    0 3580 3847.78261 3870.56342  0.59%     -    7s
     0     0 3870.56302    0 3582 3847.78261 3870.56302  0.59%     -    7s
     0     0 3870.55373    0 3579 3847.78261 3870.55373  0.59%     -    8s
     0     0 3870.55349    0 3561 3847.78261 3870.55349  0.59%     -    8s
H    0     0                    3848.2391304 3870.55349  0.58%     -    9s
H    0     0                    3852.6956522 3870.55349  0.46%     -    9s
H    0     0                    3857.6086957 3870.55349  0.34%     -    9s
H    0     0                    3860.0652174 3870.55349  0.27%     -    9s
H    0     0                    3862.5217391 3870.55349  0.21%     -    9s
     0     2 3870.55349    0 3557 3862.52174 3870.55349  0.21%     -    9s
     2     4 3869.93759    1 2388 3862.52174 3870.54360  0.21%   583   10s

Cutting planes:
  Gomory: 1
  Cover: 127
  Clique: 2
  MIR: 71
  StrongCG: 11
  Flow cover: 4
  Zero half: 54
  RLT: 145
  Relax-and-lift: 257
  PSD: 1

Explored 22 nodes (23162 simplex iterations) in 15.00 seconds (17.97 work units)
Thread count was 1 (of 4 available processors)

Solution count 10: 3862.52 3860.07 3857.61 ... 3803.57

Time limit reached
Best objective 3.862521739130e+03, best bound 3.870478260869e+03, gap 0.2060%
Set parameter TimeLimit to value 15
Gurobi Optimizer version 12.0.3 build v12.0.3rc0 (win64 - Windows 10.0 (19045.2))

CPU model: Intel(R) Core(TM) i5-7400 CPU @ 3.00GHz, instruction set [SSE2|AVX|AVX2]
Thread count: 4 physical cores, 4 logical processors, using up to 1 threads

Non-default parameters:
TimeLimit  15
LogToConsole  0
Threads  1

Academic license 2699416 - for non-commercial use only - registered to pa___@id.uff.br
Optimize a model with 7090 rows, 10526 columns and 42998 nonzeros
Model fingerprint: 0x67c57925
Variable types: 1 continuous, 10525 integer (10525 binary)
Coefficient statistics:
  Matrix range     [1e+00, 2e+03]
  Objective range  [1e+00, 3e+02]
  Bounds range     [1e+00, 3e+03]
  RHS range        [4e+03, 4e+03]

User MIP start produced solution with objective 1.7053e-13 (0.02s)
Loaded user MIP start with objective 1.7053e-13
MIP start from previous solve did not produce a new incumbent solution

Presolve removed 51 rows and 3172 columns
Presolve time: 0.13s
Presolved: 7039 rows, 7354 columns, 36312 nonzeros
Variable types: 0 continuous, 7354 integer (6053 binary)

Root relaxation: objective 1.158518e+03, 3289 iterations, 0.72 seconds (1.05 work units)

    Nodes    |    Current Node    |     Objective Bounds      |     Work
 Expl Unexpl |  Obj  Depth IntInf | Incumbent    BestBd   Gap | It/Node Time

     0     0 1158.51753    0 2991    0.00000 1158.51753      -     -    0s
H    0     0                     209.3333333 1158.51753   453%     -    1s
H    0     0                     324.3333333 1158.51753   257%     -    1s
     0     0 1093.97721    0 3193  324.33333 1093.97721   237%     -    2s
     0     0 1090.40281    0 3214  324.33333 1090.40281   236%     -    2s
     0     0 1090.31273    0 3261  324.33333 1090.31273   236%     -    2s
     0     0 1090.31230    0 3263  324.33333 1090.31230   236%     -    2s
     0     0 1077.19909    0 3430  324.33333 1077.19909   232%     -    3s
     0     0 1075.22783    0 3458  324.33333 1075.22783   232%     -    3s
     0     0 1074.74213    0 3462  324.33333 1074.74213   231%     -    3s
     0     0 1074.71891    0 3460  324.33333 1074.71891   231%     -    3s
     0     0 1069.73770    0 3297  324.33333 1069.73770   230%     -    4s
     0     0 1069.12163    0 3470  324.33333 1069.12163   230%     -    4s
     0     0 1069.06393    0 3473  324.33333 1069.06393   230%     -    4s
     0     0 1069.04235    0 3472  324.33333 1069.04235   230%     -    4s
     0     0 1066.27124    0 3480  324.33333 1066.27124   229%     -    4s
     0     0 1065.68943    0 3307  324.33333 1065.68943   229%     -    4s
     0     0 1065.62120    0 3310  324.33333 1065.62120   229%     -    4s
     0     0 1065.56082    0 3311  324.33333 1065.56082   229%     -    4s
     0     0 1065.55316    0 3309  324.33333 1065.55316   229%     -    4s
     0     0 1064.17823    0 3412  324.33333 1064.17823   228%     -    5s
     0     0 1064.01203    0 3243  324.33333 1064.01203   228%     -    5s
     0     0 1063.95636    0 3414  324.33333 1063.95636   228%     -    5s
     0     0 1063.87228    0 3418  324.33333 1063.87228   228%     -    5s
     0     0 1063.86124    0 3417  324.33333 1063.86124   228%     -    5s
     0     0 1062.60629    0 3313  324.33333 1062.60629   228%     -    5s
H    0     0                     453.6666667 1062.60063   134%     -    5s
H    0     0                     533.6666667 1062.60063  99.1%     -    5s
H    0     0                     566.6666667 1062.60063  87.5%     -    5s
     0     0 1062.37401    0 3422  566.66667 1062.37401  87.5%     -    5s
     0     0 1062.32787    0 3425  566.66667 1062.32787  87.5%     -    5s
     0     0 1062.30146    0 3422  566.66667 1062.30146  87.5%     -    5s
     0     0 1061.54024    0 3418  566.66667 1061.54024  87.3%     -    6s
H    0     0                     567.6666667 1061.52636  87.0%     -    6s
     0     0 1061.42361    0 3421  567.66667 1061.42361  87.0%     -    6s
     0     0 1061.35094    0 3422  567.66667 1061.35094  87.0%     -    6s
     0     0 1061.30015    0 3319  567.66667 1061.30015  87.0%     -    6s
     0     0 1061.28270    0 3318  567.66667 1061.28270  87.0%     -    6s
     0     0 1060.29549    0 3427  567.66667 1060.29549  86.8%     -    6s
H    0     0                     645.6666667 1060.28343  64.2%     -    6s
H    0     0                     648.6666667 1060.28343  63.5%     -    6s
     0     0 1060.21839    0 3421  648.66667 1060.21839  63.4%     -    6s
     0     0 1060.20669    0 3424  648.66667 1060.20669  63.4%     -    6s
     0     0 1059.91341    0 3425  648.66667 1059.91341  63.4%     -    7s
     0     0 1059.76254    0 3427  648.66667 1059.76254  63.4%     -    7s
     0     0 1059.70319    0 3429  648.66667 1059.70319  63.4%     -    7s
     0     0 1059.68079    0 3429  648.66667 1059.68079  63.4%     -    7s
     0     0 1059.01686    0 3424  648.66667 1059.01686  63.3%     -    7s
H    0     0                     828.0000000 1058.99895  27.9%     -    7s
H    0     0                     830.0000000 1058.99895  27.6%     -    7s
     0     0 1058.89239    0 3427  830.00000 1058.89239  27.6%     -    8s
     0     0 1058.87877    0 3430  830.00000 1058.87877  27.6%     -    8s
     0     0 1058.11873    0 3423  830.00000 1058.11873  27.5%     -    8s
     0     0 1057.99077    0 3421  830.00000 1057.99077  27.5%     -    8s
     0     0 1057.97191    0 3421  830.00000 1057.97191  27.5%     -    8s
     0     0 1057.69867    0 3425  830.00000 1057.69867  27.4%     -    8s
     0     0 1057.62559    0 3421  830.00000 1057.62559  27.4%     -    9s
     0     0 1057.55370    0 3425  830.00000 1057.55370  27.4%     -    9s
     0     0 1057.51232    0 3427  830.00000 1057.51232  27.4%     -    9s
     0     0 1057.29450    0 3424  830.00000 1057.29450  27.4%     -    9s
     0     0 1057.29071    0 3402  830.00000 1057.29071  27.4%     -    9s
     0     2 1057.28953    0 3398  830.00000 1057.28953  27.4%     -   10s

Cutting planes:
  Gomory: 1
  Cover: 130
  Clique: 2
  MIR: 73
  StrongCG: 13
  Zero half: 60
  RLT: 175
  Relax-and-lift: 258

Explored 106 nodes (29100 simplex iterations) in 15.01 seconds (13.27 work units)
Thread count was 1 (of 4 available processors)

Solution count 10: 830 828 648.667 ... 209.333

Time limit reached
Best objective 8.300000000000e+02, best bound 1.033000000000e+03, gap 24.4578%
Set parameter TimeLimit to value 15
Gurobi Optimizer version 12.0.3 build v12.0.3rc0 (win64 - Windows 10.0 (19045.2))

CPU model: Intel(R) Core(TM) i5-7400 CPU @ 3.00GHz, instruction set [SSE2|AVX|AVX2]
Thread count: 4 physical cores, 4 logical processors, using up to 1 threads

Non-default parameters:
TimeLimit  15
LogToConsole  0
Threads  1

Academic license 2699416 - for non-commercial use only - registered to pa___@id.uff.br
Optimize a model with 7090 rows, 10526 columns and 42998 nonzeros
Model fingerprint: 0xffe3e7d1
Variable types: 1 continuous, 10525 integer (10525 binary)
Coefficient statistics:
  Matrix range     [1e+00, 2e+03]
  Objective range  [1e+00, 4e+02]
  Bounds range     [1e+00, 3e+03]
  RHS range        [4e+03, 4e+03]

User MIP start produced solution with objective 1.13687e-13 (0.02s)
Loaded user MIP start with objective 1.13687e-13
MIP start from previous solve did not produce a new incumbent solution

Presolve removed 51 rows and 3172 columns
Presolve time: 0.14s
Presolved: 7039 rows, 7354 columns, 36312 nonzeros
Variable types: 0 continuous, 7354 integer (6053 binary)

Root relaxation: objective 5.851238e+02, 2185 iterations, 0.30 seconds (0.17 work units)

    Nodes    |    Current Node    |     Objective Bounds      |     Work
 Expl Unexpl |  Obj  Depth IntInf | Incumbent    BestBd   Gap | It/Node Time

     0     0  585.12377    0 2388    0.00000  585.12377      -     -    0s
H    0     0                      83.1111111  585.12377   604%     -    0s
     0     0  528.80512    0 2610   83.11111  528.80512   536%     -    1s
     0     0  525.23508    0 2774   83.11111  525.23508   532%     -    1s
     0     0  525.11798    0 2760   83.11111  525.11798   532%     -    1s
     0     0  525.11180    0 2760   83.11111  525.11180   532%     -    1s
     0     0  520.18448    0 2679   83.11111  520.18448   526%     -    1s
     0     0  519.65672    0 2766   83.11111  519.65672   525%     -    1s
     0     0  519.52591    0 2911   83.11111  519.52591   525%     -    1s
     0     0  519.49861    0 2988   83.11111  519.49861   525%     -    1s
     0     0  519.47788    0 2912   83.11111  519.47788   525%     -    1s
     0     0  517.55237    0 2761   83.11111  517.55237   523%     -    1s
     0     0  516.54055    0 2487   83.11111  516.54055   522%     -    1s
     0     0  516.21336    0 2701   83.11111  516.21336   521%     -    2s
     0     0  516.19304    0 2701   83.11111  516.19304   521%     -    2s
     0     0  514.33085    0 2763   83.11111  514.33085   519%     -    2s
     0     0  514.21471    0 2863   83.11111  514.21471   519%     -    2s
     0     0  514.19025    0 2918   83.11111  514.19025   519%     -    2s
     0     0  513.35950    0 2925   83.11111  513.35950   518%     -    2s
     0     0  513.20768    0 2987   83.11111  513.20768   517%     -    3s
     0     0  513.15521    0 2936   83.11111  513.15521   517%     -    3s
     0     0  513.13047    0 2989   83.11111  513.13047   517%     -    3s
     0     0  512.51840    0 2787   83.11111  512.51840   517%     -    3s
H    0     0                     127.6666667  512.50320   301%     -    3s
H    0     0                     143.6666667  512.50320   257%     -    3s
H    0     0                     214.6666667  512.50320   139%     -    3s
H    0     0                     314.2222222  512.50320  63.1%     -    3s
H    0     0                     331.3333333  512.50320  54.7%     -    4s
H    0     0                     336.3333333  512.50320  52.4%     -    4s
H    0     0                     367.3333333  512.50320  39.5%     -    4s
H    0     0                     367.7777778  512.50320  39.4%     -    4s
H    0     0                     370.7777778  512.50320  38.2%     -    4s
     0     0  512.29986    0 2719  370.77778  512.29986  38.2%     -    4s
     0     0  512.24840    0 2880  370.77778  512.24840  38.2%     -    4s
     0     0  512.17619    0 2881  370.77778  512.17619  38.1%     -    4s
     0     0  512.15732    0 2798  370.77778  512.15732  38.1%     -    4s
     0     0  511.25879    0 2738  370.77778  511.25879  37.9%     -    4s
     0     0  511.25879    0 2485  370.77778  511.25879  37.9%     -    4s
     0     0  511.25879    0 2829  370.77778  511.25879  37.9%     -    5s
     0     0  511.25879    0 2812  370.77778  511.25879  37.9%     -    5s
     0     0  510.22889    0 2737  370.77778  510.22889  37.6%     -    5s
     0     0  510.05309    0 2798  370.77778  510.05309  37.6%     -    5s
     0     0  509.89404    0 2882  370.77778  509.89404  37.5%     -    5s
     0     0  509.87217    0 2716  370.77778  509.87217  37.5%     -    5s
     0     0  509.84209    0 2856  370.77778  509.84209  37.5%     -    5s
     0     0  509.82633    0 2932  370.77778  509.82633  37.5%     -    5s
     0     0  509.82492    0 2858  370.77778  509.82492  37.5%     -    5s
     0     0  509.32802    0 2953  370.77778  509.32802  37.4%     -    5s
     0     0  509.12255    0 2867  370.77778  509.12255  37.3%     -    5s
     0     0  509.05794    0 2792  370.77778  509.05794  37.3%     -    5s
     0     0  509.03941    0 2883  370.77778  509.03941  37.3%     -    5s
     0     0  509.03190    0 3024  370.77778  509.03190  37.3%     -    5s
     0     0  508.34907    0 2802  370.77778  508.34907  37.1%     -    6s
     0     0  508.27164    0 2798  370.77778  508.27164  37.1%     -    6s
     0     0  508.22117    0 2798  370.77778  508.22117  37.1%     -    6s
     0     0  508.19888    0 2800  370.77778  508.19888  37.1%     -    6s
     0     0  508.18867    0 2800  370.77778  508.18867  37.1%     -    6s
     0     0  507.29288    0 2866  370.77778  507.29288  36.8%     -    6s
     0     0  507.20294    0 2866  370.77778  507.20294  36.8%     -    6s
     0     0  507.14216    0 2869  370.77778  507.14216  36.8%     -    6s
     0     0  507.12989    0 2928  370.77778  507.12989  36.8%     -    6s
     0     0  506.74220    0 2931  370.77778  506.74220  36.7%     -    7s
     0     0  506.66275    0 3001  370.77778  506.66275  36.6%     -    7s
     0     0  506.63689    0 3006  370.77778  506.63689  36.6%     -    7s
     0     0  506.61541    0 3004  370.77778  506.61541  36.6%     -    7s
     0     0  506.07333    0 2997  370.77778  506.07333  36.5%     -    7s
     0     0  505.92936    0 2865  370.77778  505.92936  36.5%     -    7s
     0     0  505.91183    0 2925  370.77778  505.91183  36.4%     -    7s
     0     0  505.64886    0 2921  370.77778  505.64886  36.4%     -    7s
     0     0  505.58920    0 2864  370.77778  505.58920  36.4%     -    7s
     0     0  505.57734    0 2862  370.77778  505.57734  36.4%     -    7s
     0     0  505.39119    0 2866  370.77778  505.39119  36.3%     -    8s
     0     0  505.29068    0 2863  370.77778  505.29068  36.3%     -    8s
     0     0  505.26865    0 2865  370.77778  505.26865  36.3%     -    8s
     0     0  505.11358    0 2925  370.77778  505.11358  36.2%     -    8s
     0     0  504.92873    0 2946  370.77778  504.92873  36.2%     -    8s
     0     0  504.88422    0 2928  370.77778  504.88422  36.2%     -    8s
     0     0  504.87807    0 2927  370.77778  504.87807  36.2%     -    8s
     0     0  504.70102    0 2870  370.77778  504.70102  36.1%     -    8s
     0     0  504.61066    0 2946  370.77778  504.61066  36.1%     -    8s
     0     0  504.59945    0 3003  370.77778  504.59945  36.1%     -    9s
     0     0  504.34008    0 2948  370.77778  504.34008  36.0%     -    9s
     0     0  504.25773    0 3004  370.77778  504.25773  36.0%     -    9s
     0     0  504.23550    0 2934  370.77778  504.23550  36.0%     -    9s
     0     0  503.95787    0 3000  370.77778  503.95787  35.9%     -    9s
H    0     0                     393.7777778  503.93991  28.0%     -    9s
H    0     0                     394.7777778  503.93991  27.7%     -    9s
H    0     0                     407.3333333  503.93991  23.7%     -    9s
H    0     0                     413.3333333  503.93991  21.9%     -    9s
H    0     0                     416.3333333  503.93991  21.0%     -    9s
H    0     0                     417.3333333  503.93991  20.8%     -    9s
     0     0  503.90501    0 2924  417.33333  503.90501  20.7%     -    9s
     0     0  503.88993    0 2924  417.33333  503.88993  20.7%     -    9s
     0     0  503.70305    0 2929  417.33333  503.70305  20.7%     -   10s
     0     0  503.63761    0 2929  417.33333  503.63761  20.7%     -   10s
     0     0  503.63637    0 2928  417.33333  503.63637  20.7%     -   10s
     0     0  503.51226    0 2929  417.33333  503.51226  20.6%     -   10s
     0     0  503.49699    0 2915  417.33333  503.49699  20.6%     -   10s
     0     0  503.49699    0 2477  417.33333  503.49699  20.6%     -   11s
     0     0  503.49699    0 2906  417.33333  503.49699  20.6%     -   11s
     0     0  503.49699    0 2818  417.33333  503.49699  20.6%     -   12s
     0     0  503.49699    0 2914  417.33333  503.49699  20.6%     -   12s
     0     0  503.22118    0 2737  417.33333  503.22118  20.6%     -   12s
     0     0  503.01259    0 2793  417.33333  503.01259  20.5%     -   12s
     0     0  502.97330    0 2849  417.33333  502.97330  20.5%     -   12s
     0     0  502.96229    0 2852  417.33333  502.96229  20.5%     -   12s
     0     0  502.76370    0 2953  417.33333  502.76370  20.5%     -   12s
     0     0  502.58843    0 2856  417.33333  502.58843  20.4%     -   12s
     0     0  502.54126    0 2859  417.33333  502.54126  20.4%     -   12s
     0     0  502.53327    0 2859  417.33333  502.53327  20.4%     -   12s
     0     0  502.04592    0 2740  417.33333  502.04592  20.3%     -   12s
     0     0  501.97222    0 2734  417.33333  501.97222  20.3%     -   12s
     0     0  501.89320    0 2738  417.33333  501.89320  20.3%     -   12s
     0     0  501.88133    0 2736  417.33333  501.88133  20.3%     -   12s
     0     0  501.66947    0 2935  417.33333  501.66947  20.2%     -   13s
     0     0  501.61325    0 2934  417.33333  501.61325  20.2%     -   13s
     0     0  501.57576    0 2935  417.33333  501.57576  20.2%     -   13s
     0     0  501.57148    0 2936  417.33333  501.57148  20.2%     -   13s
     0     0  501.40309    0 2810  417.33333  501.40309  20.1%     -   13s
     0     0  501.38967    0 2867  417.33333  501.38967  20.1%     -   13s
     0     0  501.32370    0 2867  417.33333  501.32370  20.1%     -   13s
     0     0  501.32119    0 2854  417.33333  501.32119  20.1%     -   13s
     0     2  501.24299    0 2854  417.33333  501.24299  20.1%     -   13s

Cutting planes:
  Gomory: 4
  Cover: 66
  MIR: 134
  StrongCG: 7
  Flow cover: 8
  Zero half: 60
  Mod-K: 1
  RLT: 140
  Relax-and-lift: 75

Explored 44 nodes (26593 simplex iterations) in 15.00 seconds (11.62 work units)
Thread count was 1 (of 4 available processors)

Solution count 10: 417.333 416.333 413.333 ... 336.333

Time limit reached
Best objective 4.173333333333e+02, best bound 4.329999999999e+02, gap 3.7540%
Set parameter TimeLimit to value 13
Gurobi Optimizer version 12.0.3 build v12.0.3rc0 (win64 - Windows 10.0 (19045.2))

CPU model: Intel(R) Core(TM) i5-7400 CPU @ 3.00GHz, instruction set [SSE2|AVX|AVX2]
Thread count: 4 physical cores, 4 logical processors, using up to 1 threads

Non-default parameters:
TimeLimit  13
LogToConsole  0
Threads  1

Academic license 2699416 - for non-commercial use only - registered to pa___@id.uff.br
Optimize a model with 7090 rows, 10526 columns and 42998 nonzeros
Model fingerprint: 0xbb4187e5
Variable types: 1 continuous, 10525 integer (10525 binary)
Coefficient statistics:
  Matrix range     [1e+00, 2e+03]
  Objective range  [1e+00, 6e+02]
  Bounds range     [1e+00, 3e+03]
  RHS range        [4e+03, 4e+03]

User MIP start produced solution with objective 1.13687e-13 (0.02s)
Loaded user MIP start with objective 1.13687e-13
MIP start from previous solve did not produce a new incumbent solution

Presolve removed 51 rows and 3172 columns
Presolve time: 0.14s
Presolved: 7039 rows, 7354 columns, 36312 nonzeros
Variable types: 0 continuous, 7354 integer (6053 binary)

Root relaxation: objective 1.735556e+02, 530 iterations, 0.04 seconds (0.04 work units)

    Nodes    |    Current Node    |     Objective Bounds      |     Work
 Expl Unexpl |  Obj  Depth IntInf | Incumbent    BestBd   Gap | It/Node Time

     0     0  172.56285    0 1517    0.00000  172.56285      -     -    0s
H    0     0                      85.6666667  172.56285   101%     -    0s
     0     0  146.95703    0 1531   85.66667  146.95703  71.5%     -    0s
     0     0  146.95703    0 1337   85.66667  146.95703  71.5%     -    0s
     0     0  140.65230    0 1538   85.66667  140.65230  64.2%     -    1s
     0     0  137.11521    0 1537   85.66667  137.11521  60.1%     -    1s
     0     0  135.34709    0 1658   85.66667  135.34709  58.0%     -    1s
     0     0  135.33333    0   21   85.66667  135.33333  58.0%     -    1s
H    0     0                     135.3333333  135.33333  0.00%     -    1s
     0     0  135.33333    0   21  135.33333  135.33333  0.00%     -    1s

Cutting planes:
  Gomory: 4
  Cover: 29
  Clique: 8
  MIR: 129
  StrongCG: 2
  Flow cover: 3
  Zero half: 24
  RLT: 16
  Relax-and-lift: 44
  PSD: 1

Explored 1 nodes (1698 simplex iterations) in 1.31 seconds (0.87 work units)
Thread count was 1 (of 4 available processors)

Solution count 3: 135.333 85.6667 1.13687e-13 

Optimal solution found (tolerance 1.00e-04)
Best objective 1.353333333333e+02, best bound 1.353333333333e+02, gap 0.0000%
Set parameter TimeLimit to value 12
Gurobi Optimizer version 12.0.3 build v12.0.3rc0 (win64 - Windows 10.0 (19045.2))

CPU model: Intel(R) Core(TM) i5-7400 CPU @ 3.00GHz, instruction set [SSE2|AVX|AVX2]
Thread count: 4 physical cores, 4 logical processors, using up to 1 threads

Non-default parameters:
TimeLimit  12
LogToConsole  0
Threads  1

Academic license 2699416 - for non-commercial use only - registered to pa___@id.uff.br
Optimize a model with 7090 rows, 10526 columns and 42998 nonzeros
Model fingerprint: 0x1261f38d
Variable types: 1 continuous, 10525 integer (10525 binary)
Coefficient statistics:
  Matrix range     [1e+00, 2e+03]
  Objective range  [1e+00, 7e+02]
  Bounds range     [1e+00, 3e+03]
  RHS range        [4e+03, 4e+03]

User MIP start produced solution with objective -0 (0.02s)
Loaded user MIP start with objective -0
MIP start from previous solve did not produce a new incumbent solution

Presolve removed 51 rows and 3172 columns
Presolve time: 0.13s
Presolved: 7039 rows, 7354 columns, 36312 nonzeros
Variable types: 0 continuous, 7354 integer (6053 binary)

Root relaxation: objective 2.000000e+01, 13 iterations, 0.01 seconds (0.00 work units)

    Nodes    |    Current Node    |     Objective Bounds      |     Work
 Expl Unexpl |  Obj  Depth IntInf | Incumbent    BestBd   Gap | It/Node Time

     0     0   11.00000    0    8   -0.00000   11.00000      -     -    0s
     0     0 infeasible    0        -0.00000   -0.00000  0.00%     -    0s

Explored 1 nodes (91 simplex iterations) in 0.20 seconds (0.14 work units)
Thread count was 1 (of 4 available processors)

Solution count 1: -0 
No other solutions better than -0

Optimal solution found (tolerance 1.00e-04)
Best objective -0.000000000000e+00, best bound -0.000000000000e+00, gap 0.0000%

Gurobi 12.0.3 (win64, Java) logging started Wed Aug 27 13:21:04 2025

Set parameter LogToConsole to value 0
Set parameter WLSAccessID
Set parameter WLSSecret
Set parameter LicenseID to value 2699416
Set parameter TimeLimit to value 15
Set parameter LogFile to value "mip1.log"
Set parameter Threads to value 1
Academic license 2699416 - for non-commercial use only - registered to pa___@id.uff.br
Gurobi Optimizer version 12.0.3 build v12.0.3rc0 (win64 - Windows 10.0 (19045.2))

CPU model: Intel(R) Core(TM) i5-7400 CPU @ 3.00GHz, instruction set [SSE2|AVX|AVX2]
Thread count: 4 physical cores, 4 logical processors, using up to 1 threads

Non-default parameters:
TimeLimit  15
LogToConsole  0
Threads  1

Academic license 2699416 - for non-commercial use only - registered to pa___@id.uff.br
Optimize a model with 5748 rows, 8501 columns and 36267 nonzeros
Model fingerprint: 0xa9975a93
Variable types: 1 continuous, 8500 integer (8500 binary)
Coefficient statistics:
  Matrix range     [1e+00, 2e+03]
  Objective range  [1e+00, 3e+01]
  Bounds range     [1e+00, 3e+03]
  RHS range        [4e+03, 4e+03]

User MIP start produced solution with objective -4.03233e-13 (0.02s)
Loaded user MIP start with objective -4.03233e-13

Presolve removed 15 rows and 2518 columns
Presolve time: 0.12s
Presolved: 5733 rows, 5983 columns, 31039 nonzeros
Found heuristic solution: objective 2548.2555556
Variable types: 0 continuous, 5983 integer (4985 binary)
Found heuristic solution: objective 2794.9444444

Root relaxation: objective 3.755873e+03, 8430 iterations, 0.75 seconds (0.89 work units)

    Nodes    |    Current Node    |     Objective Bounds      |     Work
 Expl Unexpl |  Obj  Depth IntInf | Incumbent    BestBd   Gap | It/Node Time

     0     0 3755.87260    0 2981 2794.94444 3755.87260  34.4%     -    1s
H    0     0                    3255.4555556 3755.87260  15.4%     -    1s
H    0     0                    3527.7555556 3755.87260  6.47%     -    1s
H    0     0                    3535.0111111 3755.87260  6.25%     -    1s
H    0     0                    3651.1000000 3755.87260  2.87%     -    1s
H    0     0                    3651.6111111 3755.87260  2.86%     -    1s
H    0     0                    3658.3555556 3755.87260  2.67%     -    1s
H    0     0                    3659.6111111 3755.87260  2.63%     -    1s
H    0     0                    3665.6111111 3755.87260  2.46%     -    1s
     0     0 3754.41222    0 3240 3665.61111 3754.41222  2.42%     -    1s
     0     0 3754.35545    0 3354 3665.61111 3754.35545  2.42%     -    1s
     0     0 3754.30924    0 3355 3665.61111 3754.30924  2.42%     -    1s
     0     0 3754.30918    0 3356 3665.61111 3754.30918  2.42%     -    1s
     0     0 3754.00702    0 3251 3665.61111 3754.00702  2.41%     -    2s
     0     0 3753.94435    0 3236 3665.61111 3753.94435  2.41%     -    2s
     0     0 3753.93808    0 3277 3665.61111 3753.93808  2.41%     -    2s
     0     0 3753.93554    0 3281 3665.61111 3753.93554  2.41%     -    2s
     0     0 3753.93529    0 3282 3665.61111 3753.93529  2.41%     -    2s
     0     0 3753.76013    0 3272 3665.61111 3753.76013  2.40%     -    2s
H    0     0                    3672.8666667 3753.75921  2.20%     -    2s
     0     0 3753.74438    0 3274 3672.86667 3753.74438  2.20%     -    3s
     0     0 3753.74108    0 3218 3672.86667 3753.74108  2.20%     -    3s
     0     0 3753.73620    0 3282 3672.86667 3753.73620  2.20%     -    3s
     0     0 3753.73592    0 3282 3672.86667 3753.73592  2.20%     -    3s
     0     0 3753.62110    0 3383 3672.86667 3753.62110  2.20%     -    3s
     0     0 3753.59619    0 3329 3672.86667 3753.59619  2.20%     -    3s
     0     0 3753.59126    0 3368 3672.86667 3753.59126  2.20%     -    3s
     0     0 3753.58824    0 3397 3672.86667 3753.58824  2.20%     -    3s
     0     0 3753.58752    0 3402 3672.86667 3753.58752  2.20%     -    3s
     0     0 3753.49950    0 3406 3672.86667 3753.49950  2.20%     -    3s
     0     0 3753.46621    0 3370 3672.86667 3753.46621  2.19%     -    4s
     0     0 3753.45500    0 3193 3672.86667 3753.45500  2.19%     -    4s
     0     0 3753.45330    0 3232 3672.86667 3753.45330  2.19%     -    4s
     0     0 3753.45209    0 3234 3672.86667 3753.45209  2.19%     -    4s
     0     0 3753.41981    0 3213 3672.86667 3753.41981  2.19%     -    4s
H    0     0                    3687.3777778 3753.41761  1.79%     -    4s
H    0     0                    3694.6333333 3753.41761  1.59%     -    4s
H    0     0                    3709.1444444 3753.41761  1.19%     -    4s
     0     0 3753.40191    0 3306 3709.14444 3753.40191  1.19%     -    4s
     0     0 3753.39896    0 3309 3709.14444 3753.39896  1.19%     -    4s
     0     0 3753.39639    0 3285 3709.14444 3753.39639  1.19%     -    4s
     0     0 3753.39479    0 3307 3709.14444 3753.39479  1.19%     -    4s
     0     0 3753.39455    0 3311 3709.14444 3753.39455  1.19%     -    4s
     0     0 3753.38517    0 3316 3709.14444 3753.38517  1.19%     -    5s
     0     0 3753.38277    0 3363 3709.14444 3753.38277  1.19%     -    5s
     0     0 3753.38181    0 3321 3709.14444 3753.38181  1.19%     -    5s
     0     0 3753.35218    0 3401 3709.14444 3753.35218  1.19%     -    5s
     0     0 3753.33935    0 3476 3709.14444 3753.33935  1.19%     -    5s
     0     0 3753.33862    0 3505 3709.14444 3753.33862  1.19%     -    5s
     0     0 3753.32627    0 3362 3709.14444 3753.32627  1.19%     -    5s
     0     0 3753.32170    0 3364 3709.14444 3753.32170  1.19%     -    5s
     0     0 3753.32139    0 3430 3709.14444 3753.32139  1.19%     -    5s
     0     0 3753.30100    0 3411 3709.14444 3753.30100  1.19%     -    6s
     0     0 3753.30021    0 3391 3709.14444 3753.30021  1.19%     -    6s
H    0     0                    3723.6555556 3753.29990  0.80%     -    6s
     0     2 3753.29947    0 3390 3723.65556 3753.29947  0.80%     -    6s
H   26    26                    3738.1666667 3752.69363  0.39%   222    8s
    42    44 3748.74811   23 2571 3738.16667 3752.69363  0.39%   264   10s
   130   132 3744.69123   77 1207 3738.16667 3752.69363  0.39%   144   15s

Cutting planes:
  Gomory: 5
  Cover: 81
  Implied bound: 3
  MIR: 116
  StrongCG: 45
  Zero half: 59
  RLT: 150
  Relax-and-lift: 34

Explored 131 nodes (31810 simplex iterations) in 15.01 seconds (17.18 work units)
Thread count was 1 (of 4 available processors)

Solution count 10: 3738.17 3723.66 3709.14 ... 3651.61

Time limit reached
Best objective 3.738166666667e+03, best bound 3.752688888889e+03, gap 0.3885%
Set parameter TimeLimit to value 15
Gurobi Optimizer version 12.0.3 build v12.0.3rc0 (win64 - Windows 10.0 (19045.2))

CPU model: Intel(R) Core(TM) i5-7400 CPU @ 3.00GHz, instruction set [SSE2|AVX|AVX2]
Thread count: 4 physical cores, 4 logical processors, using up to 1 threads

Non-default parameters:
TimeLimit  15
LogToConsole  0
Threads  1

Academic license 2699416 - for non-commercial use only - registered to pa___@id.uff.br
Optimize a model with 5748 rows, 8501 columns and 36267 nonzeros
Model fingerprint: 0x8aa20de1
Variable types: 1 continuous, 8500 integer (8500 binary)
Coefficient statistics:
  Matrix range     [1e+00, 2e+03]
  Objective range  [1e+00, 3e+02]
  Bounds range     [1e+00, 3e+03]
  RHS range        [4e+03, 4e+03]

User MIP start produced solution with objective 3.97904e-13 (0.02s)
Loaded user MIP start with objective 3.97904e-13
MIP start from previous solve did not produce a new incumbent solution

Presolve removed 15 rows and 2518 columns
Presolve time: 0.12s
Presolved: 5733 rows, 5983 columns, 31039 nonzeros
Variable types: 0 continuous, 5983 integer (4985 binary)

Root relaxation: objective 7.427964e+02, 2448 iterations, 0.20 seconds (0.18 work units)

    Nodes    |    Current Node    |     Objective Bounds      |     Work
 Expl Unexpl |  Obj  Depth IntInf | Incumbent    BestBd   Gap | It/Node Time

     0     0  742.79637    0 2245    0.00000  742.79637      -     -    0s
H    0     0                     166.9333333  742.79637   345%     -    0s
H    0     0                     242.9333333  742.79637   206%     -    0s
     0     0  715.82457    0 2372  242.93333  715.82457   195%     -    0s
     0     0  712.74972    0 2402  242.93333  712.74972   193%     -    1s
     0     0  712.71307    0 2402  242.93333  712.71307   193%     -    1s
     0     0  705.57138    0 2341  242.93333  705.57138   190%     -    1s
     0     0  703.23751    0 2537  242.93333  703.23751   189%     -    1s
     0     0  703.08406    0 2695  242.93333  703.08406   189%     -    1s
     0     0  703.02888    0 2737  242.93333  703.02888   189%     -    1s
     0     0  703.02864    0 2680  242.93333  703.02864   189%     -    1s
     0     0  701.17386    0 2607  242.93333  701.17386   189%     -    1s
H    0     0                     243.4000000  700.67386   188%     -    1s
H    0     0                     283.4000000  700.67386   147%     -    1s
     0     0  700.56759    0 2595  283.40000  700.56759   147%     -    1s
     0     0  700.47846    0 2639  283.40000  700.47846   147%     -    1s
     0     0  700.46438    0 2637  283.40000  700.46438   147%     -    1s
     0     0  700.46383    0 2636  283.40000  700.46383   147%     -    1s
     0     0  699.68794    0 2462  283.40000  699.68794   147%     -    1s
H    0     0                     284.4000000  699.68323   146%     -    2s
     0     0  698.24212    0 2491  284.40000  698.24212   146%     -    2s
     0     0  698.18706    0 2613  284.40000  698.18706   145%     -    2s
     0     0  698.05952    0 2613  284.40000  698.05952   145%     -    2s
     0     0  698.05909    0 2613  284.40000  698.05909   145%     -    2s
     0     0  697.42710    0 2535  284.40000  697.42710   145%     -    2s
     0     0  697.33374    0 2442  284.40000  697.33374   145%     -    2s
     0     0  697.31730    0 2443  284.40000  697.31730   145%     -    2s
     0     0  697.30980    0 2515  284.40000  697.30980   145%     -    2s
     0     0  696.45883    0 2491  284.40000  696.45883   145%     -    2s
H    0     0                     427.3333333  696.44864  63.0%     -    2s
     0     0  696.40746    0 2507  427.33333  696.40746  63.0%     -    2s
     0     0  696.37597    0 2504  427.33333  696.37597  63.0%     -    2s
     0     0  696.36879    0 2509  427.33333  696.36879  63.0%     -    2s
     0     0  695.85259    0 2643  427.33333  695.85259  62.8%     -    2s
     0     0  695.84202    0 2463  427.33333  695.84202  62.8%     -    2s
     0     0  695.68713    0 2645  427.33333  695.68713  62.8%     -    3s
H    0     0                     490.8000000  695.67134  41.7%     -    3s
     0     0  695.64766    0 2550  490.80000  695.64766  41.7%     -    3s
     0     0  695.63691    0 2646  490.80000  695.63691  41.7%     -    3s
     0     0  695.39454    0 2649  490.80000  695.39454  41.7%     -    3s
     0     0  695.37239    0 2651  490.80000  695.37239  41.7%     -    3s
     0     0  695.36713    0 2507  490.80000  695.36713  41.7%     -    3s
     0     0  695.17995    0 2469  490.80000  695.17995  41.6%     -    3s
H    0     0                     517.2666667  695.17809  34.4%     -    3s
H    0     0                     549.7333333  695.17809  26.5%     -    3s
H    0     0                     552.2000000  695.17809  25.9%     -    4s
H    0     0                     625.7333333  695.17809  11.1%     -    4s
     0     0  695.17679    0 2509  625.73333  695.17679  11.1%     -    4s
     0     0  695.12890    0 2505  625.73333  695.12890  11.1%     -    5s
     0     0  695.08568    0 2506  625.73333  695.08568  11.1%     -    5s
     0     0  694.85410    0 2504  625.73333  694.85410  11.0%     -    5s
     0     0  694.82829    0 2510  625.73333  694.82829  11.0%     -    5s
     0     0  694.82829    0 2554  625.73333  694.82829  11.0%     -    5s
     0     0  694.81743    0 2551  625.73333  694.81743  11.0%     -    5s
     0     0  694.80190    0 2553  625.73333  694.80190  11.0%     -    5s
     0     0  694.60311    0 2442  625.73333  694.60311  11.0%     -    5s
     0     0  694.56190    0 2462  625.73333  694.56190  11.0%     -    5s
     0     0  694.55841    0 2506  625.73333  694.55841  11.0%     -    5s
     0     0  694.32795    0 2509  625.73333  694.32795  11.0%     -    5s
     0     0  694.27499    0 2400  625.73333  694.27499  11.0%     -    5s
     0     0  694.15573    0 2508  625.73333  694.15573  10.9%     -    5s
     0     0  694.15255    0 2509  625.73333  694.15255  10.9%     -    5s
     0     0  694.03347    0 2509  625.73333  694.03347  10.9%     -    6s
     0     0  694.00311    0 2463  625.73333  694.00311  10.9%     -    6s
     0     0  693.95387    0 2508  625.73333  693.95387  10.9%     -    6s
     0     0  693.91900    0 2510  625.73333  693.91900  10.9%     -    6s
     0     0  693.91900    0 2510  625.73333  693.91900  10.9%     -    6s
     0     0  693.88374    0 2507  625.73333  693.88374  10.9%     -    6s
     0     0  693.85310    0 2496  625.73333  693.85310  10.9%     -    6s
     0     0  693.85291    0 2251  625.73333  693.85291  10.9%     -    7s
     0     0  693.85291    0 2541  625.73333  693.85291  10.9%     -    7s
     0     0  693.85291    0 2498  625.73333  693.85291  10.9%     -    7s
     0     0  693.85291    0 2599  625.73333  693.85291  10.9%     -    7s
     0     0  693.85291    0 2486  625.73333  693.85291  10.9%     -    7s
     0     0  693.85291    0 2553  625.73333  693.85291  10.9%     -    7s
     0     0  693.85291    0 2492  625.73333  693.85291  10.9%     -    7s
     0     0  693.85291    0 2497  625.73333  693.85291  10.9%     -    7s
     0     0  693.58008    0 2513  625.73333  693.58008  10.8%     -    8s
     0     0  693.55316    0 2496  625.73333  693.55316  10.8%     -    8s
     0     0  693.54333    0 2588  625.73333  693.54333  10.8%     -    8s
     0     0  693.54309    0 2588  625.73333  693.54309  10.8%     -    8s
     0     0  693.11065    0 2472  625.73333  693.11065  10.8%     -    8s
     0     0  693.05836    0 2586  625.73333  693.05836  10.8%     -    8s
     0     0  693.04801    0 2522  625.73333  693.04801  10.8%     -    8s
     0     0  692.89373    0 2628  625.73333  692.89373  10.7%     -    8s
     0     0  692.86327    0 2587  625.73333  692.86327  10.7%     -    8s
     0     0  692.86327    0 2588  625.73333  692.86327  10.7%     -    8s
     0     0  692.76329    0 2551  625.73333  692.76329  10.7%     -    8s
     0     0  692.75388    0 2603  625.73333  692.75388  10.7%     -    8s
     0     0  692.74644    0 2600  625.73333  692.74644  10.7%     -    8s
     0     0  692.74079    0 2590  625.73333  692.74079  10.7%     -    9s
     0     2  692.71191    0 2590  625.73333  692.71191  10.7%     -    9s
     7     9  639.04255    4 1796  625.73333  685.38837  9.53%   377   10s

Cutting planes:
  Gomory: 3
  Cover: 73
  MIR: 86
  StrongCG: 10
  Zero half: 40
  RLT: 82
  Relax-and-lift: 1

Explored 173 nodes (28262 simplex iterations) in 13.09 seconds (10.81 work units)
Thread count was 1 (of 4 available processors)

Solution count 10: 625.733 552.2 549.733 ... 242.933

Optimal solution found (tolerance 1.00e-04)
Best objective 6.257333333333e+02, best bound 6.257333333333e+02, gap 0.0000%
Set parameter TimeLimit to value 15
Gurobi Optimizer version 12.0.3 build v12.0.3rc0 (win64 - Windows 10.0 (19045.2))

CPU model: Intel(R) Core(TM) i5-7400 CPU @ 3.00GHz, instruction set [SSE2|AVX|AVX2]
Thread count: 4 physical cores, 4 logical processors, using up to 1 threads

Non-default parameters:
TimeLimit  15
LogToConsole  0
Threads  1

Academic license 2699416 - for non-commercial use only - registered to pa___@id.uff.br
Optimize a model with 5748 rows, 8501 columns and 36267 nonzeros
Model fingerprint: 0x90a50559
Variable types: 1 continuous, 8500 integer (8500 binary)
Coefficient statistics:
  Matrix range     [1e+00, 2e+03]
  Objective range  [1e+00, 3e+02]
  Bounds range     [1e+00, 3e+03]
  RHS range        [4e+03, 4e+03]

User MIP start produced solution with objective 2.27374e-13 (0.01s)
Loaded user MIP start with objective 2.27374e-13
MIP start from previous solve did not produce a new incumbent solution

Presolve removed 15 rows and 2518 columns
Presolve time: 0.14s
Presolved: 5733 rows, 5983 columns, 31039 nonzeros
Variable types: 0 continuous, 5983 integer (4985 binary)

Root relaxation: objective 2.311002e+02, 469 iterations, 0.08 seconds (0.03 work units)

    Nodes    |    Current Node    |     Objective Bounds      |     Work
 Expl Unexpl |  Obj  Depth IntInf | Incumbent    BestBd   Gap | It/Node Time

     0     0  231.10020    0  994    0.00000  231.10020      -     -    0s
H    0     0                      36.8571429  231.10020   527%     -    0s
     0     0  220.43009    0 1243   36.85714  220.43009   498%     -    0s
     0     0  219.42318    0 1328   36.85714  219.42318   495%     -    0s
     0     0  216.13382    0 1067   36.85714  216.13382   486%     -    0s
     0     0  215.81287    0 1131   36.85714  215.81287   486%     -    0s
     0     0  215.27909    0 1133   36.85714  215.27909   484%     -    0s
     0     0  215.27909    0 1134   36.85714  215.27909   484%     -    0s
     0     0  214.99441    0 1136   36.85714  214.99441   483%     -    0s
     0     0  214.48604    0 1135   36.85714  214.48604   482%     -    0s
     0     0  214.40295    0 1521   36.85714  214.40295   482%     -    0s
     0     0  214.40053    0 1521   36.85714  214.40053   482%     -    1s
     0     0  213.73327    0 1351   36.85714  213.73327   480%     -    1s
     0     0  213.49321    0 1355   36.85714  213.49321   479%     -    1s
     0     0  213.31499    0 1304   36.85714  213.31499   479%     -    1s
     0     0  213.30446    0 1468   36.85714  213.30446   479%     -    1s
     0     0  213.30446    0 1468   36.85714  213.30446   479%     -    1s
     0     0  212.85281    0 1359   36.85714  212.85281   478%     -    1s
     0     0  212.71185    0 1359   36.85714  212.71185   477%     -    1s
     0     0  212.71185    0 1361   36.85714  212.71185   477%     -    1s
     0     0  212.71185    0 1365   36.85714  212.71185   477%     -    1s
     0     0  212.71185    0 1365   36.85714  212.71185   477%     -    1s
     0     0  212.47814    0 1473   36.85714  212.47814   476%     -    1s
H    0     0                      48.7142857  212.45107   336%     -    1s
H    0     0                     125.5714286  212.45107  69.2%     -    1s
H    0     0                     178.5714286  212.45107  19.0%     -    1s
H    0     0                     181.5714286  212.45107  17.0%     -    1s
     0     0  212.28244    0 1444  181.57143  212.28244  16.9%     -    1s
     0     0  212.25043    0 1472  181.57143  212.25043  16.9%     -    1s
     0     0  212.24010    0 1472  181.57143  212.24010  16.9%     -    1s
     0     0  212.23893    0 1641  181.57143  212.23893  16.9%     -    1s
     0     0  211.41817    0 1261  181.57143  211.41817  16.4%     -    1s
     0     0  211.41817    0 1120  181.57143  211.41817  16.4%     -    1s
     0     0  207.46416    0 1404  181.57143  207.46416  14.3%     -    3s
     0     0  204.39534    0 1570  181.57143  204.39534  12.6%     -    3s
     0     0  202.89750    0 1696  181.57143  202.89750  11.7%     -    3s
     0     0  202.45011    0 1644  181.57143  202.45011  11.5%     -    3s
     0     0  202.27682    0 1702  181.57143  202.27682  11.4%     -    3s
     0     0  202.21830    0 1636  181.57143  202.21830  11.4%     -    3s
     0     0  202.19840    0 1707  181.57143  202.19840  11.4%     -    3s
     0     0  202.19252    0 1708  181.57143  202.19252  11.4%     -    3s
     0     0  202.19198    0 1706  181.57143  202.19198  11.4%     -    3s
     0     0  202.15266    0 1706  181.57143  202.15266  11.3%     -    3s
     0     0  201.97103    0 1708  181.57143  201.97103  11.2%     -    3s
     0     0  201.96963    0 1708  181.57143  201.96963  11.2%     -    3s
     0     0  201.95268    0 1646  181.57143  201.95268  11.2%     -    3s
     0     0  201.93313    0 1782  181.57143  201.93313  11.2%     -    3s
     0     0  201.93253    0 1782  181.57143  201.93253  11.2%     -    3s
     0     0  201.86617    0 1709  181.57143  201.86617  11.2%     -    3s
     0     0  201.85636    0 1709  181.57143  201.85636  11.2%     -    3s
     0     0  201.85574    0 1702  181.57143  201.85574  11.2%     -    3s
     0     0  201.83809    0 1780  181.57143  201.83809  11.2%     -    3s
     0     0  201.79970    0 1710  181.57143  201.79970  11.1%     -    3s
     0     0  201.78704    0 1542  181.57143  201.78704  11.1%     -    4s
     0     0  201.76324    0 1534  181.57143  201.76324  11.1%     -    4s
     0     2  201.71821    0 1532  181.57143  201.71821  11.1%     -    4s
*    8     6               4     185.5714286  193.34803  4.19%  74.3    4s

Cutting planes:
  Gomory: 4
  Cover: 20
  MIR: 28
  StrongCG: 3
  Flow cover: 1
  Zero half: 44
  RLT: 51
  Relax-and-lift: 52

Explored 46 nodes (3349 simplex iterations) in 4.54 seconds (4.44 work units)
Thread count was 1 (of 4 available processors)

Solution count 7: 185.571 181.571 178.571 ... 2.27374e-13

Optimal solution found (tolerance 1.00e-04)
Best objective 1.855714285714e+02, best bound 1.855714285714e+02, gap 0.0000%
Set parameter TimeLimit to value 15
Gurobi Optimizer version 12.0.3 build v12.0.3rc0 (win64 - Windows 10.0 (19045.2))

CPU model: Intel(R) Core(TM) i5-7400 CPU @ 3.00GHz, instruction set [SSE2|AVX|AVX2]
Thread count: 4 physical cores, 4 logical processors, using up to 1 threads

Non-default parameters:
TimeLimit  15
LogToConsole  0
Threads  1

Academic license 2699416 - for non-commercial use only - registered to pa___@id.uff.br
Optimize a model with 5748 rows, 8501 columns and 36267 nonzeros
Model fingerprint: 0x7da32c31
Variable types: 1 continuous, 8500 integer (8500 binary)
Coefficient statistics:
  Matrix range     [1e+00, 2e+03]
  Objective range  [1e+00, 4e+02]
  Bounds range     [1e+00, 3e+03]
  RHS range        [4e+03, 4e+03]

User MIP start produced solution with objective -0 (0.02s)
Loaded user MIP start with objective -0
MIP start from previous solve did not produce a new incumbent solution

Presolve removed 15 rows and 2518 columns
Presolve time: 0.13s
Presolved: 5733 rows, 5983 columns, 31039 nonzeros
Variable types: 0 continuous, 5983 integer (4985 binary)

Root relaxation: objective 8.600422e+01, 209 iterations, 0.05 seconds (0.06 work units)

    Nodes    |    Current Node    |     Objective Bounds      |     Work
 Expl Unexpl |  Obj  Depth IntInf | Incumbent    BestBd   Gap | It/Node Time

     0     0   83.83795    0 1349   -0.00000   83.83795      -     -    0s
     0     0   72.48912    0 1324   -0.00000   72.48912      -     -    0s
     0     0   72.48912    0 1330   -0.00000   72.48912      -     -    0s
     0     0   69.89860    0 1176   -0.00000   69.89860      -     -    1s
     0     0   69.17965    0 1208   -0.00000   69.17965      -     -    1s
     0     0   69.12603    0 1422   -0.00000   69.12603      -     -    1s
     0     0   69.12603    0 1423   -0.00000   69.12603      -     -    1s
     0     0   67.17775    0 1136   -0.00000   67.17775      -     -    1s
     0     0   67.17775    0 1136   -0.00000   67.17775      -     -    1s
     0     0   65.97819    0 1392   -0.00000   65.97819      -     -    1s
     0     0   65.69624    0 1102   -0.00000   65.69624      -     -    1s
     0     0   65.62276    0 1254   -0.00000   65.62276      -     -    1s
     0     0   65.57794    0 1102   -0.00000   65.57794      -     -    1s
     0     0   65.54471    0 1234   -0.00000   65.54471      -     -    1s
     0     0   65.53875    0 1564   -0.00000   65.53875      -     -    1s
     0     0   65.52086    0 1488   -0.00000   65.52086      -     -    1s
     0     0   63.99554    0 1139   -0.00000   63.99554      -     -    1s
     0     0   63.93353    0 1318   -0.00000   63.93353      -     -    1s
     0     0   63.93353    0 1137   -0.00000   63.93353      -     -    1s
     0     0   63.91391    0 1137   -0.00000   63.91391      -     -    1s
     0     0   63.50615    0 1424   -0.00000   63.50615      -     -    1s
     0     0   63.46431    0 1324   -0.00000   63.46431      -     -    1s
     0     0   63.43323    0 1426   -0.00000   63.43323      -     -    1s
     0     0   63.42076    0 1498   -0.00000   63.42076      -     -    1s
     0     0   63.41703    0 1426   -0.00000   63.41703      -     -    1s
     0     0   62.94347    0 1464   -0.00000   62.94347      -     -    1s
     0     0   62.61674    0 1237   -0.00000   62.61674      -     -    2s
     0     0   62.60570    0 1392   -0.00000   62.60570      -     -    2s
     0     0   62.57941    0 1395   -0.00000   62.57941      -     -    2s
     0     0   62.56525    0 1394   -0.00000   62.56525      -     -    2s
     0     0   62.56446    0 1394   -0.00000   62.56446      -     -    2s
     0     0   62.18476    0 1628   -0.00000   62.18476      -     -    2s
     0     0   62.12171    0 1568   -0.00000   62.12171      -     -    2s
     0     0   62.11201    0 1566   -0.00000   62.11201      -     -    2s
     0     0   62.11085    0 1631   -0.00000   62.11085      -     -    2s
     0     0   61.85094    0 1428   -0.00000   61.85094      -     -    2s
     0     0   61.68168    0 1499   -0.00000   61.68168      -     -    2s
     0     0   61.67524    0 1497   -0.00000   61.67524      -     -    2s
     0     0   61.67233    0 1498   -0.00000   61.67233      -     -    2s
     0     0   61.60801    0 1429   -0.00000   61.60801      -     -    3s
     0     0   61.49412    0 1358   -0.00000   61.49412      -     -    3s
     0     0   61.40062    0 1430   -0.00000   61.40062      -     -    3s
     0     0   61.30618    0 1431   -0.00000   61.30618      -     -    3s
     0     0   61.30387    0 1431   -0.00000   61.30387      -     -    3s
     0     0   61.20631    0 1430   -0.00000   61.20631      -     -    3s
     0     0   61.19730    0 1434   -0.00000   61.19730      -     -    3s
     0     0   61.17202    0 1434   -0.00000   61.17202      -     -    3s
     0     0   61.14473    0 1435   -0.00000   61.14473      -     -    3s
     0     0   61.11198    0 1505   -0.00000   61.11198      -     -    3s
     0     0   61.09499    0 1571   -0.00000   61.09499      -     -    3s
     0     0   61.09447    0 1502   -0.00000   61.09447      -     -    3s
     0     0   60.86035    0 1435   -0.00000   60.86035      -     -    3s
     0     0   60.84265    0 1436   -0.00000   60.84265      -     -    3s
     0     0   60.83599    0 1508   -0.00000   60.83599      -     -    3s
     0     0   60.83521    0 1436   -0.00000   60.83521      -     -    3s
     0     0   60.81022    0 1434   -0.00000   60.81022      -     -    3s
     0     0   60.79686    0 1507   -0.00000   60.79686      -     -    3s
     0     0   60.79456    0 1435   -0.00000   60.79456      -     -    3s
     0     0   60.79071    0 1431   -0.00000   60.79071      -     -    3s
     0     0   60.76789    0 1421   -0.00000   60.76789      -     -    3s
     0     2   60.74742    0 1418   -0.00000   60.74742      -     -    4s
   117    71   28.27475   16  298   -0.00000   46.53726      -  18.4    5s
   720   404   22.66033   45 1216   -0.00000   38.68509      -   8.9   12s

Explored 737 nodes (9099 simplex iterations) in 15.00 seconds (17.76 work units)
Thread count was 1 (of 4 available processors)

Solution count 1: -0 

Time limit reached
Best objective -0.000000000000e+00, best bound 3.850000000000e+01, gap -

Gurobi 12.0.3 (win64, Java) logging started Wed Aug 27 13:21:53 2025

Set parameter LogToConsole to value 0
Set parameter WLSAccessID
Set parameter WLSSecret
Set parameter LicenseID to value 2699416
Set parameter TimeLimit to value 15
Set parameter LogFile to value "mip1.log"
Set parameter Threads to value 1
Academic license 2699416 - for non-commercial use only - registered to pa___@id.uff.br
Gurobi Optimizer version 12.0.3 build v12.0.3rc0 (win64 - Windows 10.0 (19045.2))

CPU model: Intel(R) Core(TM) i5-7400 CPU @ 3.00GHz, instruction set [SSE2|AVX|AVX2]
Thread count: 4 physical cores, 4 logical processors, using up to 1 threads

Non-default parameters:
TimeLimit  15
LogToConsole  0
Threads  1

Academic license 2699416 - for non-commercial use only - registered to pa___@id.uff.br
Optimize a model with 5832 rows, 2354 columns and 27693 nonzeros
Model fingerprint: 0x52413d0c
Variable types: 1 continuous, 2353 integer (2353 binary)
Coefficient statistics:
  Matrix range     [1e+00, 2e+03]
  Objective range  [2e+00, 7e+01]
  Bounds range     [1e+00, 2e+03]
  RHS range        [3e+03, 3e+03]

User MIP start produced solution with objective 4.28102e-13 (0.02s)
Loaded user MIP start with objective 4.28102e-13

Presolve removed 595 rows and 44 columns
Presolve time: 0.14s
Presolved: 5237 rows, 2310 columns, 24663 nonzeros
Found heuristic solution: objective 23.3214286
Variable types: 0 continuous, 2310 integer (2306 binary)
Found heuristic solution: objective 466.4285714

Root relaxation: objective 2.749430e+03, 6683 iterations, 1.31 seconds (1.53 work units)

    Nodes    |    Current Node    |     Objective Bounds      |     Work
 Expl Unexpl |  Obj  Depth IntInf | Incumbent    BestBd   Gap | It/Node Time

     0     0 2749.42976    0 1632  466.42857 2749.42976   489%     -    1s
H    0     0                    1804.9166667 2749.42976  52.3%     -    1s
H    0     0                    1989.2738095 2749.42976  38.2%     -    1s
H    0     0                    2070.1071429 2749.42976  32.8%     -    1s
H    0     0                    2074.5595238 2749.42976  32.5%     -    1s
H    0     0                    2489.1785714 2749.42976  10.5%     -    1s
H    0     0                    2496.9523810 2749.42976  10.1%     -    1s
H    0     0                    2559.0119048 2749.42976  7.44%     -    1s
H    0     0                    2563.2380952 2749.42976  7.26%     -    1s
H    0     0                    2599.0119048 2749.42976  5.79%     -    1s
     0     0 2728.61058    0 1825 2599.01190 2728.61058  4.99%     -    4s
H    0     0                    2614.5595238 2728.55079  4.36%     -    4s
H    0     0                    2622.3333333 2728.55079  4.05%     -    4s
H    0     0                    2630.1071429 2728.55079  3.74%     -    4s
     0     0 2727.38626    0 1848 2630.10714 2727.38626  3.70%     -    4s
     0     0 2727.27266    0 1830 2630.10714 2727.27266  3.69%     -    4s
     0     0 2727.26261    0 1843 2630.10714 2727.26261  3.69%     -    4s
     0     0 2727.26181    0 1831 2630.10714 2727.26181  3.69%     -    4s
     0     0 2722.64798    0 1693 2630.10714 2722.64798  3.52%     -    5s
H    0     0                    2630.6547619 2722.64483  3.50%     -    5s
H    0     0                    2634.8809524 2722.64483  3.33%     -    5s
H    0     0                    2638.6547619 2722.64483  3.18%     -    5s
H    0     0                    2645.6547619 2722.64483  2.91%     -    5s
     0     0 2721.73872    0 1682 2645.65476 2721.73872  2.88%     -    6s
     0     0 2721.51561    0 1685 2645.65476 2721.51561  2.87%     -    6s
     0     0 2721.47148    0 1679 2645.65476 2721.47148  2.87%     -    6s
     0     0 2721.43887    0 1687 2645.65476 2721.43887  2.86%     -    6s
     0     0 2721.43844    0 1695 2645.65476 2721.43844  2.86%     -    6s
     0     0 2720.36033    0 1668 2645.65476 2720.36033  2.82%     -    7s
H    0     0                    2658.2023810 2720.35991  2.34%     -    7s
H    0     0                    2661.2023810 2720.35991  2.22%     -    7s
H    0     0                    2668.9761905 2720.35991  1.93%     -    7s
     0     0 2720.21617    0 1765 2668.97619 2720.21617  1.92%     -    8s
     0     0 2720.16981    0 1615 2668.97619 2720.16981  1.92%     -    8s
     0     0 2720.16358    0 1667 2668.97619 2720.16358  1.92%     -    8s
     0     0 2719.52504    0 1771 2668.97619 2719.52504  1.89%     -    9s
     0     0 2719.32425    0 1735 2668.97619 2719.32425  1.89%     -    9s
     0     0 2719.27085    0 1712 2668.97619 2719.27085  1.88%     -    9s
     0     0 2719.25380    0 1766 2668.97619 2719.25380  1.88%     -    9s
     0     0 2719.24787    0 1768 2668.97619 2719.24787  1.88%     -    9s
     0     0 2718.96627    0 1673 2668.97619 2718.96627  1.87%     -   10s
     0     0 2718.89472    0 1649 2668.97619 2718.89472  1.87%     -   10s
     0     0 2718.88072    0 1640 2668.97619 2718.88072  1.87%     -   10s
     0     0 2718.75941    0 1785 2668.97619 2718.75941  1.87%     -   10s
H    0     0                    2684.5238095 2718.75847  1.28%     -   10s
     0     0 2718.73415    0 1772 2684.52381 2718.73415  1.27%     -   11s
     0     0 2718.72041    0 1788 2684.52381 2718.72041  1.27%     -   11s
     0     0 2718.64995    0 1802 2684.52381 2718.64995  1.27%     -   11s
     0     0 2718.64938    0 1781 2684.52381 2718.64938  1.27%     -   11s
H    0     0                    2691.2976190 2718.64875  1.02%     -   11s
H    0     0                    2692.2976190 2718.64875  0.98%     -   12s
H    0     0                    2700.0714286 2718.64875  0.69%     -   12s
     0     2 2718.64829    0 1778 2700.07143 2718.64829  0.69%     -   12s

Cutting planes:
  Gomory: 1
  Cover: 353
  Implied bound: 1
  Clique: 31
  MIR: 49
  StrongCG: 8
  GUB cover: 2
  Zero half: 11
  Mod-K: 1
  RLT: 358
  Relax-and-lift: 158
  BQP: 6
  PSD: 1

Explored 8 nodes (33231 simplex iterations) in 15.00 seconds (17.06 work units)
Thread count was 1 (of 4 available processors)

Solution count 10: 2700.07 2692.3 2691.3 ... 2634.88

Time limit reached
Best objective 2.700071428571e+03, best bound 2.717320236535e+03, gap 0.6388%
Set parameter TimeLimit to value 15
Gurobi Optimizer version 12.0.3 build v12.0.3rc0 (win64 - Windows 10.0 (19045.2))

CPU model: Intel(R) Core(TM) i5-7400 CPU @ 3.00GHz, instruction set [SSE2|AVX|AVX2]
Thread count: 4 physical cores, 4 logical processors, using up to 1 threads

Non-default parameters:
TimeLimit  15
LogToConsole  0
Threads  1

Academic license 2699416 - for non-commercial use only - registered to pa___@id.uff.br
Optimize a model with 5832 rows, 2354 columns and 27693 nonzeros
Model fingerprint: 0xfe7830ef
Variable types: 1 continuous, 2353 integer (2353 binary)
Coefficient statistics:
  Matrix range     [1e+00, 2e+03]
  Objective range  [2e+00, 2e+02]
  Bounds range     [1e+00, 2e+03]
  RHS range        [3e+03, 3e+03]

User MIP start produced solution with objective 1.13687e-13 (0.05s)
Loaded user MIP start with objective 1.13687e-13
MIP start from previous solve did not produce a new incumbent solution

Presolve removed 595 rows and 44 columns
Presolve time: 0.17s
Presolved: 5237 rows, 2310 columns, 24663 nonzeros
Variable types: 0 continuous, 2310 integer (2306 binary)

Root relaxation: objective 1.001780e+03, 4887 iterations, 1.42 seconds (1.63 work units)

    Nodes    |    Current Node    |     Objective Bounds      |     Work
 Expl Unexpl |  Obj  Depth IntInf | Incumbent    BestBd   Gap | It/Node Time

     0     0 1001.78006    0 1632    0.00000 1001.78006      -     -    1s
     0     0  574.15780    0 1808    0.00000  574.15780      -     -    4s
     0     0  545.53437    0 1831    0.00000  545.53437      -     -    4s
     0     0  541.99480    0 1802    0.00000  541.99480      -     -    4s
     0     0  541.30801    0 1810    0.00000  541.30801      -     -    4s
     0     0  541.22321    0 1834    0.00000  541.22321      -     -    4s
     0     0  445.21236    0 1616    0.00000  445.21236      -     -    6s
     0     0  429.79662    0 1686    0.00000  429.79662      -     -    6s
     0     0  426.13601    0 1691    0.00000  426.13601      -     -    6s
     0     0  425.58596    0 1680    0.00000  425.58596      -     -    6s
     0     0  425.34537    0 1682    0.00000  425.34537      -     -    6s
     0     0  403.90330    0 1659    0.00000  403.90330      -     -    7s
     0     0  398.38274    0 1767    0.00000  398.38274      -     -    8s
     0     0  397.60866    0 1767    0.00000  397.60866      -     -    8s
     0     0  397.51447    0 1758    0.00000  397.51447      -     -    8s
     0     0  388.95639    0 1748    0.00000  388.95639      -     -    9s
     0     0  387.72959    0 1788    0.00000  387.72959      -     -    9s
     0     0  387.36991    0 1790    0.00000  387.36991      -     -    9s
     0     0  387.32810    0 1715    0.00000  387.32810      -     -    9s
     0     0  383.18047    0 1803    0.00000  383.18047      -     -   10s
     0     0  382.60465    0 1815    0.00000  382.60465      -     -   10s
     0     0  382.39708    0 1840    0.00000  382.39708      -     -   10s
     0     0  378.75171    0 1792    0.00000  378.75171      -     -   10s
H    0     0                      50.7777778  378.73345   646%     -   11s
H    0     0                      53.7777778  378.73345   604%     -   11s
     0     0  377.55760    0 1726   53.77778  377.55760   602%     -   12s
     0     0  377.06169    0 1770   53.77778  377.06169   601%     -   12s
     0     0  376.92291    0 1789   53.77778  376.92291   601%     -   12s
     0     0  375.45071    0 1787   53.77778  375.45071   598%     -   12s
     0     0  375.43116    0 1771   53.77778  375.43116   598%     -   12s
H    0     0                      82.7777778  375.43116   354%     -   14s
H    0     0                      87.7777778  375.43116   328%     -   14s
     0     2  375.42090    0 1770   87.77778  375.42090   328%     -   14s

Cutting planes:
  Cover: 350
  Clique: 28
  MIR: 46
  StrongCG: 8
  GUB cover: 3
  Zero half: 16
  RLT: 376
  Relax-and-lift: 165
  PSD: 1

Explored 2 nodes (24425 simplex iterations) in 15.00 seconds (16.42 work units)
Thread count was 1 (of 4 available processors)

Solution count 5: 87.7778 82.7778 53.7778 ... 1.13687e-13

Time limit reached
Best objective 8.777777777778e+01, best bound 3.753333333332e+02, gap 327.5949%
Set parameter TimeLimit to value 15
Gurobi Optimizer version 12.0.3 build v12.0.3rc0 (win64 - Windows 10.0 (19045.2))

CPU model: Intel(R) Core(TM) i5-7400 CPU @ 3.00GHz, instruction set [SSE2|AVX|AVX2]
Thread count: 4 physical cores, 4 logical processors, using up to 1 threads

Non-default parameters:
TimeLimit  15
LogToConsole  0
Threads  1

Academic license 2699416 - for non-commercial use only - registered to pa___@id.uff.br
Optimize a model with 5832 rows, 2354 columns and 27693 nonzeros
Model fingerprint: 0x2be68ef1
Variable types: 1 continuous, 2353 integer (2353 binary)
Coefficient statistics:
  Matrix range     [1e+00, 2e+03]
  Objective range  [2e+00, 2e+02]
  Bounds range     [1e+00, 2e+03]
  RHS range        [3e+03, 3e+03]

User MIP start produced solution with objective -0 (0.01s)
Loaded user MIP start with objective -0
MIP start from previous solve did not produce a new incumbent solution

Presolve removed 595 rows and 44 columns
Presolve time: 0.13s
Presolved: 5237 rows, 2310 columns, 24663 nonzeros
Variable types: 0 continuous, 2310 integer (2306 binary)

Root relaxation: objective 9.416229e+02, 6832 iterations, 1.42 seconds (1.65 work units)

    Nodes    |    Current Node    |     Objective Bounds      |     Work
 Expl Unexpl |  Obj  Depth IntInf | Incumbent    BestBd   Gap | It/Node Time

     0     0  941.62291    0 1632   -0.00000  941.62291      -     -    1s
     0     0  497.82735    0 1783   -0.00000  497.82735      -     -    3s
     0     0  472.56501    0 1820   -0.00000  472.56501      -     -    4s
     0     0  468.63133    0 1838   -0.00000  468.63133      -     -    4s
     0     0  467.78108    0 1825   -0.00000  467.78108      -     -    4s
     0     0  467.76036    0 1834   -0.00000  467.76036      -     -    4s
     0     0  371.93156    0 1730   -0.00000  371.93156      -     -    5s
     0     0  358.98821    0 1574   -0.00000  358.98821      -     -    6s
     0     0  356.28901    0 1797   -0.00000  356.28901      -     -    6s
     0     0  354.53042    0 1728   -0.00000  354.53042      -     -    6s
     0     0  353.73223    0 1804   -0.00000  353.73223      -     -    6s
     0     0  353.68347    0 1807   -0.00000  353.68347      -     -    6s
     0     0  331.92049    0 1635   -0.00000  331.92049      -     -    7s
     0     0  324.78528    0 1759   -0.00000  324.78528      -     -    8s
     0     0  323.35602    0 1832   -0.00000  323.35602      -     -    8s
     0     0  323.15779    0 1805   -0.00000  323.15779      -     -    8s
     0     0  313.82834    0 1673   -0.00000  313.82834      -     -    9s
     0     0  310.70525    0 1759   -0.00000  310.70525      -     -    9s
     0     0  310.32090    0 1680   -0.00000  310.32090      -     -    9s
     0     0  309.57251    0 1609   -0.00000  309.57251      -     -    9s
     0     0  309.43591    0 1608   -0.00000  309.43591      -     -    9s
     0     0  306.02417    0 1826   -0.00000  306.02417      -     -    9s
     0     0  304.24933    0 1813   -0.00000  304.24933      -     -   10s
     0     0  304.03748    0 1777   -0.00000  304.03748      -     -   10s
     0     0  301.31317    0 1793   -0.00000  301.31317      -     -   10s
     0     0  299.39175    0 1783   -0.00000  299.39175      -     -   11s
     0     0  299.00280    0 1795   -0.00000  299.00280      -     -   11s
     0     0  298.90094    0 1797   -0.00000  298.90094      -     -   11s
     0     0  297.35562    0 1804   -0.00000  297.35562      -     -   12s
     0     0  296.87625    0 1804   -0.00000  296.87625      -     -   12s
     0     0  296.78025    0 1806   -0.00000  296.78025      -     -   12s
     0     0  295.92108    0 1797   -0.00000  295.92108      -     -   12s
     0     0  295.91786    0 1783   -0.00000  295.91786      -     -   13s
     0     2  295.90572    0 1782   -0.00000  295.90572      -     -   14s

Cutting planes:
  Cover: 345
  Implied bound: 1
  Clique: 28
  MIR: 56
  StrongCG: 11
  GUB cover: 1
  Zero half: 13
  RLT: 358
  Relax-and-lift: 160
  BQP: 1
  PSD: 2

Explored 1 nodes (26946 simplex iterations) in 15.00 seconds (16.08 work units)
Thread count was 1 (of 4 available processors)

Solution count 1: -0 

Time limit reached
Best objective -0.000000000000e+00, best bound 2.958823529412e+02, gap -

Gurobi 12.0.3 (win64, Java) logging started Wed Aug 27 13:22:39 2025

Set parameter LogToConsole to value 0
Set parameter WLSAccessID
Set parameter WLSSecret
Set parameter LicenseID to value 2699416
Set parameter TimeLimit to value 15
Set parameter LogFile to value "mip1.log"
Set parameter Threads to value 1
Academic license 2699416 - for non-commercial use only - registered to pa___@id.uff.br
Gurobi Optimizer version 12.0.3 build v12.0.3rc0 (win64 - Windows 10.0 (19045.2))

CPU model: Intel(R) Core(TM) i5-7400 CPU @ 3.00GHz, instruction set [SSE2|AVX|AVX2]
Thread count: 4 physical cores, 4 logical processors, using up to 1 threads

Non-default parameters:
TimeLimit  15
LogToConsole  0
Threads  1

Academic license 2699416 - for non-commercial use only - registered to pa___@id.uff.br
Optimize a model with 223 rows, 375 columns and 1173 nonzeros
Model fingerprint: 0x8342032b
Variable types: 1 continuous, 374 integer (374 binary)
Coefficient statistics:
  Matrix range     [1e+00, 1e+03]
  Objective range  [2e-01, 2e+01]
  Bounds range     [1e+00, 1e+02]
  RHS range        [2e+02, 2e+02]

User MIP start produced solution with objective 1.09357e-14 (0.00s)
Loaded user MIP start with objective 1.09357e-14

Presolve removed 30 rows and 136 columns
Presolve time: 0.01s
Presolved: 193 rows, 239 columns, 847 nonzeros
Found heuristic solution: objective 23.8026316
Variable types: 0 continuous, 239 integer (238 binary)
Found heuristic solution: objective 48.8486842

Root relaxation: objective 1.466088e+02, 156 iterations, 0.00 seconds (0.00 work units)

    Nodes    |    Current Node    |     Objective Bounds      |     Work
 Expl Unexpl |  Obj  Depth IntInf | Incumbent    BestBd   Gap | It/Node Time

     0     0  146.60884    0   48   48.84868  146.60884   200%     -    0s
H    0     0                     146.0723684  146.60884  0.37%     -    0s
H    0     0                     146.2500000  146.60884  0.25%     -    0s
     0     0  146.51590    0   71  146.25000  146.51590  0.18%     -    0s
H    0     0                     146.4276316  146.51590  0.06%     -    0s
     0     0  146.49226    0   17  146.42763  146.49226  0.04%     -    0s
     0     0  146.47909    0   61  146.42763  146.47909  0.04%     -    0s
     0     0  146.47909    0    8  146.42763  146.47909  0.04%     -    0s
     0     0  146.47909    0    6  146.42763  146.47909  0.04%     -    0s
     0     0     cutoff    0       146.42763  146.42763  0.00%     -    0s

Cutting planes:
  Gomory: 1
  Cover: 2
  Implied bound: 1
  GUB cover: 1
  RLT: 2

Explored 1 nodes (290 simplex iterations) in 0.04 seconds (0.01 work units)
Thread count was 1 (of 4 available processors)

Solution count 8: 146.428 146.428 146.25 ... 1.09357e-14

Optimal solution found (tolerance 1.00e-04)
Best objective 1.464276315789e+02, best bound 1.464276315789e+02, gap 0.0000%
Set parameter TimeLimit to value 15
Gurobi Optimizer version 12.0.3 build v12.0.3rc0 (win64 - Windows 10.0 (19045.2))

CPU model: Intel(R) Core(TM) i5-7400 CPU @ 3.00GHz, instruction set [SSE2|AVX|AVX2]
Thread count: 4 physical cores, 4 logical processors, using up to 1 threads

Non-default parameters:
TimeLimit  15
LogToConsole  0
Threads  1

Academic license 2699416 - for non-commercial use only - registered to pa___@id.uff.br
Optimize a model with 223 rows, 375 columns and 1173 nonzeros
Model fingerprint: 0xacbbf549
Variable types: 1 continuous, 374 integer (374 binary)
Coefficient statistics:
  Matrix range     [1e+00, 1e+03]
  Objective range  [2e+00, 2e+01]
  Bounds range     [1e+00, 1e+02]
  RHS range        [2e+02, 2e+02]

User MIP start produced solution with objective -2.13163e-14 (0.01s)
Loaded user MIP start with objective -2.13163e-14
MIP start from previous solve did not produce a new incumbent solution

Presolve removed 30 rows and 136 columns
Presolve time: 0.00s
Presolved: 193 rows, 239 columns, 847 nonzeros
Variable types: 0 continuous, 239 integer (238 binary)

Root relaxation: objective 9.836149e+00, 98 iterations, 0.00 seconds (0.00 work units)

    Nodes    |    Current Node    |     Objective Bounds      |     Work
 Expl Unexpl |  Obj  Depth IntInf | Incumbent    BestBd   Gap | It/Node Time

     0     0    9.83615    0   33   -0.00000    9.83615      -     -    0s
H    0     0                       0.1351351    9.83615  7179%     -    0s
     0     0    6.99523    0   52    0.13514    6.99523  5076%     -    0s
     0     0    6.45608    0   48    0.13514    6.45608  4678%     -    0s
     0     0    6.41133    0   51    0.13514    6.41133  4644%     -    0s
     0     0    6.39375    0   51    0.13514    6.39375  4631%     -    0s
     0     0    6.35826    0   52    0.13514    6.35826  4605%     -    0s
H    0     0                       1.2432432    6.31109   408%     -    0s
H    0     0                       3.2432432    6.31109  94.6%     -    0s
     0     0    6.31109    0   53    3.24324    6.31109  94.6%     -    0s
     0     0    6.31109    0   54    3.24324    6.31109  94.6%     -    0s
     0     0    6.26315    0   72    3.24324    6.26315  93.1%     -    0s
     0     0    6.25740    0   75    3.24324    6.25740  92.9%     -    0s
     0     0    6.22460    0   56    3.24324    6.22460  91.9%     -    0s
     0     0    6.17854    0   64    3.24324    6.17854  90.5%     -    0s
     0     0    6.16072    0   65    3.24324    6.16072  90.0%     -    0s
H    0     0                       3.3783784    6.11318  80.9%     -    0s
     0     0    6.11318    0   65    3.37838    6.11318  80.9%     -    0s
     0     0    6.11318    0   65    3.37838    6.11318  80.9%     -    0s
     0     0    6.11318    0   31    3.37838    6.11318  80.9%     -    0s
     0     0    6.11318    0   36    3.37838    6.11318  80.9%     -    0s
     0     0    6.11318    0   39    3.37838    6.11318  80.9%     -    0s
     0     0    6.11318    0   40    3.37838    6.11318  80.9%     -    0s
     0     0    6.11318    0   59    3.37838    6.11318  80.9%     -    0s
     0     0    6.11066    0   47    3.37838    6.11066  80.9%     -    0s
     0     0    6.09605    0   52    3.37838    6.09605  80.4%     -    0s
     0     0    6.09605    0   52    3.37838    6.09605  80.4%     -    0s
     0     0    6.02266    0   52    3.37838    6.02266  78.3%     -    0s
     0     2    6.02266    0   52    3.37838    6.02266  78.3%     -    0s
*   35     7               3       4.2162162    4.75637  12.8%   8.1    0s

Cutting planes:
  Gomory: 2
  Cover: 1
  MIR: 1
  Zero half: 5
  Mod-K: 1
  RLT: 7

Explored 55 nodes (783 simplex iterations) in 0.21 seconds (0.06 work units)
Thread count was 1 (of 4 available processors)

Solution count 6: 4.21622 3.37838 3.24324 ... -2.13163e-14

Optimal solution found (tolerance 1.00e-04)
Best objective 4.216216216216e+00, best bound 4.216216216216e+00, gap 0.0000%
Set parameter TimeLimit to value 15
Gurobi Optimizer version 12.0.3 build v12.0.3rc0 (win64 - Windows 10.0 (19045.2))

CPU model: Intel(R) Core(TM) i5-7400 CPU @ 3.00GHz, instruction set [SSE2|AVX|AVX2]
Thread count: 4 physical cores, 4 logical processors, using up to 1 threads

Non-default parameters:
TimeLimit  15
LogToConsole  0
Threads  1

Academic license 2699416 - for non-commercial use only - registered to pa___@id.uff.br
Optimize a model with 223 rows, 375 columns and 1173 nonzeros
Model fingerprint: 0x0b7ca4cd
Variable types: 1 continuous, 374 integer (374 binary)
Coefficient statistics:
  Matrix range     [1e+00, 1e+03]
  Objective range  [2e+00, 2e+01]
  Bounds range     [1e+00, 1e+02]
  RHS range        [2e+02, 2e+02]

User MIP start produced solution with objective 8.88178e-15 (0.00s)
Loaded user MIP start with objective 8.88178e-15
MIP start from previous solve did not produce a new incumbent solution

Presolve removed 30 rows and 136 columns
Presolve time: 0.00s
Presolved: 193 rows, 239 columns, 847 nonzeros
Variable types: 0 continuous, 239 integer (238 binary)

Root relaxation: objective 7.982143e+00, 80 iterations, 0.00 seconds (0.00 work units)

    Nodes    |    Current Node    |     Objective Bounds      |     Work
 Expl Unexpl |  Obj  Depth IntInf | Incumbent    BestBd   Gap | It/Node Time

     0     0    7.98214    0   33    0.00000    7.98214      -     -    0s
     0     0    5.17833    0   50    0.00000    5.17833      -     -    0s
     0     0    5.07506    0   50    0.00000    5.07506      -     -    0s
     0     0    5.07506    0   49    0.00000    5.07506      -     -    0s
     0     0    4.76153    0   72    0.00000    4.76153      -     -    0s
     0     0    4.66892    0   65    0.00000    4.66892      -     -    0s
     0     0    4.66892    0   65    0.00000    4.66892      -     -    0s
     0     0    4.57834    0   56    0.00000    4.57834      -     -    0s
H    0     0                       1.5714286    4.54897   189%     -    0s
     0     0    4.51336    0   69    1.57143    4.51336   187%     -    0s
     0     0    4.47516    0   69    1.57143    4.47516   185%     -    0s
     0     0    4.45518    0   69    1.57143    4.45518   184%     -    0s
     0     0    4.45504    0   70    1.57143    4.45504   184%     -    0s
     0     0    4.44051    0   70    1.57143    4.44051   183%     -    0s
     0     0    4.43879    0   69    1.57143    4.43879   182%     -    0s
     0     0    4.43200    0   70    1.57143    4.43200   182%     -    0s
     0     0    4.41665    0   69    1.57143    4.41665   181%     -    0s
     0     0    4.39975    0   31    1.57143    4.39975   180%     -    0s
     0     0    4.39975    0   38    1.57143    4.39975   180%     -    0s
     0     0    4.39975    0   41    1.57143    4.39975   180%     -    0s
     0     0    4.39975    0   57    1.57143    4.39975   180%     -    0s
     0     0    4.39975    0   56    1.57143    4.39975   180%     -    0s
     0     0    4.39975    0   56    1.57143    4.39975   180%     -    0s
     0     0    4.39975    0   53    1.57143    4.39975   180%     -    0s
     0     0    4.39975    0   53    1.57143    4.39975   180%     -    0s
     0     0    4.39975    0   57    1.57143    4.39975   180%     -    0s
     0     0    4.39975    0   57    1.57143    4.39975   180%     -    0s
     0     0    4.39975    0   55    1.57143    4.39975   180%     -    0s
     0     0    4.39975    0   55    1.57143    4.39975   180%     -    0s
     0     2    4.39975    0   55    1.57143    4.39975   180%     -    0s

Cutting planes:
  Gomory: 1
  Cover: 2
  MIR: 3
  Zero half: 4
  RLT: 9

Explored 64 nodes (977 simplex iterations) in 0.30 seconds (0.07 work units)
Thread count was 1 (of 4 available processors)

Solution count 2: 1.57143 8.88178e-15 

Optimal solution found (tolerance 1.00e-04)
Best objective 1.571428571429e+00, best bound 1.571428571429e+00, gap 0.0000%
Set parameter TimeLimit to value 15
Gurobi Optimizer version 12.0.3 build v12.0.3rc0 (win64 - Windows 10.0 (19045.2))

CPU model: Intel(R) Core(TM) i5-7400 CPU @ 3.00GHz, instruction set [SSE2|AVX|AVX2]
Thread count: 4 physical cores, 4 logical processors, using up to 1 threads

Non-default parameters:
TimeLimit  15
LogToConsole  0
Threads  1

Academic license 2699416 - for non-commercial use only - registered to pa___@id.uff.br
Optimize a model with 223 rows, 375 columns and 1173 nonzeros
Model fingerprint: 0x6bc61365
Variable types: 1 continuous, 374 integer (374 binary)
Coefficient statistics:
  Matrix range     [1e+00, 1e+03]
  Objective range  [2e+00, 2e+01]
  Bounds range     [1e+00, 1e+02]
  RHS range        [2e+02, 2e+02]

User MIP start produced solution with objective -4.44089e-15 (0.00s)
Loaded user MIP start with objective -4.44089e-15
MIP start from previous solve did not produce a new incumbent solution

Presolve removed 30 rows and 136 columns
Presolve time: 0.00s
Presolved: 193 rows, 239 columns, 847 nonzeros
Variable types: 0 continuous, 239 integer (238 binary)

Root relaxation: objective 6.369792e+00, 73 iterations, 0.00 seconds (0.00 work units)

    Nodes    |    Current Node    |     Objective Bounds      |     Work
 Expl Unexpl |  Obj  Depth IntInf | Incumbent    BestBd   Gap | It/Node Time

     0     0    6.36979    0   33   -0.00000    6.36979      -     -    0s
     0     0    3.87902    0   51   -0.00000    3.87902      -     -    0s
     0     0    3.73654    0   49   -0.00000    3.73654      -     -    0s
     0     0    3.72126    0   49   -0.00000    3.72126      -     -    0s
     0     0    3.23424    0   72   -0.00000    3.23424      -     -    0s
     0     0    3.01067    0   53   -0.00000    3.01067      -     -    0s
     0     0    2.94491    0   67   -0.00000    2.94491      -     -    0s
     0     0    2.90064    0   65   -0.00000    2.90064      -     -    0s
     0     0    2.90064    0   44   -0.00000    2.90064      -     -    0s
     0     0    2.90064    0   42   -0.00000    2.90064      -     -    0s
     0     0    2.90064    0   41   -0.00000    2.90064      -     -    0s
     0     0    2.85659    0   41   -0.00000    2.85659      -     -    0s
     0     0    2.85294    0   43   -0.00000    2.85294      -     -    0s
     0     0    2.35207    0   23   -0.00000    2.35207      -     -    0s
     0     0    2.28815    0   39   -0.00000    2.28815      -     -    0s
     0     0    2.11847    0   43   -0.00000    2.11847      -     -    0s
     0     0    1.90358    0   48   -0.00000    1.90358      -     -    0s
     0     0    1.90206    0   44   -0.00000    1.90206      -     -    0s
     0     0    1.90009    0   45   -0.00000    1.90009      -     -    0s
     0     0    1.89811    0   46   -0.00000    1.89811      -     -    0s
     0     0    1.89232    0   46   -0.00000    1.89232      -     -    0s
     0     0    1.89231    0   46   -0.00000    1.89231      -     -    0s
     0     0    1.89202    0   28   -0.00000    1.89202      -     -    0s
     0     0    1.89202    0   37   -0.00000    1.89202      -     -    0s
     0     0    1.89202    0   19   -0.00000    1.89202      -     -    0s
     0     0    1.89202    0   21   -0.00000    1.89202      -     -    0s
     0     0    1.89202    0   46   -0.00000    1.89202      -     -    0s
     0     0    1.89202    0   22   -0.00000    1.89202      -     -    0s
     0     0    1.89202    0   26   -0.00000    1.89202      -     -    0s
     0     0    1.84091    0   46   -0.00000    1.84091      -     -    0s
     0     0    1.79666    0   39   -0.00000    1.79666      -     -    0s
     0     0    1.77579    0   49   -0.00000    1.77579      -     -    0s
     0     0    1.71717    0   44   -0.00000    1.71717      -     -    0s
     0     0    1.71717    0   44   -0.00000    1.71717      -     -    0s
     0     2    1.70350    0   43   -0.00000    1.70350      -     -    0s

Cutting planes:
  Gomory: 3
  Lift-and-project: 2
  Cover: 6
  Implied bound: 1
  MIR: 5
  Inf proof: 1
  Zero half: 2
  RLT: 1

Explored 74 nodes (1123 simplex iterations) in 0.49 seconds (0.09 work units)
Thread count was 1 (of 4 available processors)

Solution count 1: -4.44089e-15 
No other solutions better than -4.44089e-15

Optimal solution found (tolerance 1.00e-04)
Best objective -4.440892098501e-15, best bound -4.440892098501e-15, gap 0.0000%

Gurobi 12.0.3 (win64, Java) logging started Wed Aug 27 13:22:41 2025

Set parameter LogToConsole to value 0
Set parameter WLSAccessID
Set parameter WLSSecret
Set parameter LicenseID to value 2699416
Set parameter TimeLimit to value 15
Set parameter LogFile to value "mip1.log"
Set parameter Threads to value 1
Academic license 2699416 - for non-commercial use only - registered to pa___@id.uff.br
Gurobi Optimizer version 12.0.3 build v12.0.3rc0 (win64 - Windows 10.0 (19045.2))

CPU model: Intel(R) Core(TM) i5-7400 CPU @ 3.00GHz, instruction set [SSE2|AVX|AVX2]
Thread count: 4 physical cores, 4 logical processors, using up to 1 threads

Non-default parameters:
TimeLimit  15
LogToConsole  0
Threads  1

Academic license 2699416 - for non-commercial use only - registered to pa___@id.uff.br
Optimize a model with 3690 rows, 1986 columns and 18267 nonzeros
Model fingerprint: 0x729d2d6b
Variable types: 1 continuous, 1985 integer (1985 binary)
Coefficient statistics:
  Matrix range     [1e+00, 1e+03]
  Objective range  [1e+00, 2e+01]
  Bounds range     [1e+00, 1e+03]
  RHS range        [2e+03, 2e+03]

User MIP start produced solution with objective -5.02709e-13 (0.01s)
Loaded user MIP start with objective -5.02709e-13

Presolve removed 128 rows and 40 columns
Presolve time: 0.06s
Presolved: 3562 rows, 1946 columns, 17511 nonzeros
Found heuristic solution: objective 15.2062663
Variable types: 0 continuous, 1946 integer (1943 binary)
Found heuristic solution: objective 220.4908616

Root relaxation: objective 1.655661e+03, 4742 iterations, 0.76 seconds (0.82 work units)

    Nodes    |    Current Node    |     Objective Bounds      |     Work
 Expl Unexpl |  Obj  Depth IntInf | Incumbent    BestBd   Gap | It/Node Time

     0     0 1655.66141    0 1576  220.49086 1655.66141   651%     -    0s
H    0     0                     892.5926893 1655.66141  85.5%     -    0s
H    0     0                     907.7310705 1655.66141  82.4%     -    0s
H    0     0                    1450.6501305 1655.66141  14.1%     -    0s
H    0     0                    1458.2532637 1655.66141  13.5%     -    0s
H    0     0                    1460.4255875 1655.66141  13.4%     -    0s
H    0     0                    1466.9425587 1655.66141  12.9%     -    0s
H    0     0                    1494.0104439 1655.66141  10.8%     -    0s
H    0     0                    1494.0966057 1655.66141  10.8%     -    0s
H    0     0                    1502.7859008 1655.66141  10.2%     -    0s
     0     0 1651.48414    0 1618 1502.78590 1651.48414  9.89%     -    2s
H    0     0                    1503.4386423 1651.48253  9.85%     -    2s
H    0     0                    1518.0939948 1651.48253  8.79%     -    2s
H    0     0                    1545.1462141 1651.48253  6.88%     -    2s
     0     0 1651.32576    0 1623 1545.14621 1651.32576  6.87%     -    2s
     0     0 1651.31946    0 1623 1545.14621 1651.31946  6.87%     -    2s
     0     0 1651.31769    0 1623 1545.14621 1651.31769  6.87%     -    2s
     0     0 1651.31768    0 1623 1545.14621 1651.31768  6.87%     -    2s
     0     0 1650.60596    0 1633 1545.14621 1650.60596  6.83%     -    2s
H    0     0                    1546.9033943 1650.60589  6.70%     -    2s
H    0     0                    1556.4725849 1650.60589  6.05%     -    2s
H    0     0                    1571.1279373 1650.60589  5.06%     -    2s
     0     0 1650.56925    0 1644 1571.12794 1650.56925  5.06%     -    3s
     0     0 1650.56527    0 1634 1571.12794 1650.56527  5.06%     -    3s
     0     0 1650.56512    0 1638 1571.12794 1650.56512  5.06%     -    3s
     0     0 1650.35761    0 1656 1571.12794 1650.35761  5.04%     -    3s
H    0     0                    1571.3864230 1650.35743  5.03%     -    3s
H    0     0                    1572.3002611 1650.35743  4.96%     -    3s
H    0     0                    1573.3864230 1650.35743  4.89%     -    3s
     0     0 1650.32992    0 1647 1573.38642 1650.32992  4.89%     -    3s
     0     0 1650.32511    0 1648 1573.38642 1650.32511  4.89%     -    3s
     0     0 1650.32340    0 1647 1573.38642 1650.32340  4.89%     -    3s
     0     0 1650.32303    0 1648 1573.38642 1650.32303  4.89%     -    3s
     0     0 1650.17899    0 1647 1573.38642 1650.17899  4.88%     -    4s
H    0     0                    1575.4725849 1650.17873  4.74%     -    4s
H    0     0                    1576.5587467 1650.17873  4.67%     -    4s
     0     0 1650.15939    0 1656 1576.55875 1650.15939  4.67%     -    4s
     0     0 1650.15822    0 1654 1576.55875 1650.15822  4.67%     -    4s
     0     0 1650.06492    0 1656 1576.55875 1650.06492  4.66%     -    4s
H    0     0                    1577.6449086 1650.06478  4.59%     -    4s
     0     0 1650.05867    0 1650 1577.64491 1650.05867  4.59%     -    4s
     0     0 1650.05804    0 1656 1577.64491 1650.05804  4.59%     -    4s
     0     0 1650.02498    0 1653 1577.64491 1650.02498  4.59%     -    5s
H    0     0                    1591.8511749 1650.02491  3.65%     -    5s
     0     0 1650.02014    0 1656 1591.85117 1650.02014  3.65%     -    5s
     0     0 1650.01942    0 1655 1591.85117 1650.01942  3.65%     -    5s
     0     0 1649.91876    0 1646 1591.85117 1649.91876  3.65%     -    5s
     0     0 1649.90910    0 1652 1591.85117 1649.90910  3.65%     -    5s
     0     0 1649.90869    0 1654 1591.85117 1649.90869  3.65%     -    5s
     0     0 1649.83701    0 1659 1591.85117 1649.83701  3.64%     -    5s
H    0     0                    1592.8511749 1649.83578  3.58%     -    5s
     0     0 1649.82069    0 1644 1592.85117 1649.82069  3.58%     -    5s
     0     0 1649.82008    0 1643 1592.85117 1649.82008  3.58%     -    5s
     0     0 1649.79929    0 1650 1592.85117 1649.79929  3.58%     -    5s
     0     0 1649.79674    0 1650 1592.85117 1649.79674  3.58%     -    5s
     0     0 1649.79624    0 1652 1592.85117 1649.79624  3.58%     -    6s
     0     0 1649.77490    0 1648 1592.85117 1649.77490  3.57%     -    6s
H    0     0                    1603.3159269 1649.77436  2.90%     -    6s
H    0     0                    1606.0574413 1649.77436  2.72%     -    6s
H    0     0                    1606.9712794 1649.77436  2.66%     -    6s
H    0     0                    1611.3159269 1649.77436  2.39%     -    6s
     0     0 1649.77366    0 1649 1611.31593 1649.77366  2.39%     -    6s
     0     0 1649.76255    0 1652 1611.31593 1649.76255  2.39%     -    6s
     0     0 1649.76212    0 1652 1611.31593 1649.76212  2.39%     -    6s
     0     0 1649.75328    0 1650 1611.31593 1649.75328  2.39%     -    6s
     0     0 1649.75278    0 1644 1611.31593 1649.75278  2.39%     -    6s
H    0     0                    1615.6605744 1649.75278  2.11%     -    7s
H    0     0                    1615.7467363 1649.75278  2.10%     -    7s
H    0     0                    1616.7467363 1649.75278  2.04%     -    7s
H    0     0                    1620.0052219 1649.75278  1.84%     -    7s
H    0     0                    1621.0913838 1649.75278  1.77%     -    7s
     0     2 1649.75252    0 1643 1621.09138 1649.75252  1.77%     -    8s
     8    10 1647.66355    4 1605 1621.09138 1649.27358  1.74%   967   10s

Cutting planes:
  Cover: 126
  Clique: 4
  MIR: 28
  StrongCG: 1
  GUB cover: 1
  Zero half: 67
  RLT: 80
  Relax-and-lift: 6

Explored 37 nodes (42124 simplex iterations) in 15.00 seconds (16.99 work units)
Thread count was 1 (of 4 available processors)

Solution count 10: 1621.09 1620.01 1616.75 ... 1592.85

Time limit reached
Best objective 1.621091383812e+03, best bound 1.649273583551e+03, gap 1.7385%
Set parameter TimeLimit to value 15
Gurobi Optimizer version 12.0.3 build v12.0.3rc0 (win64 - Windows 10.0 (19045.2))

CPU model: Intel(R) Core(TM) i5-7400 CPU @ 3.00GHz, instruction set [SSE2|AVX|AVX2]
Thread count: 4 physical cores, 4 logical processors, using up to 1 threads

Non-default parameters:
TimeLimit  15
LogToConsole  0
Threads  1

Academic license 2699416 - for non-commercial use only - registered to pa___@id.uff.br
Optimize a model with 3690 rows, 1986 columns and 18267 nonzeros
Model fingerprint: 0xe7584914
Variable types: 1 continuous, 1985 integer (1985 binary)
Coefficient statistics:
  Matrix range     [1e+00, 1e+03]
  Objective range  [1e+00, 2e+01]
  Bounds range     [1e+00, 1e+03]
  RHS range        [2e+03, 2e+03]

User MIP start produced solution with objective 2.41585e-13 (0.01s)
Loaded user MIP start with objective 2.41585e-13
MIP start from previous solve did not produce a new incumbent solution

Presolve removed 128 rows and 40 columns
Presolve time: 0.06s
Presolved: 3562 rows, 1946 columns, 17511 nonzeros
Variable types: 0 continuous, 1946 integer (1943 binary)

Root relaxation: objective 4.832273e+02, 4599 iterations, 0.92 seconds (0.97 work units)

    Nodes    |    Current Node    |     Objective Bounds      |     Work
 Expl Unexpl |  Obj  Depth IntInf | Incumbent    BestBd   Gap | It/Node Time

     0     0  483.22733    0 1576    0.00000  483.22733      -     -    1s
H    0     0                       4.1826087  483.22733      -     -    1s
H    0     0                      11.1826087  483.22733  4221%     -    1s
     0     0  424.33208    0 1618   11.18261  424.33208  3695%     -    2s
     0     0  423.04733    0 1611   11.18261  423.04733  3683%     -    2s
     0     0  422.97584    0 1613   11.18261  422.97584  3682%     -    2s
     0     0  422.96676    0 1614   11.18261  422.96676  3682%     -    2s
     0     0  412.80959    0 1632   11.18261  412.80959  3592%     -    3s
     0     0  412.57065    0 1644   11.18261  412.57065  3589%     -    3s
     0     0  412.57062    0 1650   11.18261  412.57062  3589%     -    3s
     0     0  409.80974    0 1642   11.18261  409.80974  3565%     -    3s
     0     0  409.16494    0 1651   11.18261  409.16494  3559%     -    3s
     0     0  409.09319    0 1646   11.18261  409.09319  3558%     -    3s
     0     0  409.07048    0 1647   11.18261  409.07048  3558%     -    3s
     0     0  409.06661    0 1647   11.18261  409.06661  3558%     -    3s
     0     0  407.79626    0 1645   11.18261  407.79626  3547%     -    4s
     0     0  407.73407    0 1648   11.18261  407.73407  3546%     -    4s
     0     0  407.70780    0 1650   11.18261  407.70780  3546%     -    4s
     0     0  407.70443    0 1649   11.18261  407.70443  3546%     -    4s
     0     0  406.42161    0 1664   11.18261  406.42161  3534%     -    4s
     0     0  406.24701    0 1658   11.18261  406.24701  3533%     -    4s
     0     0  406.23447    0 1661   11.18261  406.23447  3533%     -    4s
     0     0  405.24319    0 1653   11.18261  405.24319  3524%     -    4s
H    0     0                      11.5478261  405.24133  3409%     -    4s
H    0     0                      16.5478261  405.24133  2349%     -    4s
     0     0  405.17740    0 1648   16.54783  405.17740  2349%     -    4s
     0     0  405.17562    0 1650   16.54783  405.17562  2349%     -    4s
     0     0  404.08191    0 1642   16.54783  404.08191  2342%     -    5s
     0     0  404.02834    0 1653   16.54783  404.02834  2342%     -    5s
     0     0  404.02592    0 1658   16.54783  404.02592  2342%     -    5s
     0     0  403.44541    0 1648   16.54783  403.44541  2338%     -    5s
H    0     0                      28.3652174  403.43996  1322%     -    5s
     0     0  403.41419    0 1653   28.36522  403.41419  1322%     -    5s
     0     0  403.41035    0 1662   28.36522  403.41035  1322%     -    5s
     0     0  402.72539    0 1651   28.36522  402.72539  1320%     -    5s
     0     0  402.65392    0 1667   28.36522  402.65392  1320%     -    5s
     0     0  402.64760    0 1658   28.36522  402.64760  1320%     -    5s
     0     0  402.52478    0 1657   28.36522  402.52478  1319%     -    5s
H    0     0                      44.9130435  402.52194   796%     -    5s
H    0     0                      48.9130435  402.52194   723%     -    5s
H    0     0                      50.9130435  402.52194   691%     -    5s
     0     0  402.47837    0 1653   50.91304  402.47837   691%     -    5s
     0     0  402.47507    0 1660   50.91304  402.47507   691%     -    5s
     0     0  402.17756    0 1664   50.91304  402.17756   690%     -    6s
     0     0  402.15517    0 1662   50.91304  402.15517   690%     -    6s
     0     0  401.57342    0 1656   50.91304  401.57342   689%     -    6s
H    0     0                      52.7304348  401.56381   662%     -    6s
H    0     0                      56.9130435  401.56381   606%     -    6s
H    0     0                      60.7304348  401.56381   561%     -    6s
H    0     0                      66.9130435  401.56381   500%     -    6s
     0     0  401.51758    0 1655   66.91304  401.51758   500%     -    6s
     0     0  401.50988    0 1653   66.91304  401.50988   500%     -    6s
     0     0  401.31734    0 1649   66.91304  401.31734   500%     -    6s
     0     0  401.29157    0 1653   66.91304  401.29157   500%     -    6s
     0     0  401.27580    0 1654   66.91304  401.27580   500%     -    6s
     0     0  401.03281    0 1647   66.91304  401.03281   499%     -    6s
     0     0  400.98273    0 1653   66.91304  400.98273   499%     -    7s
     0     0  400.97946    0 1654   66.91304  400.97946   499%     -    7s
     0     0  400.81093    0 1652   66.91304  400.81093   499%     -    7s
     0     0  400.80169    0 1651   66.91304  400.80169   499%     -    7s
     0     0  400.76680    0 1652   66.91304  400.76680   499%     -    7s
     0     0  400.76618    0 1646   66.91304  400.76618   499%     -    7s
H    0     0                      87.2782609  400.76618   359%     -    8s
H    0     0                     101.2782609  400.76618   296%     -    8s
H    0     0                     106.2782609  400.76618   277%     -    8s
H    0     0                     106.4608696  400.76618   276%     -    8s
     0     2  400.76618    0 1644  106.46087  400.76618   276%     -    8s
     8    10  388.16179    4 1615  106.46087  394.86438   271%   938   10s
H   26    26                     107.6434783  394.86438   267%   899   13s
H   26    26                     117.4608696  394.86438   236%   899   14s
H   26    26                     121.4608696  394.86438   225%   899   14s
H   26    26                     134.6434783  394.86438   193%   899   14s
    26    28  359.27206   13 1533  134.64348  394.86438   193%   919   15s

Cutting planes:
  Cover: 134
  Clique: 4
  MIR: 25
  StrongCG: 1
  GUB cover: 2
  Zero half: 70
  RLT: 77
  Relax-and-lift: 9

Explored 27 nodes (37939 simplex iterations) in 15.00 seconds (17.12 work units)
Thread count was 1 (of 4 available processors)

Solution count 10: 134.643 121.461 117.461 ... 60.7304

Time limit reached
Best objective 1.346434782609e+02, best bound 3.948608695652e+02, gap 193.2640%
Set parameter TimeLimit to value 15
Gurobi Optimizer version 12.0.3 build v12.0.3rc0 (win64 - Windows 10.0 (19045.2))

CPU model: Intel(R) Core(TM) i5-7400 CPU @ 3.00GHz, instruction set [SSE2|AVX|AVX2]
Thread count: 4 physical cores, 4 logical processors, using up to 1 threads

Non-default parameters:
TimeLimit  15
LogToConsole  0
Threads  1

Academic license 2699416 - for non-commercial use only - registered to pa___@id.uff.br
Optimize a model with 3690 rows, 1986 columns and 18267 nonzeros
Model fingerprint: 0xf16b7e64
Variable types: 1 continuous, 1985 integer (1985 binary)
Coefficient statistics:
  Matrix range     [1e+00, 1e+03]
  Objective range  [1e+00, 2e+01]
  Bounds range     [1e+00, 1e+03]
  RHS range        [2e+03, 2e+03]

User MIP start produced solution with objective -4.54747e-13 (0.01s)
Loaded user MIP start with objective -4.54747e-13
MIP start from previous solve did not produce a new incumbent solution

Presolve removed 128 rows and 40 columns
Presolve time: 0.06s
Presolved: 3562 rows, 1946 columns, 17511 nonzeros
Variable types: 0 continuous, 1946 integer (1943 binary)

Root relaxation: objective 3.775801e+02, 4529 iterations, 0.94 seconds (0.96 work units)

    Nodes    |    Current Node    |     Objective Bounds      |     Work
 Expl Unexpl |  Obj  Depth IntInf | Incumbent    BestBd   Gap | It/Node Time

     0     0  377.58007    0 1575   -0.00000  377.58007      -     -    1s
     0     0  313.43988    0 1636   -0.00000  313.43988      -     -    2s
     0     0  311.42983    0 1630   -0.00000  311.42983      -     -    2s
     0     0  311.24705    0 1631   -0.00000  311.24705      -     -    2s
     0     0  311.20725    0 1635   -0.00000  311.20725      -     -    2s
     0     0  311.20251    0 1625   -0.00000  311.20251      -     -    2s
     0     0  302.58741    0 1638   -0.00000  302.58741      -     -    2s
     0     0  302.32515    0 1649   -0.00000  302.32515      -     -    3s
     0     0  302.28505    0 1648   -0.00000  302.28505      -     -    3s
     0     0  302.28505    0 1648   -0.00000  302.28505      -     -    3s
     0     0  298.67328    0 1635   -0.00000  298.67328      -     -    3s
     0     0  298.30937    0 1637   -0.00000  298.30937      -     -    3s
     0     0  298.30283    0 1638   -0.00000  298.30283      -     -    3s
     0     0  295.03697    0 1649   -0.00000  295.03697      -     -    4s
H    0     0                       2.0000000  295.03358      -     -    4s
     0     0  294.77451    0 1636    2.00000  294.77451      -     -    4s
     0     0  294.75464    0 1639    2.00000  294.75464      -     -    4s
     0     0  293.69701    0 1654    2.00000  293.69701      -     -    4s
     0     0  293.63078    0 1656    2.00000  293.63078      -     -    4s
     0     0  293.63043    0 1655    2.00000  293.63043      -     -    4s
     0     0  292.24289    0 1650    2.00000  292.24289      -     -    4s
     0     0  292.16290    0 1647    2.00000  292.16290      -     -    4s
     0     0  292.13311    0 1659    2.00000  292.13311      -     -    4s
     0     0  292.13282    0 1658    2.00000  292.13282      -     -    4s
     0     0  291.93770    0 1656    2.00000  291.93770      -     -    4s
     0     0  291.93297    0 1658    2.00000  291.93297      -     -    4s
     0     0  291.81820    0 1652    2.00000  291.81820      -     -    5s
     0     0  291.79000    0 1654    2.00000  291.79000      -     -    5s
     0     0  291.78443    0 1652    2.00000  291.78443      -     -    5s
     0     0  291.09682    0 1657    2.00000  291.09682      -     -    5s
     0     0  291.04185    0 1654    2.00000  291.04185      -     -    5s
     0     0  291.03162    0 1651    2.00000  291.03162      -     -    5s
     0     0  290.53591    0 1650    2.00000  290.53591      -     -    5s
H    0     0                       7.4528302  290.53000  3798%     -    5s
H    0     0                      13.4528302  290.53000  2060%     -    5s
     0     0  290.49630    0 1651   13.45283  290.49630  2059%     -    5s
     0     0  290.48960    0 1653   13.45283  290.48960  2059%     -    5s
     0     0  289.99856    0 1656   13.45283  289.99856  2056%     -    5s
     0     0  289.91650    0 1659   13.45283  289.91650  2055%     -    5s
     0     0  289.90541    0 1658   13.45283  289.90541  2055%     -    6s
     0     0  289.19095    0 1657   13.45283  289.19095  2050%     -    6s
     0     0  289.08021    0 1662   13.45283  289.08021  2049%     -    6s
     0     0  289.07349    0 1663   13.45283  289.07349  2049%     -    6s
     0     0  288.53101    0 1656   13.45283  288.53101  2045%     -    6s
     0     0  288.39764    0 1663   13.45283  288.39764  2044%     -    6s
     0     0  288.38442    0 1663   13.45283  288.38442  2044%     -    6s
     0     0  287.94189    0 1664   13.45283  287.94189  2040%     -    6s
H    0     0                      14.4528302  287.93006  1892%     -    6s
H    0     0                      18.4528302  287.93006  1460%     -    7s
H    0     0                      18.9056604  287.93006  1423%     -    7s
     0     0  287.90333    0 1663   18.90566  287.90333  1423%     -    7s
     0     0  287.89969    0 1663   18.90566  287.89969  1423%     -    7s
     0     0  287.89302    0 1663   18.90566  287.89302  1423%     -    7s
     0     0  287.88940    0 1662   18.90566  287.88940  1423%     -    7s
     0     0  287.81580    0 1660   18.90566  287.81580  1422%     -    7s
     0     0  287.81183    0 1653   18.90566  287.81183  1422%     -    7s
     0     2  287.81183    0 1652   18.90566  287.81183  1422%     -    8s
     8    10  276.08167    4 1619   18.90566  282.62792  1395%   923   10s
H   26    26                      19.9056604  282.62792  1320%   814   13s

Cutting planes:
  Cover: 136
  Clique: 3
  MIR: 27
  StrongCG: 2
  GUB cover: 1
  Zero half: 77
  RLT: 77
  Relax-and-lift: 9

Explored 41 nodes (42362 simplex iterations) in 15.00 seconds (17.29 work units)
Thread count was 1 (of 4 available processors)

Solution count 8: 19.9057 18.9057 18.4528 ... -4.54747e-13

Time limit reached
Best objective 1.990566037736e+01, best bound 2.826226415094e+02, gap 1319.8104%
Set parameter TimeLimit to value 15
Gurobi Optimizer version 12.0.3 build v12.0.3rc0 (win64 - Windows 10.0 (19045.2))

CPU model: Intel(R) Core(TM) i5-7400 CPU @ 3.00GHz, instruction set [SSE2|AVX|AVX2]
Thread count: 4 physical cores, 4 logical processors, using up to 1 threads

Non-default parameters:
TimeLimit  15
LogToConsole  0
Threads  1

Academic license 2699416 - for non-commercial use only - registered to pa___@id.uff.br
Optimize a model with 3690 rows, 1986 columns and 18267 nonzeros
Model fingerprint: 0xbf3c51c2
Variable types: 1 continuous, 1985 integer (1985 binary)
Coefficient statistics:
  Matrix range     [1e+00, 1e+03]
  Objective range  [1e+00, 2e+01]
  Bounds range     [1e+00, 1e+03]
  RHS range        [2e+03, 2e+03]

User MIP start produced solution with objective -3.83693e-13 (0.01s)
Loaded user MIP start with objective -3.83693e-13
MIP start from previous solve did not produce a new incumbent solution

Presolve removed 128 rows and 40 columns
Presolve time: 0.06s
Presolved: 3562 rows, 1946 columns, 17511 nonzeros
Variable types: 0 continuous, 1946 integer (1943 binary)

Root relaxation: objective 3.616608e+02, 4924 iterations, 0.96 seconds (1.10 work units)

    Nodes    |    Current Node    |     Objective Bounds      |     Work
 Expl Unexpl |  Obj  Depth IntInf | Incumbent    BestBd   Gap | It/Node Time

     0     0  361.66084    0 1574   -0.00000  361.66084      -     -    1s
     0     0  296.96395    0 1643   -0.00000  296.96395      -     -    2s
     0     0  295.50187    0 1622   -0.00000  295.50187      -     -    2s
     0     0  295.47019    0 1630   -0.00000  295.47019      -     -    2s
     0     0  295.46958    0 1629   -0.00000  295.46958      -     -    2s
     0     0  285.18813    0 1621   -0.00000  285.18813      -     -    2s
     0     0  284.94769    0 1635   -0.00000  284.94769      -     -    2s
     0     0  284.83776    0 1635   -0.00000  284.83776      -     -    2s
     0     0  284.82985    0 1632   -0.00000  284.82985      -     -    2s
     0     0  281.26666    0 1652   -0.00000  281.26666      -     -    3s
     0     0  280.61954    0 1645   -0.00000  280.61954      -     -    3s
     0     0  280.55480    0 1641   -0.00000  280.55480      -     -    3s
     0     0  280.55249    0 1643   -0.00000  280.55249      -     -    3s
     0     0  277.81626    0 1641   -0.00000  277.81626      -     -    3s
     0     0  277.71415    0 1644   -0.00000  277.71415      -     -    3s
     0     0  277.70694    0 1645   -0.00000  277.70694      -     -    4s
     0     0  277.18074    0 1646   -0.00000  277.18074      -     -    4s
     0     0  277.12849    0 1647   -0.00000  277.12849      -     -    4s
     0     0  277.11875    0 1647   -0.00000  277.11875      -     -    4s
     0     0  275.92314    0 1642   -0.00000  275.92314      -     -    4s
     0     0  275.80409    0 1636   -0.00000  275.80409      -     -    4s
     0     0  275.79030    0 1637   -0.00000  275.79030      -     -    4s
     0     0  274.58283    0 1646   -0.00000  274.58283      -     -    4s
     0     0  274.49774    0 1645   -0.00000  274.49774      -     -    4s
     0     0  274.48961    0 1645   -0.00000  274.48961      -     -    4s
     0     0  273.58853    0 1646   -0.00000  273.58853      -     -    4s
     0     0  273.51763    0 1641   -0.00000  273.51763      -     -    5s
     0     0  273.51079    0 1642   -0.00000  273.51079      -     -    5s
     0     0  272.78792    0 1657   -0.00000  272.78792      -     -    5s
     0     0  272.76961    0 1650   -0.00000  272.76961      -     -    5s
     0     0  272.73765    0 1660   -0.00000  272.73765      -     -    5s
     0     0  272.73588    0 1656   -0.00000  272.73588      -     -    5s
     0     0  272.46057    0 1655   -0.00000  272.46057      -     -    5s
     0     0  272.44959    0 1648   -0.00000  272.44959      -     -    5s
     0     2  272.44834    0 1645   -0.00000  272.44834      -     -    6s
    18    20  240.56181    9 1546   -0.00000  266.62844      -   884   10s
H   26    26                       2.0000000  266.62844      -   846   12s

Cutting planes:
  Cover: 132
  Clique: 4
  MIR: 28
  StrongCG: 1
  GUB cover: 1
  Zero half: 69
  RLT: 68
  Relax-and-lift: 11

Explored 49 nodes (46632 simplex iterations) in 15.00 seconds (18.00 work units)
Thread count was 1 (of 4 available processors)

Solution count 2: 2 -3.83693e-13 

Time limit reached
Best objective 2.000000000000e+00, best bound 2.666250000000e+02, gap 13231.2500%
Set parameter TimeLimit to value 0

Gurobi 12.0.3 (win64, Java) logging started Wed Aug 27 13:23:42 2025

Set parameter LogToConsole to value 0
Set parameter WLSAccessID
Set parameter WLSSecret
Set parameter LicenseID to value 2699416
Set parameter TimeLimit to value 15
Set parameter LogFile to value "mip1.log"
Set parameter Threads to value 1
Academic license 2699416 - for non-commercial use only - registered to pa___@id.uff.br
Gurobi Optimizer version 12.0.3 build v12.0.3rc0 (win64 - Windows 10.0 (19045.2))

CPU model: Intel(R) Core(TM) i5-7400 CPU @ 3.00GHz, instruction set [SSE2|AVX|AVX2]
Thread count: 4 physical cores, 4 logical processors, using up to 1 threads

Non-default parameters:
TimeLimit  15
LogToConsole  0
Threads  1

Academic license 2699416 - for non-commercial use only - registered to pa___@id.uff.br
Optimize a model with 2785 rows, 1405 columns and 14364 nonzeros
Model fingerprint: 0xbe633652
Variable types: 1 continuous, 1404 integer (1404 binary)
Coefficient statistics:
  Matrix range     [1e+00, 9e+02]
  Objective range  [9e-01, 3e+01]
  Bounds range     [1e+00, 2e+03]
  RHS range        [2e+03, 2e+03]

User MIP start produced solution with objective -1.32561e-13 (0.01s)
Loaded user MIP start with objective -1.32561e-13

Presolve removed 160 rows and 23 columns
Presolve time: 0.05s
Presolved: 2625 rows, 1382 columns, 13335 nonzeros
Found heuristic solution: objective 5.2800000
Variable types: 0 continuous, 1382 integer (1380 binary)
Found heuristic solution: objective 216.4800000

Root relaxation: objective 1.933048e+03, 2479 iterations, 0.33 seconds (0.24 work units)

    Nodes    |    Current Node    |     Objective Bounds      |     Work
 Expl Unexpl |  Obj  Depth IntInf | Incumbent    BestBd   Gap | It/Node Time

     0     0 1933.04832    0  885  216.48000 1933.04832   793%     -    0s
H    0     0                    1769.3600000 1933.04832  9.25%     -    0s
H    0     0                    1832.0800000 1933.04832  5.51%     -    0s
H    0     0                    1871.5200000 1933.04832  3.29%     -    0s
H    0     0                    1886.4800000 1933.04832  2.47%     -    0s
H    0     0                    1886.6000000 1933.04832  2.46%     -    0s
H    0     0                    1887.4800000 1933.04832  2.41%     -    0s
     0     0 1929.38684    0  879 1887.48000 1929.38684  2.22%     -    1s
H    0     0                    1888.7600000 1929.38609  2.15%     -    1s
H    0     0                    1903.3200000 1929.38609  1.37%     -    1s
     0     0 1929.31008    0  876 1903.32000 1929.31008  1.37%     -    1s
     0     0 1929.30828    0  858 1903.32000 1929.30828  1.37%     -    1s
     0     0 1928.82056    0  884 1903.32000 1928.82056  1.34%     -    1s
     0     0 1928.81253    0  887 1903.32000 1928.81253  1.34%     -    1s
     0     0 1928.56489    0  871 1903.32000 1928.56489  1.33%     -    2s
H    0     0                    1905.0800000 1928.56487  1.23%     -    2s
     0     0 1928.54832    0  882 1905.08000 1928.54832  1.23%     -    2s
     0     0 1928.54799    0  882 1905.08000 1928.54799  1.23%     -    2s
     0     0 1928.50137    0  886 1905.08000 1928.50137  1.23%     -    2s
     0     0 1928.49771    0  884 1905.08000 1928.49771  1.23%     -    2s
     0     0 1928.49498    0  887 1905.08000 1928.49498  1.23%     -    2s
     0     0 1928.44449    0  882 1905.08000 1928.44449  1.23%     -    2s
H    0     0                    1906.8400000 1928.44435  1.13%     -    3s
H    0     0                    1907.7200000 1928.44435  1.09%     -    3s
     0     0 1928.44280    0  875 1907.72000 1928.44280  1.09%     -    3s
     0     0 1928.44229    0  887 1907.72000 1928.44229  1.09%     -    3s
     0     0 1928.44216    0  883 1907.72000 1928.44216  1.09%     -    3s
H    0     0                    1907.7600000 1928.44161  1.08%     -    3s
H    0     0                    1911.8800000 1928.44161  0.87%     -    3s
H    0     0                    1913.0000000 1928.44161  0.81%     -    3s
H    0     0                    1913.8800000 1928.44161  0.76%     -    3s
H    0     0                    1914.7600000 1928.44161  0.71%     -    3s
     0     0 1928.44101    0  882 1914.76000 1928.44101  0.71%     -    3s
H    0     0                    1915.6400000 1928.44101  0.67%     -    3s
H    0     0                    1916.5200000 1928.44101  0.62%     -    3s
H    0     0                    1917.4000000 1928.44101  0.58%     -    3s
     0     2 1928.44101    0  882 1917.40000 1928.44101  0.58%     -    4s
    24    26 1927.03302   14  804 1917.40000 1927.82987  0.54%   261    5s
H  111   111                    1918.2800000 1927.82987  0.50%   158    7s
H  297   286                    1919.1600000 1927.82987  0.45%   120    9s
   300   284 1927.26929    5  810 1919.16000 1927.81626  0.45%   121   10s

Cutting planes:
  Cover: 101
  Clique: 8
  MIR: 12
  StrongCG: 2
  Zero half: 52
  RLT: 32
  Relax-and-lift: 4
  PSD: 2

Explored 521 nodes (66305 simplex iterations) in 15.00 seconds (14.73 work units)
Thread count was 1 (of 4 available processors)

Solution count 10: 1919.16 1918.28 1917.4 ... 1907.76

Time limit reached
Best objective 1.919160000000e+03, best bound 1.927800000000e+03, gap 0.4502%
Set parameter TimeLimit to value 15
Gurobi Optimizer version 12.0.3 build v12.0.3rc0 (win64 - Windows 10.0 (19045.2))

CPU model: Intel(R) Core(TM) i5-7400 CPU @ 3.00GHz, instruction set [SSE2|AVX|AVX2]
Thread count: 4 physical cores, 4 logical processors, using up to 1 threads

Non-default parameters:
TimeLimit  15
LogToConsole  0
Threads  1

Academic license 2699416 - for non-commercial use only - registered to pa___@id.uff.br
Optimize a model with 2785 rows, 1405 columns and 14364 nonzeros
Model fingerprint: 0x0cf218d7
Variable types: 1 continuous, 1404 integer (1404 binary)
Coefficient statistics:
  Matrix range     [1e+00, 9e+02]
  Objective range  [2e+00, 3e+01]
  Bounds range     [1e+00, 2e+03]
  RHS range        [2e+03, 2e+03]

User MIP start produced solution with objective -6.03961e-13 (0.01s)
Loaded user MIP start with objective -6.03961e-13
MIP start from previous solve did not produce a new incumbent solution

Presolve removed 160 rows and 23 columns
Presolve time: 0.06s
Presolved: 2625 rows, 1382 columns, 13335 nonzeros
Variable types: 0 continuous, 1382 integer (1380 binary)

Root relaxation: objective 2.786546e+02, 2713 iterations, 0.35 seconds (0.34 work units)

    Nodes    |    Current Node    |     Objective Bounds      |     Work
 Expl Unexpl |  Obj  Depth IntInf | Incumbent    BestBd   Gap | It/Node Time

     0     0  278.65460    0 1007   -0.00000  278.65460      -     -    0s
H    0     0                       8.9020979  278.65460  3030%     -    0s
H    0     0                      12.9020979  278.65460  2060%     -    0s
     0     0  224.69737    0 1070   12.90210  224.69737  1642%     -    1s
     0     0  222.88200    0 1052   12.90210  222.88200  1627%     -    1s
     0     0  222.76518    0 1055   12.90210  222.76518  1627%     -    1s
     0     0  222.76010    0 1059   12.90210  222.76010  1627%     -    1s
     0     0  218.41853    0 1035   12.90210  218.41853  1593%     -    1s
     0     0  217.47832    0 1045   12.90210  217.47832  1586%     -    1s
     0     0  217.43104    0 1058   12.90210  217.43104  1585%     -    1s
     0     0  217.37086    0 1075   12.90210  217.37086  1585%     -    1s
     0     0  217.36847    0 1057   12.90210  217.36847  1585%     -    1s
     0     0  215.76462    0 1075   12.90210  215.76462  1572%     -    1s
     0     0  215.57430    0 1062   12.90210  215.57430  1571%     -    1s
     0     0  215.56415    0 1045   12.90210  215.56415  1571%     -    1s
     0     0  214.55538    0 1078   12.90210  214.55538  1563%     -    2s
     0     0  214.33512    0 1076   12.90210  214.33512  1561%     -    2s
     0     0  214.33512    0 1085   12.90210  214.33512  1561%     -    2s
     0     0  214.10074    0 1070   12.90210  214.10074  1559%     -    2s
     0     0  214.08119    0 1070   12.90210  214.08119  1559%     -    2s
     0     0  214.08052    0 1070   12.90210  214.08052  1559%     -    2s
     0     0  213.61043    0 1072   12.90210  213.61043  1556%     -    2s
H    0     0                      31.1118881  213.57737   586%     -    2s
     0     0  213.53828    0 1072   31.11189  213.53828   586%     -    2s
     0     0  213.53570    0 1066   31.11189  213.53570   586%     -    2s
     0     0  213.50154    0 1066   31.11189  213.50154   586%     -    3s
     0     0  213.47896    0 1070   31.11189  213.47896   586%     -    3s
     0     0  213.41919    0 1069   31.11189  213.41919   586%     -    3s
     0     0  213.41833    0 1068   31.11189  213.41833   586%     -    3s
H    0     0                      44.5174825  213.41652   379%     -    3s
H    0     0                      45.1188811  213.41652   373%     -    3s
H    0     0                      47.6223776  213.41652   348%     -    3s
H    0     0                      52.2237762  213.41652   309%     -    3s
H    0     0                      52.3356643  213.41652   308%     -    3s
     0     2  213.41652    0 1068   52.33566  213.41652   308%     -    3s
    18    20  185.67603    9  895   52.33566  208.10786   298%   419    5s
H   26    26                      52.9370629  208.10786   293%   390    5s
H   26    26                      56.9370629  208.10786   266%   390    5s
H   26    26                      57.9370629  208.10786   259%   390    5s
H   26    26                      64.2377622  208.10786   224%   390    5s
H   26    26                      70.9370629  208.10786   193%   390    5s
H   81    81                      71.9370629  208.10786   189%   245    6s
H   81    81                      73.2377622  208.10786   184%   245    6s
H  104   104                      73.5384615  208.10786   183%   221    7s
H  104   104                      76.1398601  208.10786   173%   221    7s
H  104   104                      77.7412587  208.10786   168%   221    8s
H  104   104                      82.0419580  208.10786   154%   221    8s
   162   164  116.28482  101  486   82.04196  208.10786   154%   176   10s
H  245   229                      86.9440559  208.10786   139%   138   10s
H  299   281                      87.0419580  207.42126   138%   163   13s
H  299   277                      88.6433566  207.42126   134%   163   13s
H  326   302                      89.2447552  207.42126   132%   163   14s
H  326   297                      91.2447552  207.42126   127%   163   14s

Cutting planes:
  Cover: 123
  Clique: 9
  MIR: 20
  StrongCG: 2
  Zero half: 28
  RLT: 66
  Relax-and-lift: 6
  BQP: 1
  PSD: 3

Explored 342 nodes (62706 simplex iterations) in 15.00 seconds (14.42 work units)
Thread count was 1 (of 4 available processors)

Solution count 10: 91.2448 89.2448 88.6434 ... 73.2378

Time limit reached
Best objective 9.124475524476e+01, best bound 2.058531468531e+02, gap 125.6055%
Set parameter TimeLimit to value 15
Gurobi Optimizer version 12.0.3 build v12.0.3rc0 (win64 - Windows 10.0 (19045.2))

CPU model: Intel(R) Core(TM) i5-7400 CPU @ 3.00GHz, instruction set [SSE2|AVX|AVX2]
Thread count: 4 physical cores, 4 logical processors, using up to 1 threads

Non-default parameters:
TimeLimit  15
LogToConsole  0
Threads  1

Academic license 2699416 - for non-commercial use only - registered to pa___@id.uff.br
Optimize a model with 2785 rows, 1405 columns and 14364 nonzeros
Model fingerprint: 0xf7d2043a
Variable types: 1 continuous, 1404 integer (1404 binary)
Coefficient statistics:
  Matrix range     [1e+00, 9e+02]
  Objective range  [2e+00, 3e+01]
  Bounds range     [1e+00, 2e+03]
  RHS range        [2e+03, 2e+03]

User MIP start produced solution with objective 1.42109e-13 (0.01s)
Loaded user MIP start with objective 1.42109e-13
MIP start from previous solve did not produce a new incumbent solution

Presolve removed 160 rows and 23 columns
Presolve time: 0.10s
Presolved: 2625 rows, 1382 columns, 13335 nonzeros
Variable types: 0 continuous, 1382 integer (1380 binary)

Root relaxation: objective 1.925560e+02, 3198 iterations, 0.46 seconds (0.45 work units)

    Nodes    |    Current Node    |     Objective Bounds      |     Work
 Expl Unexpl |  Obj  Depth IntInf | Incumbent    BestBd   Gap | It/Node Time

     0     0  192.55598    0 1029    0.00000  192.55598      -     -    0s
     0     0  145.08935    0 1073    0.00000  145.08935      -     -    1s
     0     0  143.00913    0 1059    0.00000  143.00913      -     -    1s
     0     0  142.95143    0 1058    0.00000  142.95143      -     -    1s
     0     0  135.25872    0 1086    0.00000  135.25872      -     -    1s
     0     0  134.06947    0 1050    0.00000  134.06947      -     -    1s
     0     0  133.67332    0 1072    0.00000  133.67332      -     -    1s
     0     0  133.66191    0 1060    0.00000  133.66191      -     -    1s
     0     0  131.07118    0 1089    0.00000  131.07118      -     -    2s
     0     0  130.96196    0 1092    0.00000  130.96196      -     -    2s
     0     0  130.95985    0 1088    0.00000  130.95985      -     -    2s
     0     0  130.64198    0 1080    0.00000  130.64198      -     -    2s
     0     0  130.61093    0 1084    0.00000  130.61093      -     -    2s
     0     0  130.60825    0 1084    0.00000  130.60825      -     -    2s
     0     0  130.43084    0 1079    0.00000  130.43084      -     -    2s
     0     0  130.39513    0 1091    0.00000  130.39513      -     -    2s
     0     0  130.39114    0 1093    0.00000  130.39114      -     -    2s
     0     0  129.94731    0 1083    0.00000  129.94731      -     -    3s
H    0     0                       3.8227848  129.85993  3297%     -    3s
H    0     0                       4.3670886  129.85993  2874%     -    3s
H    0     0                       5.1898734  129.85993  2402%     -    3s
     0     0  129.85993    0 1095    5.18987  129.85993  2402%     -    3s
     0     0  129.78651    0 1085    5.18987  129.78651  2401%     -    3s
     0     0  129.77493    0 1091    5.18987  129.77493  2401%     -    3s
     0     0  129.59933    0 1097    5.18987  129.59933  2397%     -    3s
     0     0  129.57509    0 1097    5.18987  129.57509  2397%     -    3s
H    0     0                       9.1898734  129.57509  1310%     -    4s
     0     2  129.57509    0 1097    9.18987  129.57509  1310%     -    4s
     7     9  118.05033    4 1032    9.18987  122.54172  1233%   450    5s
H   26    26                       9.6455696  122.54172  1170%   436    6s
H   78    78                      11.1012658  122.54172  1004%   343    8s
H   78    78                      14.5569620  122.54172   742%   343    8s
H   78    78                      16.8607595  122.54172   627%   343    9s
H   78    78                      20.3164557  122.54172   503%   343    9s
H   78    78                      25.9493671  122.54172   372%   343    9s
H   78    78                      28.5949367  122.54172   329%   343   10s
   188   178   77.75345   15  977   28.59494  122.54168   329%   267   15s

Cutting planes:
  Gomory: 1
  Cover: 107
  Clique: 6
  MIR: 11
  Zero half: 27
  RLT: 80
  Relax-and-lift: 7
  BQP: 1

Explored 189 nodes (57489 simplex iterations) in 15.00 seconds (14.58 work units)
Thread count was 1 (of 4 available processors)

Solution count 10: 28.5949 25.9494 20.3165 ... 4.36709

Time limit reached
Best objective 2.859493670886e+01, best bound 1.225316455696e+02, gap 328.5082%
Set parameter TimeLimit to value 15
Gurobi Optimizer version 12.0.3 build v12.0.3rc0 (win64 - Windows 10.0 (19045.2))

CPU model: Intel(R) Core(TM) i5-7400 CPU @ 3.00GHz, instruction set [SSE2|AVX|AVX2]
Thread count: 4 physical cores, 4 logical processors, using up to 1 threads

Non-default parameters:
TimeLimit  15
LogToConsole  0
Threads  1

Academic license 2699416 - for non-commercial use only - registered to pa___@id.uff.br
Optimize a model with 2785 rows, 1405 columns and 14364 nonzeros
Model fingerprint: 0xa9d08ed0
Variable types: 1 continuous, 1404 integer (1404 binary)
Coefficient statistics:
  Matrix range     [1e+00, 9e+02]
  Objective range  [2e+00, 3e+01]
  Bounds range     [1e+00, 2e+03]
  RHS range        [2e+03, 2e+03]

User MIP start produced solution with objective -0 (0.01s)
Loaded user MIP start with objective -0
MIP start from previous solve did not produce a new incumbent solution

Presolve removed 160 rows and 23 columns
Presolve time: 0.06s
Presolved: 2625 rows, 1382 columns, 13335 nonzeros
Variable types: 0 continuous, 1382 integer (1380 binary)

Root relaxation: objective 1.445199e+02, 3022 iterations, 0.40 seconds (0.40 work units)

    Nodes    |    Current Node    |     Objective Bounds      |     Work
 Expl Unexpl |  Obj  Depth IntInf | Incumbent    BestBd   Gap | It/Node Time

     0     0  144.51986    0 1039   -0.00000  144.51986      -     -    0s
H    0     0                       0.7500000  144.51986      -     -    0s
     0     0   99.69407    0 1076    0.75000   99.69407      -     -    1s
     0     0   98.49143    0 1102    0.75000   98.49143      -     -    1s
     0     0   98.33763    0 1102    0.75000   98.33763      -     -    1s
     0     0   91.13268    0 1068    0.75000   91.13268      -     -    1s
     0     0   90.79397    0 1058    0.75000   90.79397      -     -    1s
     0     0   90.70745    0 1069    0.75000   90.70745      -     -    1s
     0     0   90.70633    0 1069    0.75000   90.70633      -     -    1s
     0     0   87.64199    0 1101    0.75000   87.64199      -     -    2s
H    0     0                       1.7500000   87.62674  4907%     -    2s
     0     0   87.31127    0 1104    1.75000   87.31127  4889%     -    2s
     0     0   87.26388    0 1105    1.75000   87.26388  4887%     -    2s
     0     0   87.24828    0 1101    1.75000   87.24828  4886%     -    2s
     0     0   85.39345    0 1082    1.75000   85.39345  4780%     -    2s
     0     0   85.31433    0 1084    1.75000   85.31433  4775%     -    2s
     0     0   85.29171    0 1084    1.75000   85.29171  4774%     -    2s
     0     0   85.28993    0 1100    1.75000   85.28993  4774%     -    2s
     0     0   85.04673    0 1104    1.75000   85.04673  4760%     -    3s
H    0     0                       4.2500000   85.04267  1901%     -    3s
     0     0   85.03245    0 1112    4.25000   85.03245  1901%     -    3s
     0     0   83.88205    0 1095    4.25000   83.88205  1874%     -    3s
H    0     0                       5.2500000   83.85946  1497%     -    3s
H    0     0                       9.0000000   83.85946   832%     -    3s
H    0     0                       9.5000000   83.85946   783%     -    3s
     0     0   83.85874    0 1104    9.50000   83.85874   783%     -    3s
     0     0   83.85559    0 1104    9.50000   83.85559   783%     -    3s
     0     0   83.46967    0 1091    9.50000   83.46967   779%     -    3s
     0     0   83.43982    0 1072    9.50000   83.43982   778%     -    3s
     0     0   83.43857    0 1071    9.50000   83.43857   778%     -    3s
     0     0   83.43758    0 1070    9.50000   83.43758   778%     -    4s
     0     0   83.42211    0 1072    9.50000   83.42211   778%     -    4s
     0     0   83.42211    0 1072    9.50000   83.42211   778%     -    4s
     0     0   83.42211    0 1069    9.50000   83.42211   778%     -    4s
     0     2   83.32029    0 1069    9.50000   83.32029   777%     -    5s
   128   116   71.77221    2 1094    9.50000   77.47539   716%   243   10s
H  142   121                      12.0000000   77.47539   546%   245   10s

Cutting planes:
  Cover: 120
  Clique: 6
  MIR: 21
  StrongCG: 2
  Zero half: 24
  Mod-K: 1
  RLT: 96
  Relax-and-lift: 8
  PSD: 1

Explored 227 nodes (62585 simplex iterations) in 15.00 seconds (14.77 work units)
Thread count was 1 (of 4 available processors)

Solution count 8: 12 9.5 9 ... -0

Time limit reached
Best objective 1.200000000000e+01, best bound 7.150000000000e+01, gap 495.8333%
Set parameter TimeLimit to value 0

Gurobi 12.0.3 (win64, Java) logging started Wed Aug 27 13:24:42 2025

Set parameter LogToConsole to value 0
Set parameter WLSAccessID
Set parameter WLSSecret
Set parameter LicenseID to value 2699416
Set parameter TimeLimit to value 15
Set parameter LogFile to value "mip1.log"
Set parameter Threads to value 1
Academic license 2699416 - for non-commercial use only - registered to pa___@id.uff.br
Gurobi Optimizer version 12.0.3 build v12.0.3rc0 (win64 - Windows 10.0 (19045.2))

CPU model: Intel(R) Core(TM) i5-7400 CPU @ 3.00GHz, instruction set [SSE2|AVX|AVX2]
Thread count: 4 physical cores, 4 logical processors, using up to 1 threads

Non-default parameters:
TimeLimit  15
LogToConsole  0
Threads  1

Academic license 2699416 - for non-commercial use only - registered to pa___@id.uff.br
Optimize a model with 338 rows, 476 columns and 1978 nonzeros
Model fingerprint: 0x28bb738e
Variable types: 1 continuous, 475 integer (475 binary)
Coefficient statistics:
  Matrix range     [1e+00, 1e+02]
  Objective range  [1e-01, 3e+01]
  Bounds range     [1e+00, 1e+02]
  RHS range        [2e+02, 2e+02]

User MIP start produced solution with objective -6.55032e-15 (0.01s)
Loaded user MIP start with objective -6.55032e-15

Presolve removed 18 rows and 72 columns
Presolve time: 0.01s
Presolved: 320 rows, 404 columns, 1806 nonzeros
Found heuristic solution: objective 7.3684211
Variable types: 0 continuous, 404 integer (403 binary)
Found heuristic solution: objective 33.3684211

Root relaxation: objective 1.744451e+02, 306 iterations, 0.01 seconds (0.00 work units)

    Nodes    |    Current Node    |     Objective Bounds      |     Work
 Expl Unexpl |  Obj  Depth IntInf | Incumbent    BestBd   Gap | It/Node Time

     0     0  174.44508    0   98   33.36842  174.44508   423%     -    0s
H    0     0                     141.7368421  174.44508  23.1%     -    0s
H    0     0                     149.2105263  174.44508  16.9%     -    0s
H    0     0                     151.2631579  174.44508  15.3%     -    0s
H    0     0                     172.8947368  174.44508  0.90%     -    0s
     0     0  174.26211    0  141  172.89474  174.26211  0.79%     -    0s
H    0     0                     173.7368421  174.26106  0.30%     -    0s
     0     0  174.23759    0  136  173.73684  174.23759  0.29%     -    0s
     0     0  174.22093    0   88  173.73684  174.22093  0.28%     -    0s
     0     0  174.20638    0  119  173.73684  174.20638  0.27%     -    0s
     0     0  174.20464    0  114  173.73684  174.20464  0.27%     -    0s
     0     0  174.19378    0  111  173.73684  174.19378  0.26%     -    0s
H    0     0                     173.8421053  174.19361  0.20%     -    0s
     0     0  174.19036    0   98  173.84211  174.19036  0.20%     -    0s
     0     0  174.18717    0  132  173.84211  174.18717  0.20%     -    0s
     0     0  174.18503    0  132  173.84211  174.18503  0.20%     -    0s
     0     0  174.18503    0  128  173.84211  174.18503  0.20%     -    0s
H    0     0                     173.9473684  174.18503  0.14%     -    0s
     0     0  174.18503    0  128  173.94737  174.18503  0.14%     -    0s
     0     0  174.18503    0  128  173.94737  174.18503  0.14%     -    0s
     0     0  174.18481    0  126  173.94737  174.18481  0.14%     -    0s
H    0     0                     174.0526316  174.18476  0.08%     -    0s
     0     0  174.18473    0   75  174.05263  174.18473  0.08%     -    0s
     0     0  174.18473    0  114  174.05263  174.18473  0.08%     -    0s
     0     0  174.18473    0  134  174.05263  174.18473  0.08%     -    0s
     0     0  174.18473    0  125  174.05263  174.18473  0.08%     -    0s
     0     0  174.18412    0  114  174.05263  174.18412  0.08%     -    0s
     0     0  174.18176    0  107  174.05263  174.18176  0.07%     -    0s
     0     0  174.18126    0  112  174.05263  174.18126  0.07%     -    0s
     0     0  174.18064    0  114  174.05263  174.18064  0.07%     -    0s
     0     0  174.18054    0  114  174.05263  174.18054  0.07%     -    0s
     0     0  174.18054    0  115  174.05263  174.18054  0.07%     -    0s
     0     0  174.17742    0  115  174.05263  174.17742  0.07%     -    0s
     0     2  174.17742    0  115  174.05263  174.17742  0.07%     -    0s

Cutting planes:
  Cover: 20
  MIR: 12
  Zero half: 15
  RLT: 1
  Relax-and-lift: 1

Explored 187 nodes (4156 simplex iterations) in 0.61 seconds (0.24 work units)
Thread count was 1 (of 4 available processors)

Solution count 10: 174.053 173.947 173.842 ... 7.36842

Optimal solution found (tolerance 1.00e-04)
Best objective 1.740526315789e+02, best bound 1.740526315789e+02, gap 0.0000%
Set parameter TimeLimit to value 15
Gurobi Optimizer version 12.0.3 build v12.0.3rc0 (win64 - Windows 10.0 (19045.2))

CPU model: Intel(R) Core(TM) i5-7400 CPU @ 3.00GHz, instruction set [SSE2|AVX|AVX2]
Thread count: 4 physical cores, 4 logical processors, using up to 1 threads

Non-default parameters:
TimeLimit  15
LogToConsole  0
Threads  1

Academic license 2699416 - for non-commercial use only - registered to pa___@id.uff.br
Optimize a model with 338 rows, 476 columns and 1978 nonzeros
Model fingerprint: 0xfd58baea
Variable types: 1 continuous, 475 integer (475 binary)
Coefficient statistics:
  Matrix range     [1e+00, 1e+02]
  Objective range  [2e+00, 3e+01]
  Bounds range     [1e+00, 1e+02]
  RHS range        [2e+02, 2e+02]

User MIP start produced solution with objective 1.59872e-14 (0.01s)
Loaded user MIP start with objective 1.59872e-14
MIP start from previous solve did not produce a new incumbent solution

Presolve removed 18 rows and 72 columns
Presolve time: 0.01s
Presolved: 320 rows, 404 columns, 1806 nonzeros
Variable types: 0 continuous, 404 integer (403 binary)

Root relaxation: objective 3.640414e+01, 150 iterations, 0.00 seconds (0.00 work units)

    Nodes    |    Current Node    |     Objective Bounds      |     Work
 Expl Unexpl |  Obj  Depth IntInf | Incumbent    BestBd   Gap | It/Node Time

     0     0   36.40414    0   15    0.00000   36.40414      -     -    0s
H    0     0                       5.8571429   36.40414   522%     -    0s
H    0     0                       9.1428571   36.40414   298%     -    0s
H    0     0                      22.1428571   36.40414  64.4%     -    0s
H    0     0                      26.1428571   36.40414  39.3%     -    0s
H    0     0                      27.4642857   36.40414  32.6%     -    0s
     0     0 infeasible    0        27.46429   27.46429  0.00%     -    0s

Cutting planes:
  Gomory: 3
  Cover: 8
  Clique: 1
  MIR: 2
  RLT: 2
  Relax-and-lift: 1

Explored 1 nodes (191 simplex iterations) in 0.03 seconds (0.01 work units)
Thread count was 1 (of 4 available processors)

Solution count 6: 27.4643 26.1429 22.1429 ... 1.59872e-14

Optimal solution found (tolerance 1.00e-04)
Best objective 2.746428571429e+01, best bound 2.746428571429e+01, gap 0.0000%
Set parameter TimeLimit to value 15
Gurobi Optimizer version 12.0.3 build v12.0.3rc0 (win64 - Windows 10.0 (19045.2))

CPU model: Intel(R) Core(TM) i5-7400 CPU @ 3.00GHz, instruction set [SSE2|AVX|AVX2]
Thread count: 4 physical cores, 4 logical processors, using up to 1 threads

Non-default parameters:
TimeLimit  15
LogToConsole  0
Threads  1

Academic license 2699416 - for non-commercial use only - registered to pa___@id.uff.br
Optimize a model with 338 rows, 476 columns and 1978 nonzeros
Model fingerprint: 0x295de09d
Variable types: 1 continuous, 475 integer (475 binary)
Coefficient statistics:
  Matrix range     [1e+00, 1e+02]
  Objective range  [2e+00, 3e+01]
  Bounds range     [1e+00, 1e+02]
  RHS range        [2e+02, 2e+02]

User MIP start produced solution with objective -0 (0.01s)
Loaded user MIP start with objective -0
MIP start from previous solve did not produce a new incumbent solution

Presolve removed 18 rows and 72 columns
Presolve time: 0.01s
Presolved: 320 rows, 404 columns, 1806 nonzeros
Variable types: 0 continuous, 404 integer (403 binary)

Root relaxation: objective 1.963408e+01, 75 iterations, 0.00 seconds (0.00 work units)

    Nodes    |    Current Node    |     Objective Bounds      |     Work
 Expl Unexpl |  Obj  Depth IntInf | Incumbent    BestBd   Gap | It/Node Time

     0     0   19.63408    0   22   -0.00000   19.63408      -     -    0s
H    0     0                       0.7272727   19.63408  2600%     -    0s
H    0     0                       1.9090909   19.63408   928%     -    0s
H    0     0                       6.0909091   19.63408   222%     -    0s
     0     0   14.67907    0   30    6.09091   14.67907   141%     -    0s
H    0     0                       9.7272727   14.42586  48.3%     -    0s
     0     0   13.70123    0   26    9.72727   13.70123  40.9%     -    0s
     0     0   13.62077    0   26    9.72727   13.62077  40.0%     -    0s
     0     0   13.60737    0   26    9.72727   13.60737  39.9%     -    0s
     0     0   13.60490    0   26    9.72727   13.60490  39.9%     -    0s
     0     0   12.71622    0   28    9.72727   12.71622  30.7%     -    0s
     0     0   12.71622    0    7    9.72727   12.71622  30.7%     -    0s
     0     0   12.71622    0   19    9.72727   12.71622  30.7%     -    0s
     0     0   11.78632    0   18    9.72727   11.78632  21.2%     -    0s
     0     0     cutoff    0         9.72727    9.72727  0.00%     -    0s

Cutting planes:
  Gomory: 1
  Cover: 4
  Implied bound: 2
  Clique: 4
  MIR: 3
  GUB cover: 1
  Zero half: 1
  RLT: 1
  Relax-and-lift: 2

Explored 1 nodes (217 simplex iterations) in 0.08 seconds (0.02 work units)
Thread count was 1 (of 4 available processors)

Solution count 7: 9.72727 6.09091 2.09091 ... -2.09091

Optimal solution found (tolerance 1.00e-04)
Best objective 9.727272727273e+00, best bound 9.727272727273e+00, gap 0.0000%
Set parameter TimeLimit to value 15
Gurobi Optimizer version 12.0.3 build v12.0.3rc0 (win64 - Windows 10.0 (19045.2))

CPU model: Intel(R) Core(TM) i5-7400 CPU @ 3.00GHz, instruction set [SSE2|AVX|AVX2]
Thread count: 4 physical cores, 4 logical processors, using up to 1 threads

Non-default parameters:
TimeLimit  15
LogToConsole  0
Threads  1

Academic license 2699416 - for non-commercial use only - registered to pa___@id.uff.br
Optimize a model with 338 rows, 476 columns and 1978 nonzeros
Model fingerprint: 0x2a9d841e
Variable types: 1 continuous, 475 integer (475 binary)
Coefficient statistics:
  Matrix range     [1e+00, 1e+02]
  Objective range  [2e+00, 3e+01]
  Bounds range     [1e+00, 1e+02]
  RHS range        [2e+02, 2e+02]

User MIP start produced solution with objective -0 (0.04s)
Loaded user MIP start with objective -0
MIP start from previous solve did not produce a new incumbent solution

Presolve removed 18 rows and 72 columns
Presolve time: 0.01s
Presolved: 320 rows, 404 columns, 1806 nonzeros
Variable types: 0 continuous, 404 integer (403 binary)

Root relaxation: objective 1.389140e+01, 48 iterations, 0.00 seconds (0.00 work units)

    Nodes    |    Current Node    |     Objective Bounds      |     Work
 Expl Unexpl |  Obj  Depth IntInf | Incumbent    BestBd   Gap | It/Node Time

     0     0   13.89140    0   21   -0.00000   13.89140      -     -    0s
     0     0    8.51044    0   28   -0.00000    8.51044      -     -    0s
     0     0    7.65625    0   14   -0.00000    7.65625      -     -    0s
     0     0    6.43069    0   28   -0.00000    6.43069      -     -    0s
     0     0    6.43069    0   20   -0.00000    6.43069      -     -    0s
     0     0    6.43069    0   20   -0.00000    6.43069      -     -    0s
     0     0    6.16277    0   32   -0.00000    6.16277      -     -    0s
     0     0    6.01340    0   28   -0.00000    6.01340      -     -    0s
     0     0    6.01203    0   26   -0.00000    6.01203      -     -    0s
     0     0    6.00771    0   26   -0.00000    6.00771      -     -    0s
     0     0    4.29717    0   25   -0.00000    4.29717      -     -    0s
     0     0    4.29717    0   23   -0.00000    4.29717      -     -    0s
     0     0    4.29717    0   23   -0.00000    4.29717      -     -    0s
     0     0    4.29717    0   23   -0.00000    4.29717      -     -    0s
     0     0    4.29717    0   24   -0.00000    4.29717      -     -    0s
     0     0    4.29717    0   24   -0.00000    4.29717      -     -    0s
     0     0    4.00534    0   19   -0.00000    4.00534      -     -    0s
     0     0    3.78197    0   22   -0.00000    3.78197      -     -    0s
     0     0    3.78197    0   27   -0.00000    3.78197      -     -    0s
     0     0    3.77010    0   29   -0.00000    3.77010      -     -    0s
     0     0    3.52367    0   24   -0.00000    3.52367      -     -    0s
     0     0    3.23770    0   26   -0.00000    3.23770      -     -    0s
     0     0    3.23770    0   28   -0.00000    3.23770      -     -    0s
     0     0    3.23770    0   28   -0.00000    3.23770      -     -    0s
     0     0    3.23770    0   29   -0.00000    3.23770      -     -    0s
     0     0    3.23770    0   29   -0.00000    3.23770      -     -    0s
     0     2    3.13212    0   29   -0.00000    3.13212      -     -    0s

Cutting planes:
  Gomory: 1
  Cover: 5
  Clique: 1
  MIR: 4
  StrongCG: 2
  RLT: 2
  Relax-and-lift: 2

Explored 7 nodes (392 simplex iterations) in 0.21 seconds (0.03 work units)
Thread count was 1 (of 4 available processors)

Solution count 1: -0 
No other solutions better than -0

Optimal solution found (tolerance 1.00e-04)
Best objective -0.000000000000e+00, best bound -0.000000000000e+00, gap 0.0000%

Gurobi 12.0.3 (win64, Java) logging started Wed Aug 27 13:24:44 2025

Set parameter LogToConsole to value 0
Set parameter WLSAccessID
Set parameter WLSSecret
Set parameter LicenseID to value 2699416
Set parameter TimeLimit to value 15
Set parameter LogFile to value "mip1.log"
Set parameter Threads to value 1
Academic license 2699416 - for non-commercial use only - registered to pa___@id.uff.br
Gurobi Optimizer version 12.0.3 build v12.0.3rc0 (win64 - Windows 10.0 (19045.2))

CPU model: Intel(R) Core(TM) i5-7400 CPU @ 3.00GHz, instruction set [SSE2|AVX|AVX2]
Thread count: 4 physical cores, 4 logical processors, using up to 1 threads

Non-default parameters:
TimeLimit  15
LogToConsole  0
Threads  1

Academic license 2699416 - for non-commercial use only - registered to pa___@id.uff.br
Optimize a model with 7526 rows, 8789 columns and 38941 nonzeros
Model fingerprint: 0x933dd082
Variable types: 1 continuous, 8788 integer (8788 binary)
Coefficient statistics:
  Matrix range     [1e+00, 8e+02]
  Objective range  [1e+00, 2e+01]
  Bounds range     [1e+00, 3e+03]
  RHS range        [5e+03, 5e+03]

User MIP start produced solution with objective -6.10179e-13 (0.02s)
Loaded user MIP start with objective -6.10179e-13

Presolve removed 49 rows and 888 columns
Presolve time: 0.30s
Presolved: 7477 rows, 7901 columns, 36990 nonzeros
Found heuristic solution: objective 3113.2179177
Variable types: 0 continuous, 7901 integer (7469 binary)
Found heuristic solution: objective 3259.4648910

Root relaxation: objective 4.358739e+03, 11965 iterations, 1.36 seconds (1.80 work units)

    Nodes    |    Current Node    |     Objective Bounds      |     Work
 Expl Unexpl |  Obj  Depth IntInf | Incumbent    BestBd   Gap | It/Node Time

     0     0 4358.73918    0 3920 3259.46489 4358.73918  33.7%     -    1s
H    0     0                    3936.5108959 4358.73918  10.7%     -    1s
H    0     0                    4104.0411622 4358.73918  6.21%     -    1s
H    0     0                    4213.7263923 4358.73918  3.44%     -    1s
H    0     0                    4261.2566586 4358.73918  2.29%     -    1s
     0     0 4349.75319    0 4455 4261.25666 4349.75319  2.08%     -    4s
H    0     0                    4268.5690073 4349.75091  1.90%     -    4s
     0     0 4349.36959    0 4438 4268.56901 4349.36959  1.89%     -    5s
     0     0 4349.34453    0 4422 4268.56901 4349.34453  1.89%     -    5s
     0     0 4349.34149    0 4421 4268.56901 4349.34149  1.89%     -    5s
     0     0 4349.34147    0 4422 4268.56901 4349.34147  1.89%     -    5s
     0     0 4348.13356    0 4295 4268.56901 4348.13356  1.86%     -    7s
     0     0 4347.97630    0 4324 4268.56901 4347.97630  1.86%     -    7s
     0     0 4347.91331    0 4363 4268.56901 4347.91331  1.86%     -    7s
     0     0 4347.90203    0 4409 4268.56901 4347.90203  1.86%     -    7s
     0     0 4347.89702    0 4333 4268.56901 4347.89702  1.86%     -    7s
     0     0 4347.89545    0 4373 4268.56901 4347.89545  1.86%     -    8s
     0     0 4347.59761    0 4392 4268.56901 4347.59761  1.85%     -    8s
H    0     0                    4272.2251816 4347.59627  1.76%     -    8s
     0     0 4347.54249    0 4349 4272.22518 4347.54249  1.76%     -    9s
     0     0 4347.52089    0 4364 4272.22518 4347.52089  1.76%     -    9s
     0     0 4347.51762    0 4328 4272.22518 4347.51762  1.76%     -    9s
     0     0 4347.51589    0 4367 4272.22518 4347.51589  1.76%     -    9s
     0     0 4347.46676    0 4353 4272.22518 4347.46676  1.76%     -    9s
     0     0 4347.44327    0 4395 4272.22518 4347.44327  1.76%     -   10s
     0     0 4347.43450    0 4389 4272.22518 4347.43450  1.76%     -   10s
     0     0 4347.43364    0 4363 4272.22518 4347.43364  1.76%     -   10s
     0     0 4347.35191    0 4331 4272.22518 4347.35191  1.76%     -   10s
     0     0 4347.34831    0 4358 4272.22518 4347.34831  1.76%     -   10s
     0     0 4347.34768    0 4372 4272.22518 4347.34768  1.76%     -   10s
     0     0 4347.32449    0 4577 4272.22518 4347.32449  1.76%     -   11s
H    0     0                    4323.4116223 4347.32214  0.55%     -   11s
H    0     0                    4327.0677966 4347.32214  0.47%     -   11s
H    0     0                    4330.7239709 4347.32214  0.38%     -   11s
     0     0 4347.31385    0 4532 4330.72397 4347.31385  0.38%     -   12s
     0     0 4347.31282    0 4589 4330.72397 4347.31282  0.38%     -   12s
     0     0 4347.22994    0 4595 4330.72397 4347.22994  0.38%     -   12s
     0     0 4347.22513    0 4617 4330.72397 4347.22513  0.38%     -   13s
     0     0 4347.22237    0 4620 4330.72397 4347.22237  0.38%     -   13s
     0     0 4347.16336    0 4601 4330.72397 4347.16336  0.38%     -   13s
     0     0 4347.15934    0 4406 4330.72397 4347.15934  0.38%     -   13s
     0     0 4347.15896    0 4409 4330.72397 4347.15896  0.38%     -   13s
     0     0 4347.13317    0 4381 4330.72397 4347.13317  0.38%     -   14s
     0     0 4347.13091    0 4412 4330.72397 4347.13091  0.38%     -   14s
     0     0 4347.09784    0 4589 4330.72397 4347.09784  0.38%     -   14s
     0     0 4347.09763    0 4584 4330.72397 4347.09763  0.38%     -   15s

Cutting planes:
  Gomory: 2
  Cover: 192
  Implied bound: 4
  Clique: 7
  MIR: 144
  StrongCG: 7
  Zero half: 53
  RLT: 223
  Relax-and-lift: 35

Explored 1 nodes (29040 simplex iterations) in 15.00 seconds (18.53 work units)
Thread count was 1 (of 4 available processors)

Solution count 10: 4330.72 4327.07 4323.41 ... 3259.46

Time limit reached
Best objective 4.330723970944e+03, best bound 4.347097629443e+03, gap 0.3781%
Set parameter TimeLimit to value 15
Gurobi Optimizer version 12.0.3 build v12.0.3rc0 (win64 - Windows 10.0 (19045.2))

CPU model: Intel(R) Core(TM) i5-7400 CPU @ 3.00GHz, instruction set [SSE2|AVX|AVX2]
Thread count: 4 physical cores, 4 logical processors, using up to 1 threads

Non-default parameters:
TimeLimit  15
LogToConsole  0
Threads  1

Academic license 2699416 - for non-commercial use only - registered to pa___@id.uff.br
Optimize a model with 7526 rows, 8789 columns and 38941 nonzeros
Model fingerprint: 0x23be2ab2
Variable types: 1 continuous, 8788 integer (8788 binary)
Coefficient statistics:
  Matrix range     [1e+00, 8e+02]
  Objective range  [1e+00, 7e+01]
  Bounds range     [1e+00, 3e+03]
  RHS range        [5e+03, 5e+03]

User MIP start produced solution with objective -1.27898e-12 (0.05s)
Loaded user MIP start with objective -1.27898e-12
MIP start from previous solve did not produce a new incumbent solution

Presolve removed 49 rows and 888 columns
Presolve time: 0.20s
Presolved: 7477 rows, 7901 columns, 36990 nonzeros
Variable types: 0 continuous, 7901 integer (7469 binary)

Root relaxation: objective 9.551646e+02, 4359 iterations, 0.40 seconds (0.37 work units)

    Nodes    |    Current Node    |     Objective Bounds      |     Work
 Expl Unexpl |  Obj  Depth IntInf | Incumbent    BestBd   Gap | It/Node Time

     0     0  955.16461    0 2930   -0.00000  955.16461      -     -    0s
H    0     0                     117.6811594  955.16461   712%     -    0s
H    0     0                     159.6811594  955.16461   498%     -    0s
     0     0  860.98629    0 3496  159.68116  860.98629   439%     -    1s
     0     0  858.63686    0 3609  159.68116  858.63686   438%     -    2s
     0     0  858.28361    0 3590  159.68116  858.28361   437%     -    2s
     0     0  858.27794    0 3572  159.68116  858.27794   437%     -    2s
     0     0  853.43035    0 3389  159.68116  853.43035   434%     -    2s
     0     0  852.49287    0 3624  159.68116  852.49287   434%     -    2s
     0     0  852.41926    0 3604  159.68116  852.41926   434%     -    2s
     0     0  852.41465    0 3622  159.68116  852.41465   434%     -    2s
     0     0  851.04705    0 3524  159.68116  851.04705   433%     -    3s
     0     0  850.89935    0 3560  159.68116  850.89935   433%     -    3s
     0     0  850.89536    0 3545  159.68116  850.89536   433%     -    3s
     0     0  850.39255    0 3581  159.68116  850.39255   433%     -    3s
     0     0  850.34788    0 3564  159.68116  850.34788   433%     -    3s
     0     0  850.32417    0 3517  159.68116  850.32417   433%     -    3s
     0     0  850.15608    0 3599  159.68116  850.15608   432%     -    4s
     0     0  850.10997    0 3532  159.68116  850.10997   432%     -    4s
     0     0  850.10151    0 3570  159.68116  850.10151   432%     -    4s
     0     0  849.45446    0 3557  159.68116  849.45446   432%     -    4s
H    0     0                     594.7681159  849.45117  42.8%     -    4s
     0     0  849.14745    0 3483  594.76812  849.14745  42.8%     -    4s
     0     0  849.09463    0 3501  594.76812  849.09463  42.8%     -    4s
     0     0  849.07995    0 3503  594.76812  849.07995  42.8%     -    4s
     0     0  848.53866    0 3567  594.76812  848.53866  42.7%     -    5s
H    0     0                     633.6086957  848.52901  33.9%     -    5s
     0     0  848.43712    0 3621  633.60870  848.43712  33.9%     -    5s
     0     0  848.41086    0 3623  633.60870  848.41086  33.9%     -    5s
     0     0  848.27176    0 3578  633.60870  848.27176  33.9%     -    5s
H    0     0                     649.0289855  848.27037  30.7%     -    5s
H    0     0                     669.4492754  848.27037  26.7%     -    5s
H    0     0                     675.8695652  848.27037  25.5%     -    5s
H    0     0                     682.8695652  848.27037  24.2%     -    5s
H    0     0                     778.4927536  848.27037  8.96%     -    5s
H    0     0                     788.0724638  848.27037  7.64%     -    5s
H    0     0                     788.4927536  848.27037  7.58%     -    5s
     0     0  848.23656    0 3609  788.49275  848.23656  7.58%     -    6s
     0     0  848.23152    0 3634  788.49275  848.23152  7.58%     -    6s
     0     0  848.16364    0 3648  788.49275  848.16364  7.57%     -    6s
     0     0  848.15551    0 3640  788.49275  848.15551  7.57%     -    6s
     0     2  848.15468    0 3639  788.49275  848.15468  7.57%     -    7s
    27    29  819.81173   17 3001  788.49275  843.44682  6.97%   492   10s
H   54    54                     789.0724638  843.44682  6.89%   367   11s

Cutting planes:
  Cover: 192
  Clique: 4
  MIR: 184
  StrongCG: 2
  Zero half: 47
  RLT: 121
  Relax-and-lift: 79

Explored 138 nodes (49541 simplex iterations) in 15.00 seconds (15.47 work units)
Thread count was 1 (of 4 available processors)

Solution count 10: 789.072 788.493 788.072 ... 594.768

Time limit reached
Best objective 7.890724637681e+02, best bound 8.434337457914e+02, gap 6.8893%
Set parameter TimeLimit to value 15
Gurobi Optimizer version 12.0.3 build v12.0.3rc0 (win64 - Windows 10.0 (19045.2))

CPU model: Intel(R) Core(TM) i5-7400 CPU @ 3.00GHz, instruction set [SSE2|AVX|AVX2]
Thread count: 4 physical cores, 4 logical processors, using up to 1 threads

Non-default parameters:
TimeLimit  15
LogToConsole  0
Threads  1

Academic license 2699416 - for non-commercial use only - registered to pa___@id.uff.br
Optimize a model with 7526 rows, 8789 columns and 38941 nonzeros
Model fingerprint: 0xe071250f
Variable types: 1 continuous, 8788 integer (8788 binary)
Coefficient statistics:
  Matrix range     [1e+00, 8e+02]
  Objective range  [1e+00, 1e+02]
  Bounds range     [1e+00, 3e+03]
  RHS range        [5e+03, 5e+03]

User MIP start produced solution with objective -1.13687e-13 (0.02s)
Loaded user MIP start with objective -1.13687e-13
MIP start from previous solve did not produce a new incumbent solution

Presolve removed 49 rows and 888 columns
Presolve time: 0.21s
Presolved: 7477 rows, 7901 columns, 36990 nonzeros
Variable types: 0 continuous, 7901 integer (7469 binary)

Root relaxation: objective 3.414895e+02, 1650 iterations, 0.12 seconds (0.10 work units)

    Nodes    |    Current Node    |     Objective Bounds      |     Work
 Expl Unexpl |  Obj  Depth IntInf | Incumbent    BestBd   Gap | It/Node Time

     0     0  341.48951    0 1555   -0.00000  341.48951      -     -    0s
H    0     0                     128.8461538  341.48951   165%     -    0s
     0     0  289.43031    0 1950  128.84615  289.43031   125%     -    1s
     0     0  287.59669    0 2097  128.84615  287.59669   123%     -    1s
     0     0  287.50685    0 2156  128.84615  287.50685   123%     -    1s
     0     0  287.50459    0 2237  128.84615  287.50459   123%     -    1s
     0     0  282.03684    0 2187  128.84615  282.03684   119%     -    2s
     0     0  281.72510    0 2274  128.84615  281.72510   119%     -    2s
     0     0  281.63238    0 2253  128.84615  281.63238   119%     -    2s
     0     0  281.61112    0 2270  128.84615  281.61112   119%     -    2s
     0     0  281.60627    0 2301  128.84615  281.60627   119%     -    2s
     0     0  280.41628    0 2216  128.84615  280.41628   118%     -    2s
H    0     0                     148.6153846  280.41011  88.7%     -    2s
     0     0  280.14731    0 2344  148.61538  280.14731  88.5%     -    2s
     0     0  280.08232    0 2265  148.61538  280.08232  88.5%     -    2s
     0     0  280.05549    0 2234  148.61538  280.05549  88.4%     -    2s
     0     0  280.05291    0 2332  148.61538  280.05291  88.4%     -    2s
     0     0  279.59025    0 2268  148.61538  279.59025  88.1%     -    2s
     0     0  279.49170    0 2370  148.61538  279.49170  88.1%     -    3s
     0     0  279.46964    0 2485  148.61538  279.46964  88.0%     -    3s
     0     0  279.46582    0 2448  148.61538  279.46582  88.0%     -    3s
     0     0  278.89354    0 2185  148.61538  278.89354  87.7%     -    3s
H    0     0                     169.3846154  278.89271  64.7%     -    3s
     0     0  278.87998    0 2214  169.38462  278.87998  64.6%     -    3s
     0     0  278.57563    0 2355  169.38462  278.57563  64.5%     -    3s
H    0     0                     178.6923077  278.55769  55.9%     -    3s
H    0     0                     255.0000000  278.55769  9.24%     -    3s
H    0     0                     256.0000000  278.55769  8.81%     -    3s
H    0     0                     262.0000000  278.55769  6.32%     -    3s
H    0     0                     266.0000000  278.55769  4.72%     -    3s
H    0     0                     268.0000000  278.55769  3.94%     -    3s
     0     0  278.52705    0 2343  268.00000  278.52705  3.93%     -    3s
     0     0  278.50719    0 2379  268.00000  278.50719  3.92%     -    3s
     0     0  278.47076    0 2451  268.00000  278.47076  3.91%     -    3s
     0     0  278.46631    0 2454  268.00000  278.46631  3.91%     -    3s
     0     0  278.30437    0 2389  268.00000  278.30437  3.84%     -    4s
     0     0  278.30437    0 1670  268.00000  278.30437  3.84%     -    4s
     0     0  278.30437    0 2207  268.00000  278.30437  3.84%     -    5s
     0     0  277.22579    0 2256  268.00000  277.22579  3.44%     -    5s
     0     0  276.34010    0 2409  268.00000  276.34010  3.11%     -    5s
     0     0  276.25939    0 2500  268.00000  276.25939  3.08%     -    5s
     0     0  276.09227    0 2480  268.00000  276.09227  3.02%     -    5s
     0     0  276.07029    0 2418  268.00000  276.07029  3.01%     -    5s
     0     0  276.05464    0 2471  268.00000  276.05464  3.01%     -    5s
     0     0  276.05429    0 2423  268.00000  276.05429  3.01%     -    5s
     0     0  275.89627    0 2442  268.00000  275.89627  2.95%     -    6s
     0     0  275.86628    0 2474  268.00000  275.86628  2.94%     -    6s
     0     0  275.86445    0 2447  268.00000  275.86445  2.93%     -    6s
     0     0  275.82359    0 2401  268.00000  275.82359  2.92%     -    6s
     0     0  275.81385    0 2402  268.00000  275.81385  2.92%     -    6s
     0     0  275.77758    0 2437  268.00000  275.77758  2.90%     -    6s
     0     0  275.76621    0 2432  268.00000  275.76621  2.90%     -    6s
     0     0  275.76621    0 1604  268.00000  275.76621  2.90%     -    7s
     0     0  275.76621    0 2106  268.00000  275.76621  2.90%     -    8s
     0     0  275.64095    0 2280  268.00000  275.64095  2.85%     -    8s
     0     0  274.77902    0 2430  268.00000  274.77902  2.53%     -    8s
     0     0  274.43249    0 2333  268.00000  274.43249  2.40%     -    8s
     0     0  274.31275    0 2499  268.00000  274.31275  2.36%     -    8s
     0     0  274.28025    0 2500  268.00000  274.28025  2.34%     -    8s
     0     0  274.27399    0 2501  268.00000  274.27399  2.34%     -    8s
     0     0  274.27023    0 2503  268.00000  274.27023  2.34%     -    8s
     0     0  274.22025    0 2426  268.00000  274.22025  2.32%     -    9s
     0     0  274.17624    0 2470  268.00000  274.17624  2.30%     -    9s
     0     0  274.17624    0 2471  268.00000  274.17624  2.30%     -    9s
     0     0  274.17624    0 2443  268.00000  274.17624  2.30%     -    9s
     0     0  274.16825    0 2469  268.00000  274.16825  2.30%     -    9s
     0     0  274.16825    0 2508  268.00000  274.16825  2.30%     -    9s
     0     0  274.16825    0 2504  268.00000  274.16825  2.30%     -    9s
     0     2  274.15938    0 2504  268.00000  274.15938  2.30%     -   10s

Cutting planes:
  Gomory: 5
  Cover: 46
  MIR: 40
  StrongCG: 4
  Zero half: 31
  RLT: 73
  Relax-and-lift: 13

Explored 17 nodes (12788 simplex iterations) in 10.60 seconds (13.33 work units)
Thread count was 1 (of 4 available processors)

Solution count 10: 268 266 262 ... -1.13687e-13

Optimal solution found (tolerance 1.00e-04)
Best objective 2.680000000000e+02, best bound 2.680000000000e+02, gap 0.0000%
Set parameter TimeLimit to value 15
Gurobi Optimizer version 12.0.3 build v12.0.3rc0 (win64 - Windows 10.0 (19045.2))

CPU model: Intel(R) Core(TM) i5-7400 CPU @ 3.00GHz, instruction set [SSE2|AVX|AVX2]
Thread count: 4 physical cores, 4 logical processors, using up to 1 threads

Non-default parameters:
TimeLimit  15
LogToConsole  0
Threads  1

Academic license 2699416 - for non-commercial use only - registered to pa___@id.uff.br
Optimize a model with 7526 rows, 8789 columns and 38941 nonzeros
Model fingerprint: 0xec1a850b
Variable types: 1 continuous, 8788 integer (8788 binary)
Coefficient statistics:
  Matrix range     [1e+00, 8e+02]
  Objective range  [1e+00, 1e+02]
  Bounds range     [1e+00, 3e+03]
  RHS range        [5e+03, 5e+03]

User MIP start produced solution with objective -0 (0.01s)
Loaded user MIP start with objective -0
MIP start from previous solve did not produce a new incumbent solution

Presolve removed 49 rows and 888 columns
Presolve time: 0.15s
Presolved: 7477 rows, 7901 columns, 36990 nonzeros
Variable types: 0 continuous, 7901 integer (7469 binary)

Root relaxation: objective 8.997113e+01, 719 iterations, 0.18 seconds (0.16 work units)

    Nodes    |    Current Node    |     Objective Bounds      |     Work
 Expl Unexpl |  Obj  Depth IntInf | Incumbent    BestBd   Gap | It/Node Time

     0     0   89.97113    0 1532   -0.00000   89.97113      -     -    0s
     0     0   30.39723    0 2065   -0.00000   30.39723      -     -    0s
     0     0   30.14312    0 2107   -0.00000   30.14312      -     -    0s
     0     0   28.01006    0 2039   -0.00000   28.01006      -     -    1s
     0     0   27.86371    0 2076   -0.00000   27.86371      -     -    1s
     0     0   20.64031    0 2132   -0.00000   20.64031      -     -    2s
     0     0   20.64031    0 1676   -0.00000   20.64031      -     -    2s
     0     0   20.64031    0 1988   -0.00000   20.64031      -     -    4s
     0     0   15.79050    0 2066   -0.00000   15.79050      -     -    4s
     0     0   14.79200    0 2395   -0.00000   14.79200      -     -    4s
     0     0   14.38476    0 2350   -0.00000   14.38476      -     -    4s
     0     0   14.01740    0 2442   -0.00000   14.01740      -     -    4s
     0     0   13.99183    0 2542   -0.00000   13.99183      -     -    4s
     0     0   13.96544    0 2516   -0.00000   13.96544      -     -    4s
     0     0   13.95893    0 2500   -0.00000   13.95893      -     -    5s
     0     0   13.95528    0 2474   -0.00000   13.95528      -     -    5s
     0     0   13.94774    0 2443   -0.00000   13.94774      -     -    5s
     0     0   13.92903    0 2477   -0.00000   13.92903      -     -    5s
     0     0   13.92610    0 2477   -0.00000   13.92610      -     -    5s
     0     0   13.90359    0 2515   -0.00000   13.90359      -     -    5s
     0     0   13.90359    0 2515   -0.00000   13.90359      -     -    5s
     0     0   13.90359    0 2513   -0.00000   13.90359      -     -    5s
     0     0   13.90359    0 1674   -0.00000   13.90359      -     -    6s
     0     0   13.90359    0 2213   -0.00000   13.90359      -     -    8s
     0     0   13.90359    0 2379   -0.00000   13.90359      -     -    8s
     0     0   13.21274    0 2378   -0.00000   13.21274      -     -    8s
     0     0   12.96164    0 2468   -0.00000   12.96164      -     -    8s
     0     0   12.85593    0 2526   -0.00000   12.85593      -     -    8s
     0     0   12.76670    0 2588   -0.00000   12.76670      -     -    8s
     0     0   12.74389    0 2551   -0.00000   12.74389      -     -    8s
     0     0   12.73307    0 2614   -0.00000   12.73307      -     -    8s
     0     0   12.72772    0 2582   -0.00000   12.72772      -     -    8s
     0     0   12.65282    0 2581   -0.00000   12.65282      -     -    8s
     0     0   12.63523    0 2617   -0.00000   12.63523      -     -    8s
     0     0   12.63523    0 2618   -0.00000   12.63523      -     -    9s
     0     0   12.63523    0 2619   -0.00000   12.63523      -     -    9s
     0     0   12.58889    0 2548   -0.00000   12.58889      -     -    9s
     0     0   12.57957    0 2548   -0.00000   12.57957      -     -    9s
     0     2   12.57957    0 2548   -0.00000   12.57957      -     -    9s
     6     8    6.09835    3 1786   -0.00000    9.91317      -   258   10s

Cutting planes:
  Cover: 60
  Clique: 1
  MIR: 57
  StrongCG: 1
  Flow cover: 2
  Zero half: 29
  RLT: 57
  Relax-and-lift: 9

Explored 83 nodes (15116 simplex iterations) in 11.56 seconds (15.08 work units)
Thread count was 1 (of 4 available processors)

Solution count 1: -0 
No other solutions better than -0

Optimal solution found (tolerance 1.00e-04)
Best objective -0.000000000000e+00, best bound -0.000000000000e+00, gap 0.0000%

Gurobi 12.0.3 (win64, Java) logging started Wed Aug 27 13:25:37 2025

Set parameter LogToConsole to value 0
Set parameter WLSAccessID
Set parameter WLSSecret
Set parameter LicenseID to value 2699416
Set parameter TimeLimit to value 15
Set parameter LogFile to value "mip1.log"
Set parameter Threads to value 1
Academic license 2699416 - for non-commercial use only - registered to pa___@id.uff.br
Gurobi Optimizer version 12.0.3 build v12.0.3rc0 (win64 - Windows 10.0 (19045.2))

CPU model: Intel(R) Core(TM) i5-7400 CPU @ 3.00GHz, instruction set [SSE2|AVX|AVX2]
Thread count: 4 physical cores, 4 logical processors, using up to 1 threads

Non-default parameters:
TimeLimit  15
LogToConsole  0
Threads  1

Academic license 2699416 - for non-commercial use only - registered to pa___@id.uff.br
Optimize a model with 10975 rows, 12816 columns and 57216 nonzeros
Model fingerprint: 0x009016c0
Variable types: 1 continuous, 12815 integer (12815 binary)
Coefficient statistics:
  Matrix range     [1e+00, 4e+02]
  Objective range  [1e+00, 2e+01]
  Bounds range     [1e+00, 6e+03]
  RHS range        [8e+03, 8e+03]

User MIP start produced solution with objective -1.00275e-12 (0.02s)
Loaded user MIP start with objective -1.00275e-12

Presolve removed 62 rows and 1446 columns
Presolve time: 0.30s
Presolved: 10913 rows, 11370 columns, 54001 nonzeros
Found heuristic solution: objective 5806.1428571
Variable types: 0 continuous, 11370 integer (10560 binary)
Found heuristic solution: objective 5938.1428571

Root relaxation: objective 7.402715e+03, 15777 iterations, 2.04 seconds (2.60 work units)

    Nodes    |    Current Node    |     Objective Bounds      |     Work
 Expl Unexpl |  Obj  Depth IntInf | Incumbent    BestBd   Gap | It/Node Time

     0     0 7402.71543    0 4867 5938.14286 7402.71543  24.7%     -    2s
H    0     0                    6923.4285714 7402.71543  6.92%     -    2s
H    0     0                    7027.1428571 7402.71543  5.34%     -    2s
H    0     0                    7262.8571429 7402.71543  1.93%     -    2s
H    0     0                    7281.7142857 7402.71543  1.66%     -    2s
     0     0 7380.22884    0 5919 7281.71429 7380.22884  1.35%     -    8s
H    0     0                    7291.1428571 7380.22694  1.22%     -    8s
     0     0 7379.10602    0 6034 7291.14286 7379.10602  1.21%     -    9s
     0     0 7378.98665    0 6052 7291.14286 7378.98665  1.20%     -    9s
     0     0 7378.97269    0 6058 7291.14286 7378.97269  1.20%     -    9s
     0     0 7378.97252    0 6061 7291.14286 7378.97252  1.20%     -    9s
     0     0 7376.57785    0 5784 7291.14286 7376.57785  1.17%     -   12s
     0     0 7376.29756    0 6225 7291.14286 7376.29756  1.17%     -   12s
     0     0 7376.25517    0 6320 7291.14286 7376.25517  1.17%     -   12s
     0     0 7376.23837    0 6294 7291.14286 7376.23837  1.17%     -   13s
     0     0 7376.23380    0 6256 7291.14286 7376.23380  1.17%     -   13s
     0     0 7375.70996    0 5921 7291.14286 7375.70996  1.16%     -   14s
H    0     0                    7295.8571429 7375.70825  1.09%     -   14s
     0     0          -    0      7295.85714 7375.70825  1.09%     -   15s

Cutting planes:
  Gomory: 2
  Cover: 386
  Implied bound: 17
  Clique: 12
  MIR: 193
  StrongCG: 11
  Zero half: 71
  RLT: 380
  Relax-and-lift: 92
  BQP: 1

Explored 1 nodes (35414 simplex iterations) in 15.00 seconds (18.42 work units)
Thread count was 1 (of 4 available processors)

Solution count 9: 7295.86 7291.14 7281.71 ... -1.00275e-12

Time limit reached
Best objective 7.295857142857e+03, best bound 7.375708253487e+03, gap 1.0945%
Set parameter TimeLimit to value 15
Gurobi Optimizer version 12.0.3 build v12.0.3rc0 (win64 - Windows 10.0 (19045.2))

CPU model: Intel(R) Core(TM) i5-7400 CPU @ 3.00GHz, instruction set [SSE2|AVX|AVX2]
Thread count: 4 physical cores, 4 logical processors, using up to 1 threads

Non-default parameters:
TimeLimit  15
LogToConsole  0
Threads  1

Academic license 2699416 - for non-commercial use only - registered to pa___@id.uff.br
Optimize a model with 10975 rows, 12816 columns and 57216 nonzeros
Model fingerprint: 0x3ff3b9a2
Variable types: 1 continuous, 12815 integer (12815 binary)
Coefficient statistics:
  Matrix range     [1e+00, 4e+02]
  Objective range  [1e+00, 8e+01]
  Bounds range     [1e+00, 6e+03]
  RHS range        [8e+03, 8e+03]

User MIP start produced solution with objective -2.27374e-13 (0.02s)
Loaded user MIP start with objective -2.27374e-13
MIP start from previous solve did not produce a new incumbent solution

Presolve removed 62 rows and 1446 columns
Presolve time: 0.21s
Presolved: 10913 rows, 11370 columns, 54001 nonzeros
Variable types: 0 continuous, 11370 integer (10560 binary)

Root relaxation: objective 2.191490e+03, 9628 iterations, 1.48 seconds (1.30 work units)

    Nodes    |    Current Node    |     Objective Bounds      |     Work
 Expl Unexpl |  Obj  Depth IntInf | Incumbent    BestBd   Gap | It/Node Time

     0     0 2191.49023    0 5306   -0.00000 2191.49023      -     -    1s
H    0     0                     725.9574468 2191.49023   202%     -    2s
H    0     0                     787.6170213 2191.49023   178%     -    2s
H    0     0                     788.6170213 2191.49023   178%     -    2s
H    0     0                    1152.6170213 2191.49023  90.1%     -    2s
     0     0 1949.72980    0 6068 1152.61702 1949.72980  69.2%     -    4s
     0     0 1939.13541    0 5849 1152.61702 1939.13541  68.2%     -    5s
     0     0 1938.70248    0 5750 1152.61702 1938.70248  68.2%     -    5s
     0     0 1938.66731    0 5770 1152.61702 1938.66731  68.2%     -    5s
     0     0 1920.46340    0 5893 1152.61702 1920.46340  66.6%     -    6s
     0     0 1917.00323    0 5837 1152.61702 1917.00323  66.3%     -    6s
     0     0 1916.02753    0 5853 1152.61702 1916.02753  66.2%     -    7s
     0     0 1915.84097    0 5997 1152.61702 1915.84097  66.2%     -    7s
     0     0 1915.82691    0 6079 1152.61702 1915.82691  66.2%     -    7s
     0     0 1911.02881    0 5870 1152.61702 1911.02881  65.8%     -    8s
     0     0 1910.12583    0 5896 1152.61702 1910.12583  65.7%     -    8s
     0     0 1909.85003    0 5923 1152.61702 1909.85003  65.7%     -    8s
     0     0 1909.61787    0 5796 1152.61702 1909.61787  65.7%     -    8s
     0     0 1909.57419    0 5919 1152.61702 1909.57419  65.7%     -    8s
     0     0 1905.54738    0 5572 1152.61702 1905.54738  65.3%     -    9s
     0     0 1904.90541    0 5872 1152.61702 1904.90541  65.3%     -    9s
     0     0 1904.65876    0 5798 1152.61702 1904.65876  65.2%     -    9s
     0     0 1904.49823    0 5931 1152.61702 1904.49823  65.2%     -    9s
     0     0 1904.45711    0 5911 1152.61702 1904.45711  65.2%     -    9s
     0     0 1901.37474    0 5927 1152.61702 1901.37474  65.0%     -   10s
     0     0 1900.93363    0 5837 1152.61702 1900.93363  64.9%     -   10s
     0     0 1900.79507    0 5870 1152.61702 1900.79507  64.9%     -   11s
     0     0 1900.73199    0 5923 1152.61702 1900.73199  64.9%     -   11s
     0     0 1899.42897    0 5926 1152.61702 1899.42897  64.8%     -   11s
H    0     0                    1691.5212766 1899.41715  12.3%     -   11s
H    0     0                    1703.8510638 1899.41715  11.5%     -   11s
     0     0 1899.07748    0 5901 1703.85106 1899.07748  11.5%     -   12s
     0     0 1899.03348    0 5885 1703.85106 1899.03348  11.5%     -   12s
     0     0 1898.08103    0 5627 1703.85106 1898.08103  11.4%     -   12s
H    0     0                    1707.1808511 1898.07516  11.2%     -   12s
     0     0 1897.97001    0 6008 1707.18085 1897.97001  11.2%     -   12s
     0     0 1896.27816    0 5696 1707.18085 1896.27816  11.1%     -   13s
H    0     0                    1715.5106383 1896.27119  10.5%     -   13s
H    0     0                    1719.8404255 1896.27119  10.3%     -   13s
H    0     0                    1723.8404255 1896.27119  10.0%     -   13s
H    0     0                    1740.8297872 1896.27119  8.93%     -   13s
H    0     0                    1761.8191489 1896.27119  7.63%     -   13s
H    0     0                    1762.8191489 1896.27119  7.57%     -   13s
H    0     0                    1763.8191489 1896.27119  7.51%     -   13s
H    0     0                    1766.8191489 1896.27119  7.33%     -   13s
H    0     0                    1767.4893617 1896.27119  7.29%     -   13s
H    0     0                    1767.8191489 1896.27119  7.27%     -   13s
     0     0 1896.16439    0 5748 1767.81915 1896.16439  7.26%     -   13s
     0     0 1895.87140    0 5744 1767.81915 1895.87140  7.24%     -   14s
     0     0 1895.76333    0 5593 1767.81915 1895.76333  7.24%     -   14s
     0     0          -    0      1767.81915 1895.76333  7.24%     -   15s

Cutting planes:
  Gomory: 3
  Cover: 401
  Implied bound: 5
  Clique: 17
  MIR: 235
  StrongCG: 14
  Zero half: 173
  RLT: 415
  Relax-and-lift: 158

Explored 1 nodes (35488 simplex iterations) in 15.00 seconds (15.30 work units)
Thread count was 1 (of 4 available processors)

Solution count 10: 1767.82 1767.49 1766.82 ... 1715.51

Time limit reached
Best objective 1.767819148936e+03, best bound 1.895755319149e+03, gap 7.2369%
Set parameter TimeLimit to value 15
Gurobi Optimizer version 12.0.3 build v12.0.3rc0 (win64 - Windows 10.0 (19045.2))

CPU model: Intel(R) Core(TM) i5-7400 CPU @ 3.00GHz, instruction set [SSE2|AVX|AVX2]
Thread count: 4 physical cores, 4 logical processors, using up to 1 threads

Non-default parameters:
TimeLimit  15
LogToConsole  0
Threads  1

Academic license 2699416 - for non-commercial use only - registered to pa___@id.uff.br
Optimize a model with 10975 rows, 12816 columns and 57216 nonzeros
Model fingerprint: 0x70c1e4da
Variable types: 1 continuous, 12815 integer (12815 binary)
Coefficient statistics:
  Matrix range     [1e+00, 4e+02]
  Objective range  [1e+00, 1e+02]
  Bounds range     [1e+00, 6e+03]
  RHS range        [8e+03, 8e+03]

User MIP start produced solution with objective -3.2685e-13 (0.02s)
Loaded user MIP start with objective -3.2685e-13
MIP start from previous solve did not produce a new incumbent solution

Presolve removed 62 rows and 1446 columns
Presolve time: 0.20s
Presolved: 10913 rows, 11370 columns, 54001 nonzeros
Variable types: 0 continuous, 11370 integer (10560 binary)

Root relaxation: objective 8.947705e+02, 5563 iterations, 0.76 seconds (0.61 work units)

    Nodes    |    Current Node    |     Objective Bounds      |     Work
 Expl Unexpl |  Obj  Depth IntInf | Incumbent    BestBd   Gap | It/Node Time

     0     0  894.77046    0 4007   -0.00000  894.77046      -     -    1s
H    0     0                     104.3255814  894.77046   758%     -    1s
     0     0  740.37183    0 4638  104.32558  740.37183   610%     -    2s
     0     0  733.56266    0 4588  104.32558  733.56266   603%     -    2s
     0     0  732.83301    0 4500  104.32558  732.83301   602%     -    2s
     0     0  732.77469    0 4650  104.32558  732.77469   602%     -    2s
     0     0  732.77469    0 4650  104.32558  732.77469   602%     -    2s
     0     0  719.94958    0 4587  104.32558  719.94958   590%     -    3s
     0     0  717.32195    0 4709  104.32558  717.32195   588%     -    3s
     0     0  716.88432    0 4750  104.32558  716.88432   587%     -    3s
     0     0  716.65647    0 4737  104.32558  716.65647   587%     -    3s
     0     0  716.45476    0 4853  104.32558  716.45476   587%     -    3s
     0     0  716.44793    0 4890  104.32558  716.44793   587%     -    3s
     0     0  713.87246    0 4881  104.32558  713.87246   584%     -    4s
     0     0  713.30491    0 4538  104.32558  713.30491   584%     -    4s
     0     0  713.06790    0 4500  104.32558  713.06790   584%     -    4s
     0     0  713.04455    0 4504  104.32558  713.04455   583%     -    4s
     0     0  711.20773    0 4310  104.32558  711.20773   582%     -    5s
H    0     0                     126.7674419  711.20458   461%     -    5s
     0     0  710.84985    0 4402  126.76744  710.84985   461%     -    5s
     0     0  710.70264    0 4454  126.76744  710.70264   461%     -    5s
     0     0  710.66884    0 4499  126.76744  710.66884   461%     -    5s
     0     0  709.44742    0 4504  126.76744  709.44742   460%     -    5s
     0     0  709.33464    0 4612  126.76744  709.33464   460%     -    5s
     0     0  709.30487    0 4756  126.76744  709.30487   460%     -    5s
     0     0  708.30522    0 4531  126.76744  708.30522   459%     -    6s
H    0     0                     169.0930233  708.28789   319%     -    6s
H    0     0                     649.0465116  708.28789  9.13%     -    6s
H    0     0                     650.0465116  708.28789  8.96%     -    6s
     0     0  708.02209    0 4431  650.04651  708.02209  8.92%     -    6s
     0     0  707.95876    0 4482  650.04651  707.95876  8.91%     -    6s
     0     0  707.23950    0 4574  650.04651  707.23950  8.80%     -    7s
     0     0  707.08137    0 4499  650.04651  707.08137  8.77%     -    7s
     0     0  707.05628    0 4498  650.04651  707.05628  8.77%     -    7s
     0     0  706.89002    0 4467  650.04651  706.89002  8.74%     -    7s
     0     0  706.84090    0 4538  650.04651  706.84090  8.74%     -    8s
     0     0  706.64911    0 4497  650.04651  706.64911  8.71%     -    8s
     0     0  706.64782    0 4488  650.04651  706.64782  8.71%     -    8s
     0     0  706.64573    0 3795  650.04651  706.64573  8.71%     -   11s
     0     0  706.64573    0 4716  650.04651  706.64573  8.71%     -   13s
     0     0  706.64573    0 4481  650.04651  706.64573  8.71%     -   13s
     0     0  705.26441    0 4494  650.04651  705.26441  8.49%     -   13s
     0     0  704.97860    0 4468  650.04651  704.97860  8.45%     -   13s
     0     0  704.70631    0 4507  650.04651  704.70631  8.41%     -   13s
     0     0  704.69204    0 4511  650.04651  704.69204  8.41%     -   13s
     0     0  703.38519    0 4669  650.04651  703.38519  8.21%     -   14s
     0     0  702.98753    0 4558  650.04651  702.98753  8.14%     -   14s
     0     0  702.97006    0 4510  650.04651  702.97006  8.14%     -   14s
     0     0  702.41207    0 4493  650.04651  702.41207  8.06%     -   15s

Cutting planes:
  Gomory: 3
  Cover: 217
  MIR: 117
  StrongCG: 2
  Zero half: 117
  RLT: 206
  Relax-and-lift: 31

Explored 1 nodes (30416 simplex iterations) in 15.01 seconds (14.05 work units)
Thread count was 1 (of 4 available processors)

Solution count 6: 650.047 649.047 169.093 ... -3.2685e-13

Time limit reached
Best objective 6.500465116279e+02, best bound 7.023953488372e+02, gap 8.0531%
Set parameter TimeLimit to value 12
Gurobi Optimizer version 12.0.3 build v12.0.3rc0 (win64 - Windows 10.0 (19045.2))

CPU model: Intel(R) Core(TM) i5-7400 CPU @ 3.00GHz, instruction set [SSE2|AVX|AVX2]
Thread count: 4 physical cores, 4 logical processors, using up to 1 threads

Non-default parameters:
TimeLimit  12
LogToConsole  0
Threads  1

Academic license 2699416 - for non-commercial use only - registered to pa___@id.uff.br
Optimize a model with 10975 rows, 12816 columns and 57216 nonzeros
Model fingerprint: 0x32b955c4
Variable types: 1 continuous, 12815 integer (12815 binary)
Coefficient statistics:
  Matrix range     [1e+00, 4e+02]
  Objective range  [1e+00, 2e+02]
  Bounds range     [1e+00, 6e+03]
  RHS range        [8e+03, 8e+03]

User MIP start produced solution with objective 2.27374e-13 (0.02s)
Loaded user MIP start with objective 2.27374e-13
MIP start from previous solve did not produce a new incumbent solution

Presolve removed 62 rows and 1446 columns
Presolve time: 0.20s
Presolved: 10913 rows, 11370 columns, 54001 nonzeros
Variable types: 0 continuous, 11370 integer (10560 binary)

Root relaxation: objective 3.912375e+02, 1947 iterations, 0.29 seconds (0.40 work units)

    Nodes    |    Current Node    |     Objective Bounds      |     Work
 Expl Unexpl |  Obj  Depth IntInf | Incumbent    BestBd   Gap | It/Node Time

     0     0  391.23754    0 2582    0.00000  391.23754      -     -    0s
H    0     0                     163.3333333  391.23754   140%     -    0s
     0     0  294.41433    0 3449  163.33333  294.41433  80.3%     -    1s
     0     0  289.31355    0 3404  163.33333  289.31355  77.1%     -    2s
     0     0  288.96900    0 3340  163.33333  288.96900  76.9%     -    2s
     0     0  288.92524    0 3342  163.33333  288.92524  76.9%     -    2s
     0     0  288.90987    0 3341  163.33333  288.90987  76.9%     -    2s
     0     0  275.03982    0 3647  163.33333  275.03982  68.4%     -    4s
     0     0  273.49785    0 3656  163.33333  273.49785  67.4%     -    4s
     0     0  272.87157    0 3644  163.33333  272.87157  67.1%     -    4s
     0     0  272.81422    0 3648  163.33333  272.81422  67.0%     -    4s
     0     0  272.81246    0 3648  163.33333  272.81246  67.0%     -    4s
     0     0  268.76565    0 3585  163.33333  268.76565  64.6%     -    5s
H    0     0                     165.3333333  268.73853  62.5%     -    5s
H    0     0                     168.3333333  268.73853  59.6%     -    5s
     0     0  267.71748    0 3781  168.33333  267.71748  59.0%     -    5s
     0     0  267.42888    0 3658  168.33333  267.42888  58.9%     -    5s
     0     0  267.27858    0 3660  168.33333  267.27858  58.8%     -    5s
     0     0  267.24793    0 3661  168.33333  267.24793  58.8%     -    5s
     0     0  266.01139    0 3680  168.33333  266.01139  58.0%     -    5s
     0     0  265.83262    0 3554  168.33333  265.83262  57.9%     -    5s
     0     0  265.73534    0 3732  168.33333  265.73534  57.9%     -    5s
     0     0  265.71839    0 3695  168.33333  265.71839  57.9%     -    5s
     0     0  265.00676    0 3463  168.33333  265.00676  57.4%     -    6s
     0     0  264.75141    0 3644  168.33333  264.75141  57.3%     -    6s
     0     0  264.71370    0 3573  168.33333  264.71370  57.3%     -    6s
     0     0  263.61318    0 3628  168.33333  263.61318  56.6%     -    7s
H    0     0                     234.8888889  263.61313  12.2%     -    7s
     0     0  263.18384    0 3442  234.88889  263.18384  12.0%     -    8s
     0     0  263.12115    0 3612  234.88889  263.12115  12.0%     -    8s
     0     0  263.10649    0 3649  234.88889  263.10649  12.0%     -    8s
     0     0  262.42651    0 3717  234.88889  262.42651  11.7%     -    9s
     0     0  262.42651    0 3018  234.88889  262.42651  11.7%     -   10s

Cutting planes:
  Gomory: 1
  Cover: 78
  Implied bound: 1
  Clique: 3
  MIR: 126
  StrongCG: 9
  Zero half: 125
  RLT: 196
  Relax-and-lift: 37

Explored 1 nodes (10703 simplex iterations) in 12.03 seconds (14.75 work units)
Thread count was 1 (of 4 available processors)

Solution count 5: 234.889 168.333 165.333 ... 2.27374e-13

Time limit reached
Best objective 2.348888888889e+02, best bound 2.623333333333e+02, gap 11.6840%
Set parameter TimeLimit to value 0

Gurobi 12.0.3 (win64, Java) logging started Wed Aug 27 13:26:38 2025

Set parameter LogToConsole to value 0
Set parameter WLSAccessID
Set parameter WLSSecret
Set parameter LicenseID to value 2699416
Set parameter TimeLimit to value 15
Set parameter LogFile to value "mip1.log"
Set parameter Threads to value 1
Academic license 2699416 - for non-commercial use only - registered to pa___@id.uff.br
Gurobi Optimizer version 12.0.3 build v12.0.3rc0 (win64 - Windows 10.0 (19045.2))

CPU model: Intel(R) Core(TM) i5-7400 CPU @ 3.00GHz, instruction set [SSE2|AVX|AVX2]
Thread count: 4 physical cores, 4 logical processors, using up to 1 threads

Non-default parameters:
TimeLimit  15
LogToConsole  0
Threads  1

Academic license 2699416 - for non-commercial use only - registered to pa___@id.uff.br
Optimize a model with 6634 rows, 7770 columns and 36678 nonzeros
Model fingerprint: 0x6144bb2d
Variable types: 1 continuous, 7769 integer (7769 binary)
Coefficient statistics:
  Matrix range     [1e+00, 4e+02]
  Objective range  [1e+00, 2e+01]
  Bounds range     [1e+00, 3e+03]
  RHS range        [4e+03, 4e+03]

User MIP start produced solution with objective -2.03282e-13 (0.02s)
Loaded user MIP start with objective -2.03282e-13

Presolve removed 49 rows and 774 columns
Presolve time: 0.24s
Presolved: 6585 rows, 6996 columns, 34951 nonzeros
Found heuristic solution: objective 6.6865672
Variable types: 0 continuous, 6996 integer (6559 binary)
Found heuristic solution: objective 244.5373134

Root relaxation: objective 3.638365e+03, 9306 iterations, 1.27 seconds (1.45 work units)

    Nodes    |    Current Node    |     Objective Bounds      |     Work
 Expl Unexpl |  Obj  Depth IntInf | Incumbent    BestBd   Gap | It/Node Time

     0     0 3638.36467    0 3351  244.53731 3638.36467  1388%     -    1s
H    0     0                    3453.0597015 3638.36467  5.37%     -    1s
H    0     0                    3573.9253731 3638.36467  1.80%     -    1s
H    0     0                    3574.8805970 3638.36467  1.78%     -    1s
H    0     0                    3608.3134328 3638.36467  0.83%     -    1s
H    0     0                    3617.8656716 3638.36467  0.57%     -    1s
     0     0 3636.15218    0 3815 3617.86567 3636.15218  0.51%     -    4s
H    0     0                    3618.8208955 3636.15189  0.48%     -    4s
     0     0 3636.08656    0 3795 3618.82090 3636.08656  0.48%     -    5s
     0     0 3636.08155    0 3758 3618.82090 3636.08155  0.48%     -    5s
     0     0 3636.08073    0 3754 3618.82090 3636.08073  0.48%     -    5s
     0     0 3635.84162    0 3784 3618.82090 3635.84162  0.47%     -    6s
     0     0 3635.82041    0 3800 3618.82090 3635.82041  0.47%     -    7s
     0     0 3635.81717    0 3901 3618.82090 3635.81717  0.47%     -    7s
     0     0 3635.81689    0 3855 3618.82090 3635.81689  0.47%     -    7s
     0     0 3635.70715    0 3837 3618.82090 3635.70715  0.47%     -    7s
     0     0 3635.69385    0 3839 3618.82090 3635.69385  0.47%     -    8s
     0     0 3635.69180    0 3839 3618.82090 3635.69180  0.47%     -    8s
     0     0 3635.69163    0 3839 3618.82090 3635.69163  0.47%     -    8s
     0     0 3635.65445    0 3860 3618.82090 3635.65445  0.47%     -    8s
     0     0 3635.64551    0 3855 3618.82090 3635.64551  0.46%     -    8s
     0     0 3635.64143    0 3885 3618.82090 3635.64143  0.46%     -    9s
     0     0 3635.63899    0 3916 3618.82090 3635.63899  0.46%     -    9s
     0     0 3635.63867    0 3903 3618.82090 3635.63867  0.46%     -    9s
     0     0 3635.60361    0 3797 3618.82090 3635.60361  0.46%     -    9s
     0     0 3635.59965    0 3791 3618.82090 3635.59965  0.46%     -    9s
     0     0 3635.59512    0 3861 3618.82090 3635.59512  0.46%     -    9s
     0     0 3635.59479    0 3872 3618.82090 3635.59479  0.46%     -    9s
     0     0 3635.57629    0 3789 3618.82090 3635.57629  0.46%     -   10s
H    0     0                    3628.3731343 3635.57606  0.20%     -   10s
H    0     0                    3629.3283582 3635.57606  0.17%     -   10s
H    0     0                    3630.2835821 3635.57606  0.15%     -   10s
     0     0 3635.57154    0 3827 3630.28358 3635.57154  0.15%     -   10s
     0     0 3635.56873    0 3867 3630.28358 3635.56873  0.15%     -   10s
     0     0 3635.56847    0 3843 3630.28358 3635.56847  0.15%     -   10s
     0     0 3635.55381    0 3808 3630.28358 3635.55381  0.15%     -   10s
     0     0 3635.55376    0 3802 3630.28358 3635.55376  0.15%     -   11s
H    0     0                    3631.2388060 3635.55376  0.12%     -   11s
     0     2 3635.55295    0 3748 3631.23881 3635.55295  0.12%     -   11s

Cutting planes:
  Gomory: 1
  Cover: 262
  Implied bound: 1
  Clique: 11
  MIR: 196
  StrongCG: 5
  Zero half: 60
  RLT: 142
  Relax-and-lift: 86

Explored 21 nodes (35185 simplex iterations) in 15.00 seconds (16.57 work units)
Thread count was 1 (of 4 available processors)

Solution count 10: 3631.24 3630.28 3629.33 ... 3453.06

Time limit reached
Best objective 3.631238805970e+03, best bound 3.635537313433e+03, gap 0.1184%
Set parameter TimeLimit to value 15
Gurobi Optimizer version 12.0.3 build v12.0.3rc0 (win64 - Windows 10.0 (19045.2))

CPU model: Intel(R) Core(TM) i5-7400 CPU @ 3.00GHz, instruction set [SSE2|AVX|AVX2]
Thread count: 4 physical cores, 4 logical processors, using up to 1 threads

Non-default parameters:
TimeLimit  15
LogToConsole  0
Threads  1

Academic license 2699416 - for non-commercial use only - registered to pa___@id.uff.br
Optimize a model with 6634 rows, 7770 columns and 36678 nonzeros
Model fingerprint: 0xbf23a206
Variable types: 1 continuous, 7769 integer (7769 binary)
Coefficient statistics:
  Matrix range     [1e+00, 4e+02]
  Objective range  [1e+00, 7e+01]
  Bounds range     [1e+00, 3e+03]
  RHS range        [4e+03, 4e+03]

User MIP start produced solution with objective 5.40012e-13 (0.01s)
Loaded user MIP start with objective 5.40012e-13
MIP start from previous solve did not produce a new incumbent solution

Presolve removed 49 rows and 774 columns
Presolve time: 0.17s
Presolved: 6585 rows, 6996 columns, 34951 nonzeros
Variable types: 0 continuous, 6996 integer (6559 binary)

Root relaxation: objective 7.672880e+02, 4869 iterations, 0.49 seconds (0.42 work units)

    Nodes    |    Current Node    |     Objective Bounds      |     Work
 Expl Unexpl |  Obj  Depth IntInf | Incumbent    BestBd   Gap | It/Node Time

     0     0  767.28797    0 2796    0.00000  767.28797      -     -    0s
H    0     0                     133.4800000  767.28797   475%     -    0s
H    0     0                     162.6400000  767.28797   372%     -    0s
H    0     0                     210.6400000  767.28797   264%     -    0s
     0     0  669.14832    0 3196  210.64000  669.14832   218%     -    1s
H    0     0                     211.2200000  669.12928   217%     -    1s
H    0     0                     248.2200000  669.12928   170%     -    1s
     0     0  667.20336    0 3203  248.22000  667.20336   169%     -    1s
     0     0  667.08453    0 3211  248.22000  667.08453   169%     -    1s
     0     0  667.02826    0 3194  248.22000  667.02826   169%     -    2s
     0     0  667.00455    0 3178  248.22000  667.00455   169%     -    2s
     0     0  658.51143    0 3057  248.22000  658.51143   165%     -    2s
     0     0  657.49049    0 3162  248.22000  657.49049   165%     -    2s
     0     0  657.23629    0 3207  248.22000  657.23629   165%     -    2s
     0     0  657.18667    0 3169  248.22000  657.18667   165%     -    2s
     0     0  657.18653    0 3169  248.22000  657.18653   165%     -    2s
     0     0  654.47507    0 3180  248.22000  654.47507   164%     -    2s
H    0     0                     248.8000000  654.38996   163%     -    2s
H    0     0                     273.8000000  654.38996   139%     -    2s
     0     0  654.38996    0 3174  273.80000  654.38996   139%     -    2s
     0     0  652.71503    0 3183  273.80000  652.71503   138%     -    3s
     0     0  652.61885    0 3211  273.80000  652.61885   138%     -    3s
     0     0  652.56510    0 3163  273.80000  652.56510   138%     -    3s
     0     0  652.55720    0 3168  273.80000  652.55720   138%     -    3s
     0     0  651.67582    0 3202  273.80000  651.67582   138%     -    3s
     0     0  651.62861    0 3183  273.80000  651.62861   138%     -    3s
     0     0  651.62464    0 3182  273.80000  651.62464   138%     -    3s
     0     0  650.96808    0 3122  273.80000  650.96808   138%     -    3s
H    0     0                     343.5400000  650.95821  89.5%     -    3s
H    0     0                     490.6600000  650.95821  32.7%     -    3s
H    0     0                     515.6600000  650.95821  26.2%     -    3s
H    0     0                     516.0800000  650.95821  26.1%     -    3s
H    0     0                     530.8200000  650.95821  22.6%     -    3s
H    0     0                     534.0800000  650.95821  21.9%     -    3s
H    0     0                     537.6600000  650.95821  21.1%     -    3s
     0     0  650.94989    0 3119  537.66000  650.94989  21.1%     -    3s
     0     0  650.73431    0 3101  537.66000  650.73431  21.0%     -    4s
     0     0  650.70224    0 3129  537.66000  650.70224  21.0%     -    4s
     0     0  650.29399    0 3155  537.66000  650.29399  20.9%     -    4s
H    0     0                     540.2400000  650.27613  20.4%     -    4s
H    0     0                     542.6600000  650.27613  19.8%     -    4s
     0     0  650.25411    0 3127  542.66000  650.25411  19.8%     -    4s
     0     0  649.54014    0 3129  542.66000  649.54014  19.7%     -    4s
     0     0  649.41783    0 3182  542.66000  649.41783  19.7%     -    4s
     0     0  649.41366    0 3178  542.66000  649.41366  19.7%     -    4s
     0     0  649.25328    0 3112  542.66000  649.25328  19.6%     -    5s
H    0     0                     544.2400000  649.25103  19.3%     -    5s
H    0     0                     547.8200000  649.25103  18.5%     -    5s
H    0     0                     551.2400000  649.25103  17.8%     -    5s
     0     0  649.23351    0 3157  551.24000  649.23351  17.8%     -    5s
     0     0  649.19328    0 3162  551.24000  649.19328  17.8%     -    5s
     0     0  649.18699    0 3155  551.24000  649.18699  17.8%     -    6s
     0     2  649.18543    0 3153  551.24000  649.18543  17.8%     -    6s
    49    51  605.41755   30 2477  551.24000  641.02598  16.3%   311   10s

Cutting planes:
  Gomory: 1
  Cover: 241
  Clique: 10
  MIR: 163
  StrongCG: 7
  Zero half: 83
  RLT: 91
  Relax-and-lift: 135

Explored 188 nodes (53515 simplex iterations) in 15.00 seconds (14.10 work units)
Thread count was 1 (of 4 available processors)

Solution count 10: 551.24 547.82 544.24 ... 515.66

Time limit reached
Best objective 5.512400000000e+02, best bound 6.409400000000e+02, gap 16.2724%
Set parameter TimeLimit to value 15
Gurobi Optimizer version 12.0.3 build v12.0.3rc0 (win64 - Windows 10.0 (19045.2))

CPU model: Intel(R) Core(TM) i5-7400 CPU @ 3.00GHz, instruction set [SSE2|AVX|AVX2]
Thread count: 4 physical cores, 4 logical processors, using up to 1 threads

Non-default parameters:
TimeLimit  15
LogToConsole  0
Threads  1

Academic license 2699416 - for non-commercial use only - registered to pa___@id.uff.br
Optimize a model with 6634 rows, 7770 columns and 36678 nonzeros
Model fingerprint: 0xc5a47308
Variable types: 1 continuous, 7769 integer (7769 binary)
Coefficient statistics:
  Matrix range     [1e+00, 4e+02]
  Objective range  [1e+00, 1e+02]
  Bounds range     [1e+00, 3e+03]
  RHS range        [4e+03, 4e+03]

User MIP start produced solution with objective 5.68434e-14 (0.01s)
Loaded user MIP start with objective 5.68434e-14
MIP start from previous solve did not produce a new incumbent solution

Presolve removed 49 rows and 774 columns
Presolve time: 0.11s
Presolved: 6585 rows, 6996 columns, 34951 nonzeros
Variable types: 0 continuous, 6996 integer (6559 binary)

Root relaxation: objective 3.168591e+02, 2296 iterations, 0.24 seconds (0.15 work units)

    Nodes    |    Current Node    |     Objective Bounds      |     Work
 Expl Unexpl |  Obj  Depth IntInf | Incumbent    BestBd   Gap | It/Node Time

     0     0  316.85914    0 2153    0.00000  316.85914      -     -    0s
H    0     0                      84.1818182  316.85914   276%     -    0s
     0     0  251.27425    0 2376   84.18182  251.27425   198%     -    1s
H    0     0                      84.8181818  251.15447   196%     -    1s
H    0     0                      90.8181818  251.15447   177%     -    1s
     0     0  247.88028    0 2292   90.81818  247.88028   173%     -    1s
     0     0  247.49699    0 2282   90.81818  247.49699   173%     -    1s
     0     0  247.48163    0 2284   90.81818  247.48163   173%     -    1s
     0     0  241.83201    0 2402   90.81818  241.83201   166%     -    1s
     0     0  241.54612    0 2327   90.81818  241.54612   166%     -    1s
     0     0  241.43097    0 2403   90.81818  241.43097   166%     -    1s
     0     0  241.36171    0 2404   90.81818  241.36171   166%     -    1s
     0     0  241.31988    0 2407   90.81818  241.31988   166%     -    1s
     0     0  241.31087    0 2405   90.81818  241.31087   166%     -    1s
     0     0  239.47733    0 2222   90.81818  239.47733   164%     -    1s
H    0     0                      91.4545455  239.46746   162%     -    1s
H    0     0                     109.4545455  239.46746   119%     -    1s
     0     0  239.38156    0 2173  109.45455  239.38156   119%     -    1s
     0     0  239.34896    0 2178  109.45455  239.34896   119%     -    1s
     0     0  239.34725    0 2261  109.45455  239.34725   119%     -    1s
     0     0  238.67571    0 2253  109.45455  238.67571   118%     -    2s
     0     0  238.55368    0 2317  109.45455  238.55368   118%     -    2s
     0     0  238.54222    0 2379  109.45455  238.54222   118%     -    2s
     0     0  237.48200    0 2302  109.45455  237.48200   117%     -    2s
     0     0  237.43916    0 2304  109.45455  237.43916   117%     -    2s
     0     0  237.42395    0 2306  109.45455  237.42395   117%     -    2s
     0     0  237.10493    0 2301  109.45455  237.10493   117%     -    2s
H    0     0                     109.7272727  237.08292   116%     -    2s
H    0     0                     189.2727273  237.08292  25.3%     -    2s
H    0     0                     190.9090909  237.08292  24.2%     -    2s
H    0     0                     191.9090909  237.08292  23.5%     -    3s
     0     0  237.03861    0 2300  191.90909  237.03861  23.5%     -    3s
     0     0  236.99726    0 2300  191.90909  236.99726  23.5%     -    3s
     0     0  236.96560    0 2303  191.90909  236.96560  23.5%     -    3s
     0     0  236.95622    0 2304  191.90909  236.95622  23.5%     -    3s
     0     0  236.69001    0 2301  191.90909  236.69001  23.3%     -    3s
     0     0  236.64662    0 2300  191.90909  236.64662  23.3%     -    3s
     0     0  236.64219    0 2299  191.90909  236.64219  23.3%     -    3s
     0     0  236.52259    0 2296  191.90909  236.52259  23.2%     -    3s
     0     0  236.47322    0 2300  191.90909  236.47322  23.2%     -    3s
     0     0  236.46057    0 2303  191.90909  236.46057  23.2%     -    3s
     0     0  236.39508    0 2298  191.90909  236.39508  23.2%     -    3s
     0     0  236.39036    0 2292  191.90909  236.39036  23.2%     -    4s
     0     0  236.38078    0 2033  191.90909  236.38078  23.2%     -    4s
     0     0  236.38078    0 2480  191.90909  236.38078  23.2%     -    5s
     0     0  236.38078    0 2326  191.90909  236.38078  23.2%     -    5s
     0     0  236.21685    0 2086  191.90909  236.21685  23.1%     -    5s
     0     0  236.01314    0 2358  191.90909  236.01314  23.0%     -    5s
     0     0  235.88788    0 2256  191.90909  235.88788  22.9%     -    5s
     0     0  235.87741    0 2215  191.90909  235.87741  22.9%     -    5s
     0     0  235.51604    0 2293  191.90909  235.51604  22.7%     -    5s
     0     0  235.49488    0 2293  191.90909  235.49488  22.7%     -    5s
     0     0  235.35477    0 2257  191.90909  235.35477  22.6%     -    5s
     0     0  235.34684    0 2257  191.90909  235.34684  22.6%     -    5s
     0     0  235.32240    0 2216  191.90909  235.32240  22.6%     -    6s
     0     0  235.31732    0 2213  191.90909  235.31732  22.6%     -    6s
     0     2  235.30821    0 2212  191.90909  235.30821  22.6%     -    6s
   112    54  209.41781    3 1776  191.90909  218.48169  13.8%   159   10s
H  182    68                     195.9090909  214.68828  9.59%   136   12s

Cutting planes:
  Cover: 170
  Clique: 1
  MIR: 132
  StrongCG: 5
  Zero half: 75
  RLT: 63
  Relax-and-lift: 11

Explored 362 nodes (54581 simplex iterations) in 15.00 seconds (12.69 work units)
Thread count was 1 (of 4 available processors)

Solution count 10: 195.909 191.909 190.909 ... 84.1818

Time limit reached
Best objective 1.959090909091e+02, best bound 2.076363636363e+02, gap 5.9861%
Set parameter TimeLimit to value 14
Gurobi Optimizer version 12.0.3 build v12.0.3rc0 (win64 - Windows 10.0 (19045.2))

CPU model: Intel(R) Core(TM) i5-7400 CPU @ 3.00GHz, instruction set [SSE2|AVX|AVX2]
Thread count: 4 physical cores, 4 logical processors, using up to 1 threads

Non-default parameters:
TimeLimit  14
LogToConsole  0
Threads  1

Academic license 2699416 - for non-commercial use only - registered to pa___@id.uff.br
Optimize a model with 6634 rows, 7770 columns and 36678 nonzeros
Model fingerprint: 0xb8a050bc
Variable types: 1 continuous, 7769 integer (7769 binary)
Coefficient statistics:
  Matrix range     [1e+00, 4e+02]
  Objective range  [1e+00, 1e+02]
  Bounds range     [1e+00, 3e+03]
  RHS range        [4e+03, 4e+03]

User MIP start produced solution with objective -0 (0.01s)
Loaded user MIP start with objective -0
MIP start from previous solve did not produce a new incumbent solution

Presolve removed 49 rows and 774 columns
Presolve time: 0.12s
Presolved: 6585 rows, 6996 columns, 34951 nonzeros
Variable types: 0 continuous, 6996 integer (6559 binary)

Root relaxation: objective 1.237083e+02, 513 iterations, 0.04 seconds (0.03 work units)

    Nodes    |    Current Node    |     Objective Bounds      |     Work
 Expl Unexpl |  Obj  Depth IntInf | Incumbent    BestBd   Gap | It/Node Time

     0     0  123.70833    0  845   -0.00000  123.70833      -     -    0s
H    0     0                      75.6250000  123.70833  63.6%     -    0s
     0     0   86.01136    0 1004   75.62500   86.01136  13.7%     -    0s
     0     0   86.01136    0  489   75.62500   86.01136  13.7%     -    0s
     0     0   79.60938    0  285   75.62500   79.60938  5.27%     -    0s
     0     0   79.56250    0  214   75.62500   79.56250  5.21%     -    0s
     0     0   79.20833    0  268   75.62500   79.20833  4.74%     -    0s
H    0     0                      78.6250000   79.16667  0.69%     -    0s
     0     0     cutoff    0        78.62500   78.62500  0.00%     -    0s

Cutting planes:
  Gomory: 2
  Cover: 14
  MIR: 7
  StrongCG: 2
  Zero half: 13
  RLT: 21
  Relax-and-lift: 29

Explored 1 nodes (1433 simplex iterations) in 0.64 seconds (0.53 work units)
Thread count was 1 (of 4 available processors)

Solution count 3: 78.625 75.625 -0 

Optimal solution found (tolerance 1.00e-04)
Best objective 7.862500000000e+01, best bound 7.862500000000e+01, gap 0.0000%
Set parameter TimeLimit to value 13
Gurobi Optimizer version 12.0.3 build v12.0.3rc0 (win64 - Windows 10.0 (19045.2))

CPU model: Intel(R) Core(TM) i5-7400 CPU @ 3.00GHz, instruction set [SSE2|AVX|AVX2]
Thread count: 4 physical cores, 4 logical processors, using up to 1 threads

Non-default parameters:
TimeLimit  13
LogToConsole  0
Threads  1

Academic license 2699416 - for non-commercial use only - registered to pa___@id.uff.br
Optimize a model with 6634 rows, 7770 columns and 36678 nonzeros
Model fingerprint: 0x86d2aeea
Variable types: 1 continuous, 7769 integer (7769 binary)
Coefficient statistics:
  Matrix range     [1e+00, 4e+02]
  Objective range  [1e+00, 1e+02]
  Bounds range     [1e+00, 3e+03]
  RHS range        [4e+03, 4e+03]

User MIP start produced solution with objective -0 (0.01s)
Loaded user MIP start with objective -0
MIP start from previous solve did not produce a new incumbent solution

Presolve removed 49 rows and 774 columns
Presolve time: 0.16s
Presolved: 6585 rows, 6996 columns, 34951 nonzeros
Variable types: 0 continuous, 6996 integer (6559 binary)

Root relaxation: objective 3.938462e+01, 77 iterations, 0.02 seconds (0.02 work units)

    Nodes    |    Current Node    |     Objective Bounds      |     Work
 Expl Unexpl |  Obj  Depth IntInf | Incumbent    BestBd   Gap | It/Node Time

     0     0   29.74209    0  317   -0.00000   29.74209      -     -    0s
     0     0   28.91852    0  315   -0.00000   28.91852      -     -    0s
     0     0   15.71930    0  311   -0.00000   15.71930      -     -    0s
     0     0   15.71930    0  308   -0.00000   15.71930      -     -    0s
     0     0    1.00000    0  360   -0.00000    1.00000      -     -    1s
     0     0     cutoff    0        -0.00000   -0.00000  0.00%     -    1s

Cutting planes:
  Gomory: 1
  Cover: 6
  MIR: 2
  StrongCG: 1
  Zero half: 1
  RLT: 1

Explored 1 nodes (384 simplex iterations) in 1.00 seconds (0.74 work units)
Thread count was 1 (of 4 available processors)

Solution count 1: -0 
No other solutions better than -0

Optimal solution found (tolerance 1.00e-04)
Best objective -0.000000000000e+00, best bound -0.000000000000e+00, gap 0.0000%

Gurobi 12.0.3 (win64, Java) logging started Wed Aug 27 13:27:26 2025

Set parameter LogToConsole to value 0
Set parameter WLSAccessID
Set parameter WLSSecret
Set parameter LicenseID to value 2699416
Set parameter TimeLimit to value 15
Set parameter LogFile to value "mip1.log"
Set parameter Threads to value 1
Academic license 2699416 - for non-commercial use only - registered to pa___@id.uff.br
Gurobi Optimizer version 12.0.3 build v12.0.3rc0 (win64 - Windows 10.0 (19045.2))

CPU model: Intel(R) Core(TM) i5-7400 CPU @ 3.00GHz, instruction set [SSE2|AVX|AVX2]
Thread count: 4 physical cores, 4 logical processors, using up to 1 threads

Non-default parameters:
TimeLimit  15
LogToConsole  0
Threads  1

Academic license 2699416 - for non-commercial use only - registered to pa___@id.uff.br
Optimize a model with 1052 rows, 1197 columns and 5139 nonzeros
Model fingerprint: 0x84948a23
Variable types: 1 continuous, 1196 integer (1196 binary)
Coefficient statistics:
  Matrix range     [1e+00, 9e+01]
  Objective range  [1e+00, 2e+00]
  Bounds range     [1e+00, 5e+02]
  RHS range        [7e+02, 7e+02]

User MIP start produced solution with objective 4.44089e-16 (0.01s)
Loaded user MIP start with objective 4.44089e-16

Presolve removed 0 rows and 59 columns
Presolve time: 0.01s
Presolved: 1052 rows, 1138 columns, 5022 nonzeros
Found heuristic solution: objective 3.3863636
Variable types: 0 continuous, 1138 integer (1098 binary)
Found heuristic solution: objective 77.8863636

Root relaxation: objective 6.586339e+02, 1023 iterations, 0.02 seconds (0.02 work units)

    Nodes    |    Current Node    |     Objective Bounds      |     Work
 Expl Unexpl |  Obj  Depth IntInf | Incumbent    BestBd   Gap | It/Node Time

     0     0  658.63395    0  313   77.88636  658.63395   746%     -    0s
H    0     0                     645.3636364  658.63395  2.06%     -    0s
H    0     0                     648.7500000  658.63395  1.52%     -    0s
H    0     0                     650.4431818  658.63395  1.26%     -    0s
     0     0  658.29453    0  380  650.44318  658.29453  1.21%     -    0s
H    0     0                     652.1363636  658.29453  0.94%     -    0s
     0     0  658.29423    0  380  652.13636  658.29423  0.94%     -    0s
     0     0  658.14716    0  230  652.13636  658.14716  0.92%     -    0s
     0     0  658.11350    0  351  652.13636  658.11350  0.92%     -    0s
     0     0  658.11330    0  382  652.13636  658.11330  0.92%     -    0s
     0     0  658.11330    0  382  652.13636  658.11330  0.92%     -    0s
     0     0  658.03503    0  383  652.13636  658.03503  0.90%     -    0s
     0     0  658.02475    0  389  652.13636  658.02475  0.90%     -    0s
     0     0  658.02391    0  408  652.13636  658.02391  0.90%     -    0s
     0     0  658.02376    0  401  652.13636  658.02376  0.90%     -    0s
     0     0  658.00606    0  366  652.13636  658.00606  0.90%     -    0s
     0     0  657.99901    0  358  652.13636  657.99901  0.90%     -    0s
     0     0  657.99847    0  390  652.13636  657.99847  0.90%     -    0s
     0     0  657.98619    0  388  652.13636  657.98619  0.90%     -    0s
     0     0  657.98251    0  400  652.13636  657.98251  0.90%     -    0s
     0     0  657.98201    0  447  652.13636  657.98201  0.90%     -    0s
     0     0  657.98148    0  449  652.13636  657.98148  0.90%     -    0s
     0     0  657.95868    0  393  652.13636  657.95868  0.89%     -    0s
H    0     0                     652.2159091  657.95868  0.88%     -    0s
H    0     0                     653.8295455  657.95868  0.63%     -    0s
H    0     0                     655.5227273  657.95868  0.37%     -    0s
     0     0  657.95617    0  370  655.52273  657.95617  0.37%     -    0s
     0     0  657.95549    0  407  655.52273  657.95549  0.37%     -    0s
     0     0  657.95377    0  400  655.52273  657.95377  0.37%     -    0s
     0     0  657.95335    0  392  655.52273  657.95335  0.37%     -    0s
     0     0  657.95041    0  367  655.52273  657.95041  0.37%     -    0s
H    0     0                     657.2159091  657.94960  0.11%     -    0s
     0     0  657.94960    0  401  657.21591  657.94960  0.11%     -    0s
     0     0  657.94780    0  353  657.21591  657.94780  0.11%     -    1s
     0     0  657.94598    0  357  657.21591  657.94598  0.11%     -    1s
     0     0  657.94598    0  383  657.21591  657.94598  0.11%     -    1s
     0     0  657.94598    0  368  657.21591  657.94598  0.11%     -    1s
     0     0  657.94598    0  368  657.21591  657.94598  0.11%     -    1s
     0     2  657.94477    0  368  657.21591  657.94477  0.11%     -    1s
   841   420  657.60883   19  304  657.21591  657.74703  0.08%  23.0    5s
  2095   544  657.64162   16   48  657.21591  657.64870  0.07%  24.1   10s
  4056  1025  657.42756   23   17  657.21591  657.57237  0.05%  22.3   15s

Cutting planes:
  Gomory: 3
  Implied bound: 1
  MIR: 15
  Flow cover: 43
  Zero half: 41
  RLT: 69

Explored 4057 nodes (92244 simplex iterations) in 15.00 seconds (14.21 work units)
Thread count was 1 (of 4 available processors)

Solution count 10: 657.216 655.523 653.83 ... 3.38636

Time limit reached
Best objective 6.572159090909e+02, best bound 6.575681818181e+02, gap 0.0536%
Set parameter TimeLimit to value 15
Gurobi Optimizer version 12.0.3 build v12.0.3rc0 (win64 - Windows 10.0 (19045.2))

CPU model: Intel(R) Core(TM) i5-7400 CPU @ 3.00GHz, instruction set [SSE2|AVX|AVX2]
Thread count: 4 physical cores, 4 logical processors, using up to 1 threads

Non-default parameters:
TimeLimit  15
LogToConsole  0
Threads  1

Academic license 2699416 - for non-commercial use only - registered to pa___@id.uff.br
Optimize a model with 1052 rows, 1197 columns and 5139 nonzeros
Model fingerprint: 0x0b5585b4
Variable types: 1 continuous, 1196 integer (1196 binary)
Coefficient statistics:
  Matrix range     [1e+00, 9e+01]
  Objective range  [1e+00, 4e+01]
  Bounds range     [1e+00, 5e+02]
  RHS range        [7e+02, 7e+02]

User MIP start produced solution with objective 2.13163e-14 (0.01s)
Loaded user MIP start with objective 2.13163e-14
MIP start from previous solve did not produce a new incumbent solution

Presolve removed 0 rows and 59 columns
Presolve time: 0.01s
Presolved: 1052 rows, 1138 columns, 5022 nonzeros
Variable types: 0 continuous, 1138 integer (1098 binary)

Root relaxation: objective 1.489965e+02, 754 iterations, 0.02 seconds (0.02 work units)

    Nodes    |    Current Node    |     Objective Bounds      |     Work
 Expl Unexpl |  Obj  Depth IntInf | Incumbent    BestBd   Gap | It/Node Time

     0     0  148.99654    0  514    0.00000  148.99654      -     -    0s
H    0     0                      15.3529412  148.99654   870%     -    0s
H    0     0                      23.3529412  148.99654   538%     -    0s
     0     0  144.82817    0  567   23.35294  144.82817   520%     -    0s
H    0     0                      24.0588235  144.73529   502%     -    0s
H    0     0                      56.0588235  144.73529   158%     -    0s
     0     0  144.61881    0  568   56.05882  144.61881   158%     -    0s
     0     0  144.61881    0  569   56.05882  144.61881   158%     -    0s
     0     0  143.88129    0  617   56.05882  143.88129   157%     -    0s
H    0     0                      71.4117647  143.87654   101%     -    0s
     0     0  143.85468    0  621   71.41176  143.85468   101%     -    0s
     0     0  143.83645    0  619   71.41176  143.83645   101%     -    0s
     0     0  143.81803    0  623   71.41176  143.81803   101%     -    0s
     0     0  143.80265    0  622   71.41176  143.80265   101%     -    0s
     0     0  143.80147    0  623   71.41176  143.80147   101%     -    0s
     0     0  143.80112    0  623   71.41176  143.80112   101%     -    0s
     0     0  143.09543    0  601   71.41176  143.09543   100%     -    0s
H    0     0                      71.7647059  143.06643  99.4%     -    0s
H    0     0                      82.7647059  143.06643  72.9%     -    0s
     0     0  142.88402    0  587   82.76471  142.88402  72.6%     -    0s
     0     0  142.85508    0  604   82.76471  142.85508  72.6%     -    0s
     0     0  142.85036    0  605   82.76471  142.85036  72.6%     -    0s
     0     0  142.84908    0  605   82.76471  142.84908  72.6%     -    0s
     0     0  142.10675    0  596   82.76471  142.10675  71.7%     -    0s
H    0     0                      89.1176471  142.08462  59.4%     -    0s
     0     0  141.99781    0  600   89.11765  141.99781  59.3%     -    0s
     0     0  141.96869    0  603   89.11765  141.96869  59.3%     -    0s
     0     0  141.96849    0  603   89.11765  141.96849  59.3%     -    0s
     0     0  141.56554    0  597   89.11765  141.56554  58.9%     -    0s
H    0     0                      89.4705882  141.56171  58.2%     -    0s
H    0     0                     105.4705882  141.56171  34.2%     -    0s
     0     0  141.49989    0  631  105.47059  141.49989  34.2%     -    0s
     0     0  141.48760    0  605  105.47059  141.48760  34.1%     -    0s
     0     0  141.48735    0  618  105.47059  141.48735  34.1%     -    0s
     0     0  141.42647    0  632  105.47059  141.42647  34.1%     -    0s
H    0     0                     125.5294118  141.42060  12.7%     -    0s
     0     0  141.41040    0  635  125.52941  141.41040  12.7%     -    0s
     0     0  141.40938    0  634  125.52941  141.40938  12.7%     -    0s
     0     0  141.36223    0  606  125.52941  141.36223  12.6%     -    0s
     0     0  141.33886    0  621  125.52941  141.33886  12.6%     -    0s
     0     0  141.33886    0  622  125.52941  141.33886  12.6%     -    1s
     0     0  141.33886    0  622  125.52941  141.33886  12.6%     -    1s
     0     0  141.33886    0  622  125.52941  141.33886  12.6%     -    1s
     0     0  141.33886    0  514  125.52941  141.33886  12.6%     -    1s
H    0     0                     129.8823529  141.33886  8.82%     -    1s
     0     0  141.33886    0  616  129.88235  141.33886  8.82%     -    1s
     0     0  141.30050    0  605  129.88235  141.30050  8.79%     -    1s
     0     0  141.20546    0  621  129.88235  141.20546  8.72%     -    1s
     0     0  141.19754    0  621  129.88235  141.19754  8.71%     -    1s
     0     0  140.97699    0  617  129.88235  140.97699  8.54%     -    1s
H    0     0                     130.5294118  140.97555  8.00%     -    1s
H    0     0                     131.5294118  140.97555  7.18%     -    1s
     0     0  140.97319    0  619  131.52941  140.97319  7.18%     -    1s
     0     0  140.97101    0  619  131.52941  140.97101  7.18%     -    1s
     0     0  140.89177    0  619  131.52941  140.89177  7.12%     -    1s
     0     0  140.87657    0  619  131.52941  140.87657  7.11%     -    1s
     0     0  140.87385    0  620  131.52941  140.87385  7.10%     -    1s
     0     0  140.85418    0  621  131.52941  140.85418  7.09%     -    1s
     0     0  140.83287    0  620  131.52941  140.83287  7.07%     -    1s
     0     0  140.83287    0  620  131.52941  140.83287  7.07%     -    1s
     0     0  140.83287    0  620  131.52941  140.83287  7.07%     -    1s
     0     0  140.83287    0  620  131.52941  140.83287  7.07%     -    1s
     0     0  140.83287    0  616  131.52941  140.83287  7.07%     -    1s
     0     2  140.83287    0  616  131.52941  140.83287  7.07%     -    1s
*    6     6               4     135.5294118  138.03922  1.85%   107    1s
*    7     5               4     135.8823529  138.03922  1.59%  94.4    1s

Cutting planes:
  Gomory: 1
  MIR: 18
  Zero half: 25
  RLT: 34

Explored 19 nodes (3728 simplex iterations) in 1.89 seconds (1.25 work units)
Thread count was 1 (of 4 available processors)

Solution count 10: 135.882 135.529 131.529 ... 82.7647

Optimal solution found (tolerance 1.00e-04)
Best objective 1.358823529412e+02, best bound 1.358823529412e+02, gap 0.0000%
Set parameter TimeLimit to value 15
Gurobi Optimizer version 12.0.3 build v12.0.3rc0 (win64 - Windows 10.0 (19045.2))

CPU model: Intel(R) Core(TM) i5-7400 CPU @ 3.00GHz, instruction set [SSE2|AVX|AVX2]
Thread count: 4 physical cores, 4 logical processors, using up to 1 threads

Non-default parameters:
TimeLimit  15
LogToConsole  0
Threads  1

Academic license 2699416 - for non-commercial use only - registered to pa___@id.uff.br
Optimize a model with 1052 rows, 1197 columns and 5139 nonzeros
Model fingerprint: 0x9c1b20ab
Variable types: 1 continuous, 1196 integer (1196 binary)
Coefficient statistics:
  Matrix range     [1e+00, 9e+01]
  Objective range  [1e+00, 6e+01]
  Bounds range     [1e+00, 5e+02]
  RHS range        [7e+02, 7e+02]

User MIP start produced solution with objective -0 (0.01s)
Loaded user MIP start with objective -0
MIP start from previous solve did not produce a new incumbent solution

Presolve removed 0 rows and 59 columns
Presolve time: 0.02s
Presolved: 1052 rows, 1138 columns, 5022 nonzeros
Variable types: 0 continuous, 1138 integer (1098 binary)

Root relaxation: objective 5.013841e+01, 264 iterations, 0.01 seconds (0.01 work units)

    Nodes    |    Current Node    |     Objective Bounds      |     Work
 Expl Unexpl |  Obj  Depth IntInf | Incumbent    BestBd   Gap | It/Node Time

     0     0   50.13841    0  466   -0.00000   50.13841      -     -    0s
H    0     0                      18.0000000   50.13841   179%     -    0s
     0     0   48.86402    0  457   18.00000   48.86402   171%     -    0s
     0     0   48.78653    0  458   18.00000   48.78653   171%     -    0s
     0     0   48.78653    0  458   18.00000   48.78653   171%     -    0s
     0     0   48.78653    0  459   18.00000   48.78653   171%     -    0s
     0     0   48.02222    0  467   18.00000   48.02222   167%     -    0s
     0     0   47.94791    0  470   18.00000   47.94791   166%     -    0s
     0     0   47.90285    0  471   18.00000   47.90285   166%     -    0s
     0     0   47.81996    0  467   18.00000   47.81996   166%     -    0s
     0     0   47.78038    0  469   18.00000   47.78038   165%     -    0s
     0     0   47.76906    0  470   18.00000   47.76906   165%     -    0s
     0     0   47.76242    0  470   18.00000   47.76242   165%     -    0s
     0     0   47.44931    0  440   18.00000   47.44931   164%     -    0s
H    0     0                      38.0000000   47.43810  24.8%     -    0s
H    0     0                      41.0000000   47.43810  15.7%     -    0s
     0     0   47.36645    0  470   41.00000   47.36645  15.5%     -    0s
     0     0   47.35970    0  471   41.00000   47.35970  15.5%     -    0s
     0     0   47.34258    0  473   41.00000   47.34258  15.5%     -    0s
     0     0   47.34246    0  474   41.00000   47.34246  15.5%     -    0s
     0     0   47.14229    0  400   41.00000   47.14229  15.0%     -    0s
     0     0   47.14229    0  222   41.00000   47.14229  15.0%     -    0s
H    0     0                      44.0000000   47.14229  7.14%     -    0s
     0     0   47.14229    0  221   44.00000   47.14229  7.14%     -    0s
     0     0   46.93219    0  232   44.00000   46.93219  6.66%     -    0s
     0     0   46.82322    0  225   44.00000   46.82322  6.42%     -    0s
     0     0   46.81235    0  235   44.00000   46.81235  6.39%     -    0s
     0     0   46.80762    0  226   44.00000   46.80762  6.38%     -    0s
     0     0   46.16616    0  240   44.00000   46.16616  4.92%     -    0s
     0     0   46.11087    0  227   44.00000   46.11087  4.80%     -    0s
     0     0   46.10736    0  242   44.00000   46.10736  4.79%     -    0s
     0     0   46.09640    0  242   44.00000   46.09640  4.76%     -    0s
     0     0   45.88717    0  245   44.00000   45.88717  4.29%     -    0s
     0     0   45.87164    0  245   44.00000   45.87164  4.25%     -    0s
     0     0   45.86365    0  244   44.00000   45.86365  4.24%     -    0s
     0     0   45.86048    0  244   44.00000   45.86048  4.23%     -    0s
     0     0   45.85935    0  245   44.00000   45.85935  4.23%     -    0s
     0     0   45.40458    0  235   44.00000   45.40458  3.19%     -    0s
     0     0   45.27158    0  237   44.00000   45.27158  2.89%     -    0s
     0     0   45.26278    0  238   44.00000   45.26278  2.87%     -    0s
     0     0   45.25830    0  239   44.00000   45.25830  2.86%     -    0s
     0     0   45.25446    0  237   44.00000   45.25446  2.85%     -    0s
     0     0   45.25435    0  239   44.00000   45.25435  2.85%     -    0s
     0     0     cutoff    0        44.00000   44.00000  0.00%     -    0s

Cutting planes:
  Gomory: 2
  Cover: 1
  MIR: 9
  Zero half: 16
  RLT: 67

Explored 1 nodes (1035 simplex iterations) in 0.42 seconds (0.24 work units)
Thread count was 1 (of 4 available processors)

Solution count 6: 44 41 40 ... -0

Optimal solution found (tolerance 1.00e-04)
Best objective 4.400000000000e+01, best bound 4.400000000000e+01, gap 0.0000%
Set parameter TimeLimit to value 15
Gurobi Optimizer version 12.0.3 build v12.0.3rc0 (win64 - Windows 10.0 (19045.2))

CPU model: Intel(R) Core(TM) i5-7400 CPU @ 3.00GHz, instruction set [SSE2|AVX|AVX2]
Thread count: 4 physical cores, 4 logical processors, using up to 1 threads

Non-default parameters:
TimeLimit  15
LogToConsole  0
Threads  1

Academic license 2699416 - for non-commercial use only - registered to pa___@id.uff.br
Optimize a model with 1052 rows, 1197 columns and 5139 nonzeros
Model fingerprint: 0x145fda18
Variable types: 1 continuous, 1196 integer (1196 binary)
Coefficient statistics:
  Matrix range     [1e+00, 9e+01]
  Objective range  [1e+00, 9e+01]
  Bounds range     [1e+00, 5e+02]
  RHS range        [7e+02, 7e+02]

User MIP start produced solution with objective -0 (0.01s)
Loaded user MIP start with objective -0
MIP start from previous solve did not produce a new incumbent solution

Presolve removed 0 rows and 59 columns
Presolve time: 0.01s
Presolved: 1052 rows, 1138 columns, 5022 nonzeros
Variable types: 0 continuous, 1138 integer (1098 binary)

Root relaxation: objective 4.552147e+00, 42 iterations, 0.00 seconds (0.00 work units)

    Nodes    |    Current Node    |     Objective Bounds      |     Work
 Expl Unexpl |  Obj  Depth IntInf | Incumbent    BestBd   Gap | It/Node Time

     0     0    4.55215    0  285   -0.00000    4.55215      -     -    0s
     0     0    3.92147    0  239   -0.00000    3.92147      -     -    0s
     0     0    3.92147    0  285   -0.00000    3.92147      -     -    0s
     0     0    2.77732    0  326   -0.00000    2.77732      -     -    0s
     0     0    2.75178    0  328   -0.00000    2.75178      -     -    0s
     0     0    2.50391    0  327   -0.00000    2.50391      -     -    0s
     0     0    2.46601    0  326   -0.00000    2.46601      -     -    0s
     0     0    2.43579    0  327   -0.00000    2.43579      -     -    0s
     0     0    2.42821    0  327   -0.00000    2.42821      -     -    0s
     0     0     cutoff    0        -0.00000   -0.00000  0.00%     -    0s

Cutting planes:
  Gomory: 4
  MIR: 1
  Zero half: 7
  RLT: 8

Explored 1 nodes (122 simplex iterations) in 0.21 seconds (0.14 work units)
Thread count was 1 (of 4 available processors)

Solution count 1: -0 
No other solutions better than -0

Optimal solution found (tolerance 1.00e-04)
Best objective -0.000000000000e+00, best bound -0.000000000000e+00, gap 0.0000%

Gurobi 12.0.3 (win64, Java) logging started Wed Aug 27 13:27:44 2025

Set parameter LogToConsole to value 0
Set parameter WLSAccessID
Set parameter WLSSecret
Set parameter LicenseID to value 2699416
Set parameter TimeLimit to value 15
Set parameter LogFile to value "mip1.log"
Set parameter Threads to value 1
Academic license 2699416 - for non-commercial use only - registered to pa___@id.uff.br
Gurobi Optimizer version 12.0.3 build v12.0.3rc0 (win64 - Windows 10.0 (19045.2))

CPU model: Intel(R) Core(TM) i5-7400 CPU @ 3.00GHz, instruction set [SSE2|AVX|AVX2]
Thread count: 4 physical cores, 4 logical processors, using up to 1 threads

Non-default parameters:
TimeLimit  15
LogToConsole  0
Threads  1

Academic license 2699416 - for non-commercial use only - registered to pa___@id.uff.br
Optimize a model with 412 rows, 501 columns and 2035 nonzeros
Model fingerprint: 0xdadd33e7
Variable types: 1 continuous, 500 integer (500 binary)
Coefficient statistics:
  Matrix range     [1e+00, 8e+01]
  Objective range  [7e-01, 1e+00]
  Bounds range     [1e+00, 1e+02]
  RHS range        [2e+02, 2e+02]

User MIP start produced solution with objective -6.88338e-15 (0.00s)
Loaded user MIP start with objective -6.88338e-15

Presolve removed 1 rows and 15 columns
Presolve time: 0.00s
Presolved: 411 rows, 486 columns, 2010 nonzeros
Found heuristic solution: objective 5.8554217
Variable types: 0 continuous, 486 integer (479 binary)
Found heuristic solution: objective 36.4337349

Root relaxation: objective 1.702818e+02, 400 iterations, 0.00 seconds (0.00 work units)

    Nodes    |    Current Node    |     Objective Bounds      |     Work
 Expl Unexpl |  Obj  Depth IntInf | Incumbent    BestBd   Gap | It/Node Time

     0     0  170.28181    0  188   36.43373  170.28181   367%     -    0s
H    0     0                     157.2409639  170.28181  8.29%     -    0s
H    0     0                     162.6385542  170.28181  4.70%     -    0s
H    0     0                     167.8433735  170.28181  1.45%     -    0s
H    0     0                     168.4939759  170.28181  1.06%     -    0s
     0     0  169.79518    0  227  168.49398  169.79518  0.77%     -    0s
H    0     0                     169.1445783  169.79518  0.38%     -    0s
     0     0  169.79518    0  227  169.14458  169.79518  0.38%     -    0s
     0     0  169.79518    0  233  169.14458  169.79518  0.38%     -    0s
H    0     0                     169.7951807  169.79518  0.00%     -    0s
     0     0  169.79518    0  233  169.79518  169.79518  0.00%     -    0s

Cutting planes:
  Gomory: 3
  MIR: 2
  Zero half: 3
  RLT: 3

Explored 1 nodes (475 simplex iterations) in 0.14 seconds (0.07 work units)
Thread count was 1 (of 4 available processors)

Solution count 9: 169.795 169.145 168.494 ... -6.88338e-15

Optimal solution found (tolerance 1.00e-04)
Best objective 1.697951807229e+02, best bound 1.697951807229e+02, gap 0.0000%
Set parameter TimeLimit to value 15
Gurobi Optimizer version 12.0.3 build v12.0.3rc0 (win64 - Windows 10.0 (19045.2))

CPU model: Intel(R) Core(TM) i5-7400 CPU @ 3.00GHz, instruction set [SSE2|AVX|AVX2]
Thread count: 4 physical cores, 4 logical processors, using up to 1 threads

Non-default parameters:
TimeLimit  15
LogToConsole  0
Threads  1

Academic license 2699416 - for non-commercial use only - registered to pa___@id.uff.br
Optimize a model with 412 rows, 501 columns and 2035 nonzeros
Model fingerprint: 0x8ebcb1a9
Variable types: 1 continuous, 500 integer (500 binary)
Coefficient statistics:
  Matrix range     [1e+00, 8e+01]
  Objective range  [1e+00, 2e+01]
  Bounds range     [1e+00, 1e+02]
  RHS range        [2e+02, 2e+02]

User MIP start produced solution with objective -0 (0.01s)
Loaded user MIP start with objective -0
MIP start from previous solve did not produce a new incumbent solution

Presolve removed 1 rows and 15 columns
Presolve time: 0.01s
Presolved: 411 rows, 486 columns, 2010 nonzeros
Variable types: 0 continuous, 486 integer (479 binary)

Root relaxation: objective 3.108929e+01, 118 iterations, 0.00 seconds (0.00 work units)

    Nodes    |    Current Node    |     Objective Bounds      |     Work
 Expl Unexpl |  Obj  Depth IntInf | Incumbent    BestBd   Gap | It/Node Time

     0     0   31.08929    0  108   -0.00000   31.08929      -     -    0s
H    0     0                       9.5000000   31.08929   227%     -    0s
H    0     0                      30.3750000   31.08929  2.35%     -    0s

Explored 1 nodes (118 simplex iterations) in 0.03 seconds (0.01 work units)
Thread count was 1 (of 4 available processors)

Solution count 3: 30.375 9.5 -0 

Optimal solution found (tolerance 1.00e-04)
Best objective 3.037500000000e+01, best bound 3.037500000000e+01, gap 0.0000%
Set parameter TimeLimit to value 15
Gurobi Optimizer version 12.0.3 build v12.0.3rc0 (win64 - Windows 10.0 (19045.2))

CPU model: Intel(R) Core(TM) i5-7400 CPU @ 3.00GHz, instruction set [SSE2|AVX|AVX2]
Thread count: 4 physical cores, 4 logical processors, using up to 1 threads

Non-default parameters:
TimeLimit  15
LogToConsole  0
Threads  1

Academic license 2699416 - for non-commercial use only - registered to pa___@id.uff.br
Optimize a model with 412 rows, 501 columns and 2035 nonzeros
Model fingerprint: 0xade72d9e
Variable types: 1 continuous, 500 integer (500 binary)
Coefficient statistics:
  Matrix range     [1e+00, 8e+01]
  Objective range  [1e+00, 3e+01]
  Bounds range     [1e+00, 1e+02]
  RHS range        [2e+02, 2e+02]

User MIP start produced solution with objective -0 (0.00s)
Loaded user MIP start with objective -0
MIP start from previous solve did not produce a new incumbent solution

Presolve removed 1 rows and 15 columns
Presolve time: 0.01s
Presolved: 411 rows, 486 columns, 2010 nonzeros
Variable types: 0 continuous, 486 integer (479 binary)

Root relaxation: objective 9.612903e+00, 27 iterations, 0.00 seconds (0.00 work units)

    Nodes    |    Current Node    |     Objective Bounds      |     Work
 Expl Unexpl |  Obj  Depth IntInf | Incumbent    BestBd   Gap | It/Node Time

     0     0    9.61290    0   32   -0.00000    9.61290      -     -    0s
H    0     0                       9.0000000    9.61290  6.81%     -    0s
     0     0    9.61290    0   32    9.00000    9.61290  6.81%     -    0s

Explored 1 nodes (31 simplex iterations) in 0.03 seconds (0.01 work units)
Thread count was 1 (of 4 available processors)

Solution count 2: 9 -0 

Optimal solution found (tolerance 1.00e-04)
Best objective 9.000000000000e+00, best bound 9.000000000000e+00, gap 0.0000%
Set parameter TimeLimit to value 15
Gurobi Optimizer version 12.0.3 build v12.0.3rc0 (win64 - Windows 10.0 (19045.2))

CPU model: Intel(R) Core(TM) i5-7400 CPU @ 3.00GHz, instruction set [SSE2|AVX|AVX2]
Thread count: 4 physical cores, 4 logical processors, using up to 1 threads

Non-default parameters:
TimeLimit  15
LogToConsole  0
Threads  1

Academic license 2699416 - for non-commercial use only - registered to pa___@id.uff.br
Optimize a model with 412 rows, 501 columns and 2035 nonzeros
Model fingerprint: 0xda577851
Variable types: 1 continuous, 500 integer (500 binary)
Coefficient statistics:
  Matrix range     [1e+00, 8e+01]
  Objective range  [1e+00, 4e+01]
  Bounds range     [1e+00, 1e+02]
  RHS range        [2e+02, 2e+02]

User MIP start produced solution with objective -0 (0.00s)
Loaded user MIP start with objective -0
MIP start from previous solve did not produce a new incumbent solution

Presolve removed 1 rows and 15 columns
Presolve time: 0.00s
Presolved: 411 rows, 486 columns, 2010 nonzeros
Variable types: 0 continuous, 486 integer (479 binary)

Root relaxation: objective 3.370968e+00, 9 iterations, 0.00 seconds (0.00 work units)

    Nodes    |    Current Node    |     Objective Bounds      |     Work
 Expl Unexpl |  Obj  Depth IntInf | Incumbent    BestBd   Gap | It/Node Time

     0     0    3.37097    0   32   -0.00000    3.37097      -     -    0s
     0     0     cutoff    0        -0.00000   -0.00000  0.00%     -    0s

Cutting planes:
  Gomory: 1
  Mod-K: 2

Explored 1 nodes (13 simplex iterations) in 0.03 seconds (0.01 work units)
Thread count was 1 (of 4 available processors)

Solution count 1: -0 
No other solutions better than -0

Optimal solution found (tolerance 1.00e-04)
Best objective -0.000000000000e+00, best bound -0.000000000000e+00, gap 0.0000%

Gurobi 12.0.3 (win64, Java) logging started Wed Aug 27 13:27:45 2025

Set parameter LogToConsole to value 0
Set parameter WLSAccessID
Set parameter WLSSecret
Set parameter LicenseID to value 2699416
Set parameter TimeLimit to value 15
Set parameter LogFile to value "mip1.log"
Set parameter Threads to value 1
Academic license 2699416 - for non-commercial use only - registered to pa___@id.uff.br
Gurobi Optimizer version 12.0.3 build v12.0.3rc0 (win64 - Windows 10.0 (19045.2))

CPU model: Intel(R) Core(TM) i5-7400 CPU @ 3.00GHz, instruction set [SSE2|AVX|AVX2]
Thread count: 4 physical cores, 4 logical processors, using up to 1 threads

Non-default parameters:
TimeLimit  15
LogToConsole  0
Threads  1

Academic license 2699416 - for non-commercial use only - registered to pa___@id.uff.br
Optimize a model with 2310 rows, 2773 columns and 10271 nonzeros
Model fingerprint: 0xcab125b4
Variable types: 1 continuous, 2772 integer (2772 binary)
Coefficient statistics:
  Matrix range     [1e+00, 1e+02]
  Objective range  [1e+00, 2e+01]
  Bounds range     [1e+00, 7e+02]
  RHS range        [1e+03, 1e+03]

User MIP start produced solution with objective -1.29674e-13 (0.01s)
Loaded user MIP start with objective -1.29674e-13

Presolve removed 13 rows and 377 columns
Presolve time: 0.03s
Presolved: 2297 rows, 2396 columns, 9460 nonzeros
Found heuristic solution: objective 673.9666667
Variable types: 0 continuous, 2396 integer (2243 binary)
Found heuristic solution: objective 721.7000000

Root relaxation: objective 1.134257e+03, 2296 iterations, 0.12 seconds (0.07 work units)

    Nodes    |    Current Node    |     Objective Bounds      |     Work
 Expl Unexpl |  Obj  Depth IntInf | Incumbent    BestBd   Gap | It/Node Time

     0     0 1134.25688    0 1132  721.70000 1134.25688  57.2%     -    0s
H    0     0                    1049.8666667 1134.25688  8.04%     -    0s
H    0     0                    1055.8333333 1134.25688  7.43%     -    0s
H    0     0                    1073.7333333 1134.25688  5.64%     -    0s
H    0     0                    1081.6333333 1134.25688  4.87%     -    0s
H    0     0                    1085.6666667 1134.25688  4.48%     -    0s
     0     0 1129.68422    0 1352 1085.66667 1129.68422  4.05%     -    1s
     0     0 1128.87182    0 1267 1085.66667 1128.87182  3.98%     -    1s
     0     0 1128.71881    0 1300 1085.66667 1128.71881  3.97%     -    1s
     0     0 1128.66957    0 1305 1085.66667 1128.66957  3.96%     -    1s
     0     0 1128.64069    0 1304 1085.66667 1128.64069  3.96%     -    1s
     0     0 1128.63478    0 1398 1085.66667 1128.63478  3.96%     -    1s
     0     0 1128.63075    0 1308 1085.66667 1128.63075  3.96%     -    1s
     0     0 1128.63072    0 1309 1085.66667 1128.63072  3.96%     -    1s
     0     0 1128.60529    0 1391 1085.66667 1128.60529  3.96%     -    1s
     0     0 1128.59777    0 1356 1085.66667 1128.59777  3.95%     -    1s
     0     0 1128.59496    0 1354 1085.66667 1128.59496  3.95%     -    1s
     0     0 1128.59306    0 1351 1085.66667 1128.59306  3.95%     -    1s
     0     0 1128.58302    0 1309 1085.66667 1128.58302  3.95%     -    1s
H    0     0                    1091.6333333 1128.58151  3.38%     -    1s
     0     0 1128.57885    0 1313 1091.63333 1128.57885  3.38%     -    1s
     0     0 1128.57621    0 1354 1091.63333 1128.57621  3.38%     -    1s
     0     0 1128.57576    0 1309 1091.63333 1128.57576  3.38%     -    1s
     0     0 1128.57255    0 1358 1091.63333 1128.57255  3.38%     -    1s
     0     0 1128.56590    0 1353 1091.63333 1128.56590  3.38%     -    2s
H    0     0                    1094.6000000 1128.56590  3.10%     -    2s
H    0     0                    1102.5666667 1128.56590  2.36%     -    2s
H    0     0                    1103.5666667 1128.56590  2.27%     -    2s
H    0     0                    1109.5333333 1128.56590  1.72%     -    2s
H    0     0                    1121.4333333 1128.56590  0.64%     -    2s
H    0     0                    1121.4666667 1128.56590  0.63%     -    2s
     0     2 1128.56590    0 1350 1121.46667 1128.56590  0.63%     -    2s
H   26    26                    1123.4333333 1128.13488  0.42%   118    2s
H   36    36                    1125.4333333 1128.13488  0.24%  97.5    2s
H   81    18                    1127.4333333 1127.99778  0.05%  54.8    3s

Cutting planes:
  Cover: 63
  Clique: 4
  MIR: 54
  StrongCG: 1
  Zero half: 35
  RLT: 100
  Relax-and-lift: 31

Explored 113 nodes (10081 simplex iterations) in 3.36 seconds (3.31 work units)
Thread count was 1 (of 4 available processors)

Solution count 10: 1127.43 1125.43 1123.43 ... 1091.63

Optimal solution found (tolerance 1.00e-04)
Best objective 1.127433333333e+03, best bound 1.127533333333e+03, gap 0.0089%
Set parameter TimeLimit to value 15
Gurobi Optimizer version 12.0.3 build v12.0.3rc0 (win64 - Windows 10.0 (19045.2))

CPU model: Intel(R) Core(TM) i5-7400 CPU @ 3.00GHz, instruction set [SSE2|AVX|AVX2]
Thread count: 4 physical cores, 4 logical processors, using up to 1 threads

Non-default parameters:
TimeLimit  15
LogToConsole  0
Threads  1

Academic license 2699416 - for non-commercial use only - registered to pa___@id.uff.br
Optimize a model with 2310 rows, 2773 columns and 10271 nonzeros
Model fingerprint: 0xdf1848eb
Variable types: 1 continuous, 2772 integer (2772 binary)
Coefficient statistics:
  Matrix range     [1e+00, 1e+02]
  Objective range  [1e+00, 9e+01]
  Bounds range     [1e+00, 7e+02]
  RHS range        [1e+03, 1e+03]

User MIP start produced solution with objective -0 (0.01s)
Loaded user MIP start with objective -0
MIP start from previous solve did not produce a new incumbent solution

Presolve removed 13 rows and 377 columns
Presolve time: 0.03s
Presolved: 2297 rows, 2396 columns, 9460 nonzeros
Variable types: 0 continuous, 2396 integer (2243 binary)

Root relaxation: objective 1.755965e+02, 774 iterations, 0.04 seconds (0.04 work units)

    Nodes    |    Current Node    |     Objective Bounds      |     Work
 Expl Unexpl |  Obj  Depth IntInf | Incumbent    BestBd   Gap | It/Node Time

     0     0  175.59651    0 1031   -0.00000  175.59651      -     -    0s
H    0     0                       9.6923077  175.59651  1712%     -    0s
H    0     0                      10.6923077  175.59651  1542%     -    0s
     0     0  138.65583    0 1188   10.69231  138.65583  1197%     -    0s
     0     0  133.53636    0 1227   10.69231  133.53636  1149%     -    1s
     0     0  132.13717    0 1191   10.69231  132.13717  1136%     -    1s
     0     0  131.85675    0 1075   10.69231  131.85675  1133%     -    1s
     0     0  131.80175    0 1220   10.69231  131.80175  1133%     -    1s
     0     0  131.79737    0 1221   10.69231  131.79737  1133%     -    1s
     0     0  131.50444    0 1399   10.69231  131.50444  1130%     -    1s
     0     0  131.31086    0 1352   10.69231  131.31086  1128%     -    1s
     0     0  131.28735    0 1368   10.69231  131.28735  1128%     -    1s
     0     0  131.28735    0 1368   10.69231  131.28735  1128%     -    1s
     0     0  131.25229    0 1370   10.69231  131.25229  1128%     -    1s
     0     0  131.24269    0 1400   10.69231  131.24269  1127%     -    1s
     0     0  131.22121    0 1406   10.69231  131.22121  1127%     -    1s
     0     0  131.21904    0 1404   10.69231  131.21904  1127%     -    1s
     0     0  131.19299    0 1319   10.69231  131.19299  1127%     -    1s
     0     0  131.18576    0 1316   10.69231  131.18576  1127%     -    1s
H    0     0                      16.8461538  131.17993   679%     -    1s
H    0     0                     100.8461538  131.17993  30.1%     -    1s
H    0     0                     104.8461538  131.17993  25.1%     -    1s
H    0     0                     109.8461538  131.17993  19.4%     -    1s
     0     0  131.17173    0  785  109.84615  131.17173  19.4%     -    1s
H    0     0                     116.5384615  131.17173  12.6%     -    1s
     0     0  131.17173    0 1333  116.53846  131.17173  12.6%     -    2s
     0     0  131.17173    0 1031  116.53846  131.17173  12.6%     -    2s
     0     0  130.79510    0 1182  116.53846  130.79510  12.2%     -    2s
     0     0  130.39808    0 1295  116.53846  130.39808  11.9%     -    2s
     0     0  130.28443    0 1159  116.53846  130.28443  11.8%     -    2s
     0     0  130.27651    0 1126  116.53846  130.27651  11.8%     -    2s
     0     0  130.20370    0 1230  116.53846  130.20370  11.7%     -    2s
     0     0  130.17405    0 1224  116.53846  130.17405  11.7%     -    2s
     0     0  130.14111    0 1304  116.53846  130.14111  11.7%     -    2s
     0     0  130.13365    0 1352  116.53846  130.13365  11.7%     -    2s
     0     0  130.13120    0 1354  116.53846  130.13120  11.7%     -    2s
     0     0  129.79573    0 1349  116.53846  129.79573  11.4%     -    2s
     0     0  129.76810    0 1275  116.53846  129.76810  11.4%     -    2s
     0     0  129.75039    0 1350  116.53846  129.75039  11.3%     -    2s
     0     0  129.74604    0 1315  116.53846  129.74604  11.3%     -    2s
     0     0  129.68377    0 1202  116.53846  129.68377  11.3%     -    2s
     0     0  129.62554    0 1287  116.53846  129.62554  11.2%     -    2s
     0     0  129.61294    0 1311  116.53846  129.61294  11.2%     -    2s
     0     0  129.61132    0 1310  116.53846  129.61132  11.2%     -    2s
     0     0  129.59902    0 1355  116.53846  129.59902  11.2%     -    2s
     0     0  129.58768    0 1357  116.53846  129.58768  11.2%     -    2s
     0     0  129.58768    0 1355  116.53846  129.58768  11.2%     -    2s
     0     0  129.58542    0 1347  116.53846  129.58542  11.2%     -    3s
     0     2  129.57964    0 1347  116.53846  129.57964  11.2%     -    3s
*    6     6               3     122.5384615  125.69679  2.58%   108    3s

Cutting planes:
  Gomory: 1
  Cover: 42
  MIR: 69
  Zero half: 21
  Mod-K: 4
  RLT: 65
  Relax-and-lift: 58

Explored 17 nodes (5143 simplex iterations) in 3.21 seconds (2.94 work units)
Thread count was 1 (of 4 available processors)

Solution count 9: 122.538 116.538 109.846 ... -0

Optimal solution found (tolerance 1.00e-04)
Best objective 1.225384615385e+02, best bound 1.225384615385e+02, gap 0.0000%
Set parameter TimeLimit to value 15
Gurobi Optimizer version 12.0.3 build v12.0.3rc0 (win64 - Windows 10.0 (19045.2))

CPU model: Intel(R) Core(TM) i5-7400 CPU @ 3.00GHz, instruction set [SSE2|AVX|AVX2]
Thread count: 4 physical cores, 4 logical processors, using up to 1 threads

Non-default parameters:
TimeLimit  15
LogToConsole  0
Threads  1

Academic license 2699416 - for non-commercial use only - registered to pa___@id.uff.br
Optimize a model with 2310 rows, 2773 columns and 10271 nonzeros
Model fingerprint: 0x0e3bd322
Variable types: 1 continuous, 2772 integer (2772 binary)
Coefficient statistics:
  Matrix range     [1e+00, 1e+02]
  Objective range  [1e+00, 1e+02]
  Bounds range     [1e+00, 7e+02]
  RHS range        [1e+03, 1e+03]

User MIP start produced solution with objective -2.84217e-14 (0.01s)
Loaded user MIP start with objective -2.84217e-14
MIP start from previous solve did not produce a new incumbent solution

Presolve removed 13 rows and 377 columns
Presolve time: 0.03s
Presolved: 2297 rows, 2396 columns, 9460 nonzeros
Variable types: 0 continuous, 2396 integer (2243 binary)

Root relaxation: objective 6.914662e+01, 279 iterations, 0.03 seconds (0.03 work units)

    Nodes    |    Current Node    |     Objective Bounds      |     Work
 Expl Unexpl |  Obj  Depth IntInf | Incumbent    BestBd   Gap | It/Node Time

     0     0   64.91430    0  839   -0.00000   64.91430      -     -    0s
     0     0   29.28524    0 1103   -0.00000   29.28524      -     -    1s
     0     0   23.49210    0 1144   -0.00000   23.49210      -     -    1s
     0     0   22.60128    0 1064   -0.00000   22.60128      -     -    1s
     0     0   22.07451    0 1156   -0.00000   22.07451      -     -    1s
     0     0   22.01595    0 1014   -0.00000   22.01595      -     -    1s
     0     0   21.98231    0 1103   -0.00000   21.98231      -     -    1s
     0     0   21.97191    0 1090   -0.00000   21.97191      -     -    1s
     0     0   21.96752    0 1057   -0.00000   21.96752      -     -    1s
     0     0   21.82701    0 1105   -0.00000   21.82701      -     -    1s
     0     0   21.82701    0  775   -0.00000   21.82701      -     -    1s
     0     0   21.82701    0 1161   -0.00000   21.82701      -     -    2s
     0     0   21.82701    0 1122   -0.00000   21.82701      -     -    2s
     0     0   20.80804    0 1279   -0.00000   20.80804      -     -    2s
     0     0   20.72544    0 1129   -0.00000   20.72544      -     -    2s
     0     0   20.67206    0 1263   -0.00000   20.67206      -     -    2s
     0     0   20.62332    0 1100   -0.00000   20.62332      -     -    2s
     0     0   20.60582    0 1102   -0.00000   20.60582      -     -    2s
     0     0   20.60339    0 1102   -0.00000   20.60339      -     -    2s
     0     0   20.50159    0 1209   -0.00000   20.50159      -     -    2s
     0     0   20.47236    0 1104   -0.00000   20.47236      -     -    3s
     0     0   20.44073    0 1106   -0.00000   20.44073      -     -    3s
     0     0   20.39723    0 1211   -0.00000   20.39723      -     -    3s
     0     0   20.39723    0 1296   -0.00000   20.39723      -     -    3s
     0     0   20.38685    0 1333   -0.00000   20.38685      -     -    3s
     0     0   20.38584    0 1191   -0.00000   20.38584      -     -    3s
     0     0   20.38331    0 1225   -0.00000   20.38331      -     -    3s
     0     0   20.38231    0 1221   -0.00000   20.38231      -     -    3s
     0     2   20.37462    0 1221   -0.00000   20.37462      -     -    3s

Cutting planes:
  Cover: 50
  Clique: 1
  MIR: 44
  StrongCG: 24
  Zero half: 33
  RLT: 40
  Relax-and-lift: 61

Explored 320 nodes (10213 simplex iterations) in 4.85 seconds (5.31 work units)
Thread count was 1 (of 4 available processors)

Solution count 1: -2.84217e-14 
No other solutions better than -0

Optimal solution found (tolerance 1.00e-04)
Best objective -2.842170943040e-14, best bound -0.000000000000e+00, gap 0.0000%

Gurobi 12.0.3 (win64, Java) logging started Wed Aug 27 13:27:57 2025

Set parameter LogToConsole to value 0
Set parameter WLSAccessID
Set parameter WLSSecret
Set parameter LicenseID to value 2699416
Set parameter TimeLimit to value 15
Set parameter LogFile to value "mip1.log"
Set parameter Threads to value 1
Academic license 2699416 - for non-commercial use only - registered to pa___@id.uff.br
Gurobi Optimizer version 12.0.3 build v12.0.3rc0 (win64 - Windows 10.0 (19045.2))

CPU model: Intel(R) Core(TM) i5-7400 CPU @ 3.00GHz, instruction set [SSE2|AVX|AVX2]
Thread count: 4 physical cores, 4 logical processors, using up to 1 threads

Non-default parameters:
TimeLimit  15
LogToConsole  0
Threads  1

Academic license 2699416 - for non-commercial use only - registered to pa___@id.uff.br
Optimize a model with 2105 rows, 2392 columns and 12483 nonzeros
Model fingerprint: 0x985f0760
Variable types: 1 continuous, 2391 integer (2391 binary)
Coefficient statistics:
  Matrix range     [1e+00, 9e+01]
  Objective range  [1e+00, 2e+01]
  Bounds range     [1e+00, 8e+02]
  RHS range        [1e+03, 1e+03]

User MIP start produced solution with objective -2.66454e-15 (0.01s)
Loaded user MIP start with objective -2.66454e-15

Presolve removed 19 rows and 169 columns
Presolve time: 0.03s
Presolved: 2086 rows, 2223 columns, 12065 nonzeros
Found heuristic solution: objective 5.6716418
Variable types: 0 continuous, 2223 integer (2123 binary)
Found heuristic solution: objective 95.2835821

Root relaxation: objective 9.905677e+02, 2577 iterations, 0.10 seconds (0.12 work units)

    Nodes    |    Current Node    |     Objective Bounds      |     Work
 Expl Unexpl |  Obj  Depth IntInf | Incumbent    BestBd   Gap | It/Node Time

     0     0  990.56769    0  997   95.28358  990.56769   940%     -    0s
H    0     0                     928.7014925  990.56769  6.66%     -    0s
H    0     0                     968.3731343  990.56769  2.29%     -    0s
H    0     0                     984.2537313  990.56769  0.64%     -    0s
H    0     0                     985.3880597  990.56769  0.53%     -    0s
     0     0  990.11627    0 1020  985.38806  990.11627  0.48%     -    0s
     0     0  990.09748    0 1021  985.38806  990.09748  0.48%     -    0s
     0     0  990.09385    0 1018  985.38806  990.09385  0.48%     -    0s
     0     0  990.09345    0 1014  985.38806  990.09345  0.48%     -    0s
     0     0  990.09345    0 1015  985.38806  990.09345  0.48%     -    0s
     0     0  990.00100    0 1031  985.38806  990.00100  0.47%     -    0s
     0     0  989.99186    0 1068  985.38806  989.99186  0.47%     -    0s
     0     0  989.99107    0 1049  985.38806  989.99107  0.47%     -    0s
     0     0  989.99103    0 1050  985.38806  989.99103  0.47%     -    0s
     0     0  989.96924    0 1039  985.38806  989.96924  0.46%     -    0s
     0     0  989.96734    0 1043  985.38806  989.96734  0.46%     -    1s
     0     0  989.96698    0 1044  985.38806  989.96698  0.46%     -    1s
     0     0  989.96686    0 1057  985.38806  989.96686  0.46%     -    1s
     0     0  989.94825    0 1021  985.38806  989.94825  0.46%     -    1s
     0     0  989.94768    0 1041  985.38806  989.94768  0.46%     -    1s
     0     0  989.94759    0 1060  985.38806  989.94759  0.46%     -    1s
     0     0  989.93588    0 1044  985.38806  989.93588  0.46%     -    1s
     0     0  989.93508    0 1046  985.38806  989.93508  0.46%     -    1s
     0     0  989.93497    0 1049  985.38806  989.93497  0.46%     -    1s
     0     0  989.92317    0 1061  985.38806  989.92317  0.46%     -    1s
H    0     0                     987.6567164  989.92308  0.23%     -    1s
     0     0  989.91704    0 1046  987.65672  989.91704  0.23%     -    1s
     0     0  989.91690    0 1048  987.65672  989.91690  0.23%     -    1s
     0     0  989.91327    0 1050  987.65672  989.91327  0.23%     -    1s
     0     0  989.91166    0 1052  987.65672  989.91166  0.23%     -    1s
     0     0  989.91155    0 1052  987.65672  989.91155  0.23%     -    1s
     0     0  989.90919    0 1048  987.65672  989.90919  0.23%     -    1s
     0     0  989.90861    0 1065  987.65672  989.90861  0.23%     -    1s
     0     0  989.90861    0 1069  987.65672  989.90861  0.23%     -    1s
     0     0  989.90393    0 1062  987.65672  989.90393  0.23%     -    1s
     0     0  989.90353    0 1056  987.65672  989.90353  0.23%     -    1s
     0     2  989.90353    0 1055  987.65672  989.90353  0.23%     -    2s
H   78    78                     988.7910448  989.79439  0.10%   135    4s
   132   122  988.99884   30  667  988.79104  989.79382  0.10%   113    5s
   515   379  989.48864    3  988  988.79104  989.65605  0.09%  95.6   10s

Cutting planes:
  Gomory: 2
  Cover: 59
  MIR: 42
  StrongCG: 5
  Flow cover: 44
  Zero half: 74
  RLT: 42

Explored 633 nodes (70455 simplex iterations) in 15.03 seconds (18.30 work units)
Thread count was 1 (of 4 available processors)

Solution count 9: 988.791 987.657 985.388 ... -2.66454e-15

Time limit reached
Best objective 9.887910447761e+02, best bound 9.896417910447e+02, gap 0.0860%
Set parameter TimeLimit to value 15
Gurobi Optimizer version 12.0.3 build v12.0.3rc0 (win64 - Windows 10.0 (19045.2))

CPU model: Intel(R) Core(TM) i5-7400 CPU @ 3.00GHz, instruction set [SSE2|AVX|AVX2]
Thread count: 4 physical cores, 4 logical processors, using up to 1 threads

Non-default parameters:
TimeLimit  15
LogToConsole  0
Threads  1

Academic license 2699416 - for non-commercial use only - registered to pa___@id.uff.br
Optimize a model with 2105 rows, 2392 columns and 12483 nonzeros
Model fingerprint: 0x145682b4
Variable types: 1 continuous, 2391 integer (2391 binary)
Coefficient statistics:
  Matrix range     [1e+00, 9e+01]
  Objective range  [1e+00, 1e+02]
  Bounds range     [1e+00, 8e+02]
  RHS range        [1e+03, 1e+03]

User MIP start produced solution with objective -0 (0.01s)
Loaded user MIP start with objective -0
MIP start from previous solve did not produce a new incumbent solution

Presolve removed 19 rows and 169 columns
Presolve time: 0.03s
Presolved: 2086 rows, 2223 columns, 12065 nonzeros
Variable types: 0 continuous, 2223 integer (2123 binary)

Root relaxation: objective 2.162741e+02, 866 iterations, 0.05 seconds (0.05 work units)

    Nodes    |    Current Node    |     Objective Bounds      |     Work
 Expl Unexpl |  Obj  Depth IntInf | Incumbent    BestBd   Gap | It/Node Time

     0     0  216.27411    0  941   -0.00000  216.27411      -     -    0s
H    0     0                      54.0000000  216.27411   301%     -    0s
H    0     0                      63.0000000  216.27411   243%     -    0s
     0     0  189.30225    0 1054   63.00000  189.30225   200%     -    0s
H    0     0                      64.0000000  189.10916   195%     -    0s
H    0     0                      85.0000000  189.10916   122%     -    0s
     0     0  187.88600    0 1054   85.00000  187.88600   121%     -    0s
     0     0  187.86466    0 1034   85.00000  187.86466   121%     -    0s
     0     0  187.86466    0 1034   85.00000  187.86466   121%     -    0s
     0     0  185.23517    0 1050   85.00000  185.23517   118%     -    0s
     0     0  184.59616    0 1051   85.00000  184.59616   117%     -    0s
     0     0  184.46340    0 1036   85.00000  184.46340   117%     -    0s
     0     0  184.36575    0 1038   85.00000  184.36575   117%     -    0s
     0     0  184.34700    0 1035   85.00000  184.34700   117%     -    0s
     0     0  183.09637    0 1019   85.00000  183.09637   115%     -    0s
     0     0  182.68890    0 1036   85.00000  182.68890   115%     -    0s
     0     0  182.66337    0 1015   85.00000  182.66337   115%     -    0s
     0     0  182.65896    0 1015   85.00000  182.65896   115%     -    0s
     0     0  181.70276    0 1041   85.00000  181.70276   114%     -    0s
     0     0  181.51985    0 1046   85.00000  181.51985   114%     -    0s
     0     0  181.48490    0 1047   85.00000  181.48490   114%     -    0s
     0     0  181.47399    0 1047   85.00000  181.47399   113%     -    0s
     0     0  180.19093    0 1063   85.00000  180.19093   112%     -    0s
     0     0  180.05522    0 1063   85.00000  180.05522   112%     -    0s
     0     0  180.00918    0 1064   85.00000  180.00918   112%     -    0s
     0     0  180.00625    0 1062   85.00000  180.00625   112%     -    0s
     0     0  179.54252    0 1024   85.00000  179.54252   111%     -    0s
H    0     0                     112.0000000  179.52083  60.3%     -    0s
H    0     0                     116.0000000  179.52083  54.8%     -    0s
H    0     0                     137.0000000  179.52083  31.0%     -    0s
H    0     0                     141.0000000  179.52083  27.3%     -    0s
H    0     0                     145.0000000  179.52083  23.8%     -    0s
H    0     0                     147.0000000  179.52083  22.1%     -    0s
H    0     0                     157.0000000  179.52083  14.3%     -    0s
     0     0  179.38300    0 1031  157.00000  179.38300  14.3%     -    0s
     0     0  179.31680    0 1026  157.00000  179.31680  14.2%     -    0s
     0     0  179.30884    0 1013  157.00000  179.30884  14.2%     -    0s
     0     0  179.01348    0 1029  157.00000  179.01348  14.0%     -    1s
     0     0  179.01348    0  890  157.00000  179.01348  14.0%     -    1s
     0     0  179.01348    0 1052  157.00000  179.01348  14.0%     -    1s
     0     0  178.24063    0 1058  157.00000  178.24063  13.5%     -    1s
     0     0  177.83793    0 1064  157.00000  177.83793  13.3%     -    1s
     0     0  177.79409    0 1062  157.00000  177.79409  13.2%     -    1s
     0     0  177.77886    0 1063  157.00000  177.77886  13.2%     -    1s
     0     0  177.77682    0 1063  157.00000  177.77682  13.2%     -    1s
     0     0  176.45465    0 1035  157.00000  176.45465  12.4%     -    1s
     0     0  176.12123    0 1043  157.00000  176.12123  12.2%     -    1s
     0     0  176.08853    0 1064  157.00000  176.08853  12.2%     -    1s
     0     0  176.08615    0 1064  157.00000  176.08615  12.2%     -    1s
     0     0  175.23929    0 1062  157.00000  175.23929  11.6%     -    1s
     0     0  175.20950    0 1066  157.00000  175.20950  11.6%     -    1s
     0     0  175.18465    0 1049  157.00000  175.18465  11.6%     -    1s
     0     0  175.16698    0 1068  157.00000  175.16698  11.6%     -    1s
     0     0  175.15735    0 1067  157.00000  175.15735  11.6%     -    1s
     0     0  174.55008    0 1039  157.00000  174.55008  11.2%     -    1s
     0     0  174.40913    0 1066  157.00000  174.40913  11.1%     -    1s
     0     0  174.35157    0 1071  157.00000  174.35157  11.1%     -    1s
     0     0  174.33609    0 1067  157.00000  174.33609  11.0%     -    1s
     0     0  174.33191    0 1069  157.00000  174.33191  11.0%     -    1s
     0     0  174.09532    0 1071  157.00000  174.09532  10.9%     -    1s
     0     0  174.01514    0 1070  157.00000  174.01514  10.8%     -    1s
     0     0  173.99996    0 1070  157.00000  173.99996  10.8%     -    1s
     0     0  173.99179    0 1072  157.00000  173.99179  10.8%     -    1s
     0     0  173.51668    0 1066  157.00000  173.51668  10.5%     -    1s
     0     0  173.36744    0 1071  157.00000  173.36744  10.4%     -    1s
     0     0  173.36233    0 1072  157.00000  173.36233  10.4%     -    1s
     0     0  173.27535    0 1090  157.00000  173.27535  10.4%     -    1s
     0     0  173.25622    0 1072  157.00000  173.25622  10.4%     -    1s
     0     0  173.24122    0 1070  157.00000  173.24122  10.3%     -    1s
     0     0  173.23736    0 1071  157.00000  173.23736  10.3%     -    1s
     0     0  173.21286    0 1070  157.00000  173.21286  10.3%     -    1s
     0     2  173.21286    0 1068  157.00000  173.21286  10.3%     -    1s

Cutting planes:
  Gomory: 2
  Cover: 42
  Clique: 1
  MIR: 38
  StrongCG: 2
  Zero half: 64
  RLT: 49
  Relax-and-lift: 28

Explored 18 nodes (7385 simplex iterations) in 2.06 seconds (1.57 work units)
Thread count was 1 (of 4 available processors)

Solution count 10: 157 147 145 ... 63

Optimal solution found (tolerance 1.00e-04)
Best objective 1.570000000000e+02, best bound 1.570000000000e+02, gap 0.0000%
Set parameter TimeLimit to value 15
Gurobi Optimizer version 12.0.3 build v12.0.3rc0 (win64 - Windows 10.0 (19045.2))

CPU model: Intel(R) Core(TM) i5-7400 CPU @ 3.00GHz, instruction set [SSE2|AVX|AVX2]
Thread count: 4 physical cores, 4 logical processors, using up to 1 threads

Non-default parameters:
TimeLimit  15
LogToConsole  0
Threads  1

Academic license 2699416 - for non-commercial use only - registered to pa___@id.uff.br
Optimize a model with 2105 rows, 2392 columns and 12483 nonzeros
Model fingerprint: 0x75a27d49
Variable types: 1 continuous, 2391 integer (2391 binary)
Coefficient statistics:
  Matrix range     [1e+00, 9e+01]
  Objective range  [1e+00, 2e+02]
  Bounds range     [1e+00, 8e+02]
  RHS range        [1e+03, 1e+03]

User MIP start produced solution with objective -0 (0.01s)
Loaded user MIP start with objective -0
MIP start from previous solve did not produce a new incumbent solution

Presolve removed 19 rows and 169 columns
Presolve time: 0.03s
Presolved: 2086 rows, 2223 columns, 12065 nonzeros
Variable types: 0 continuous, 2223 integer (2123 binary)

Root relaxation: objective 9.810000e+01, 265 iterations, 0.01 seconds (0.01 work units)

    Nodes    |    Current Node    |     Objective Bounds      |     Work
 Expl Unexpl |  Obj  Depth IntInf | Incumbent    BestBd   Gap | It/Node Time

     0     0   95.45800    0  568   -0.00000   95.45800      -     -    0s
     0     0   93.18333    0  630   -0.00000   93.18333      -     -    0s
     0     0   92.31667    0  629   -0.00000   92.31667      -     -    0s
H    0     0                      53.5000000   92.31667  72.6%     -    0s
H    0     0                      54.5000000   92.31667  69.4%     -    0s
H    0     0                      55.5000000   92.31667  66.3%     -    0s
     0     0   69.04924    0  783   55.50000   69.04924  24.4%     -    0s
     0     0   69.04924    0  396   55.50000   69.04924  24.4%     -    0s
     0     0   69.04924    0  810   55.50000   69.04924  24.4%     -    0s
     0     0   65.95648    0  779   55.50000   65.95648  18.8%     -    0s
     0     0   65.93465    0  777   55.50000   65.93465  18.8%     -    0s
     0     0   61.20565    0  902   55.50000   61.20565  10.3%     -    0s
     0     0   60.31384    0  900   55.50000   60.31384  8.67%     -    0s
     0     0   60.04739    0  939   55.50000   60.04739  8.19%     -    0s
     0     0   59.89955    0  924   55.50000   59.89955  7.93%     -    0s
     0     0   59.85424    0  880   55.50000   59.85424  7.85%     -    0s
     0     0   59.84231    0  825   55.50000   59.84231  7.82%     -    0s
     0     0   59.84231    0  825   55.50000   59.84231  7.82%     -    0s
     0     0   58.69324    0  884   55.50000   58.69324  5.75%     -    0s
     0     0   58.60105    0  690   55.50000   58.60105  5.59%     -    0s
     0     0   58.49390    0  885   55.50000   58.49390  5.39%     -    0s
     0     0   58.35516    0  887   55.50000   58.35516  5.14%     -    0s
     0     0   58.31873    0  891   55.50000   58.31873  5.08%     -    0s
     0     0   58.31413    0  891   55.50000   58.31413  5.07%     -    0s
     0     0   57.30886    0  896   55.50000   57.30886  3.26%     -    0s
     0     0   57.28544    0  939   55.50000   57.28544  3.22%     -    0s
     0     0   57.25708    0  895   55.50000   57.25708  3.17%     -    0s
     0     0   57.02012    0  937   55.50000   57.02012  2.74%     -    0s
     0     0   57.01948    0  935   55.50000   57.01948  2.74%     -    0s
     0     0   56.86362    0  938   55.50000   56.86362  2.46%     -    0s
     0     0   56.79569    0  938   55.50000   56.79569  2.33%     -    0s
     0     0   56.79405    0  938   55.50000   56.79405  2.33%     -    0s
     0     0   56.06107    0  820   55.50000   56.06107  1.01%     -    0s
     0     0   55.97356    0  782   55.50000   55.97356  0.85%     -    0s
     0     0     cutoff    0        55.50000   55.50000  0.00%     -    0s

Cutting planes:
  Gomory: 1
  Cover: 47
  Implied bound: 13
  MIR: 18
  StrongCG: 2
  Zero half: 37
  RLT: 24
  Relax-and-lift: 29

Explored 1 nodes (1802 simplex iterations) in 0.98 seconds (0.52 work units)
Thread count was 1 (of 4 available processors)

Solution count 4: 55.5 54.5 53.5 -0 

Optimal solution found (tolerance 1.00e-04)
Best objective 5.550000000000e+01, best bound 5.550000000000e+01, gap 0.0000%
Set parameter TimeLimit to value 15
Gurobi Optimizer version 12.0.3 build v12.0.3rc0 (win64 - Windows 10.0 (19045.2))

CPU model: Intel(R) Core(TM) i5-7400 CPU @ 3.00GHz, instruction set [SSE2|AVX|AVX2]
Thread count: 4 physical cores, 4 logical processors, using up to 1 threads

Non-default parameters:
TimeLimit  15
LogToConsole  0
Threads  1

Academic license 2699416 - for non-commercial use only - registered to pa___@id.uff.br
Optimize a model with 2105 rows, 2392 columns and 12483 nonzeros
Model fingerprint: 0x54068448
Variable types: 1 continuous, 2391 integer (2391 binary)
Coefficient statistics:
  Matrix range     [1e+00, 9e+01]
  Objective range  [1e+00, 2e+02]
  Bounds range     [1e+00, 8e+02]
  RHS range        [1e+03, 1e+03]

User MIP start produced solution with objective -0 (0.01s)
Loaded user MIP start with objective -0
MIP start from previous solve did not produce a new incumbent solution

Presolve removed 19 rows and 169 columns
Presolve time: 0.03s
Presolved: 2086 rows, 2223 columns, 12065 nonzeros
Variable types: 0 continuous, 2223 integer (2123 binary)

Root relaxation: objective 5.360000e+01, 49 iterations, 0.00 seconds (0.00 work units)

    Nodes    |    Current Node    |     Objective Bounds      |     Work
 Expl Unexpl |  Obj  Depth IntInf | Incumbent    BestBd   Gap | It/Node Time

     0     0   49.00000    0   12   -0.00000   49.00000      -     -    0s
H    0     0                      24.0000000   49.00000   104%     -    0s
     0     0   27.04878    0  346   24.00000   27.04878  12.7%     -    0s
     0     0     cutoff    0        24.00000   24.00000  0.00%     -    0s

Explored 1 nodes (145 simplex iterations) in 0.11 seconds (0.07 work units)
Thread count was 1 (of 4 available processors)

Solution count 2: 24 -0 

Optimal solution found (tolerance 1.00e-04)
Best objective 2.400000000000e+01, best bound 2.400000000000e+01, gap 0.0000%
Set parameter TimeLimit to value 15
Gurobi Optimizer version 12.0.3 build v12.0.3rc0 (win64 - Windows 10.0 (19045.2))

CPU model: Intel(R) Core(TM) i5-7400 CPU @ 3.00GHz, instruction set [SSE2|AVX|AVX2]
Thread count: 4 physical cores, 4 logical processors, using up to 1 threads

Non-default parameters:
TimeLimit  15
LogToConsole  0
Threads  1

Academic license 2699416 - for non-commercial use only - registered to pa___@id.uff.br
Optimize a model with 2105 rows, 2392 columns and 12483 nonzeros
Model fingerprint: 0xa7eed322
Variable types: 1 continuous, 2391 integer (2391 binary)
Coefficient statistics:
  Matrix range     [1e+00, 9e+01]
  Objective range  [1e+00, 2e+02]
  Bounds range     [1e+00, 8e+02]
  RHS range        [1e+03, 1e+03]

User MIP start produced solution with objective -0 (0.01s)
Loaded user MIP start with objective -0
MIP start from previous solve did not produce a new incumbent solution

Presolve removed 19 rows and 169 columns
Presolve time: 0.03s
Presolved: 2086 rows, 2223 columns, 12065 nonzeros
Variable types: 0 continuous, 2223 integer (2123 binary)

Root relaxation: objective 2.960000e+01, 8 iterations, 0.00 seconds (0.00 work units)

    Nodes    |    Current Node    |     Objective Bounds      |     Work
 Expl Unexpl |  Obj  Depth IntInf | Incumbent    BestBd   Gap | It/Node Time

     0     0   19.00000    0    8   -0.00000   19.00000      -     -    0s
     0     0   18.00000    0    7   -0.00000   18.00000      -     -    0s
     0     0    1.00000    0    1   -0.00000    1.00000      -     -    0s

Cutting planes:
  Cover: 6
  Clique: 1
  MIR: 1

Explored 1 nodes (62 simplex iterations) in 0.07 seconds (0.04 work units)
Thread count was 1 (of 4 available processors)

Solution count 1: -0 
No other solutions better than -0

Optimal solution found (tolerance 1.00e-04)
Best objective -0.000000000000e+00, best bound -0.000000000000e+00, gap 0.0000%

Gurobi 12.0.3 (win64, Java) logging started Wed Aug 27 13:28:16 2025

Set parameter LogToConsole to value 0
Set parameter WLSAccessID
Set parameter WLSSecret
Set parameter LicenseID to value 2699416
Set parameter TimeLimit to value 15
Set parameter LogFile to value "mip1.log"
Set parameter Threads to value 1
Academic license 2699416 - for non-commercial use only - registered to pa___@id.uff.br
Gurobi Optimizer version 12.0.3 build v12.0.3rc0 (win64 - Windows 10.0 (19045.2))

CPU model: Intel(R) Core(TM) i5-7400 CPU @ 3.00GHz, instruction set [SSE2|AVX|AVX2]
Thread count: 4 physical cores, 4 logical processors, using up to 1 threads

Non-default parameters:
TimeLimit  15
LogToConsole  0
Threads  1

Academic license 2699416 - for non-commercial use only - registered to pa___@id.uff.br
Optimize a model with 6 rows, 11 columns and 36 nonzeros
Model fingerprint: 0x49d91046
Variable types: 1 continuous, 10 integer (10 binary)
Coefficient statistics:
  Matrix range     [1e+00, 5e+00]
  Objective range  [1e+00, 5e+00]
  Bounds range     [1e+00, 7e+00]
  RHS range        [1e+01, 1e+01]

User MIP start produced solution with objective -4.44089e-16 (0.00s)
Loaded user MIP start with objective -4.44089e-16

Presolve time: 0.00s
Presolved: 6 rows, 11 columns, 36 nonzeros
Variable types: 0 continuous, 11 integer (10 binary)
Found heuristic solution: objective 3.6000000

Root relaxation: objective 9.300000e+00, 5 iterations, 0.00 seconds (0.00 work units)

    Nodes    |    Current Node    |     Objective Bounds      |     Work
 Expl Unexpl |  Obj  Depth IntInf | Incumbent    BestBd   Gap | It/Node Time

     0     0    9.30000    0    4    3.60000    9.30000   158%     -    0s
H    0     0                       7.4000000    9.30000  25.7%     -    0s
H    0     0                       8.4000000    9.30000  10.7%     -    0s
     0     0 infeasible    0         8.40000    8.40000  0.00%     -    0s

Cutting planes:
  Gomory: 1
  Cover: 1
  Implied bound: 1
  StrongCG: 2
  RLT: 2

Explored 1 nodes (12 simplex iterations) in 0.01 seconds (0.00 work units)
Thread count was 1 (of 4 available processors)

Solution count 4: 8.4 7.4 3.6 -4.44089e-16 

Optimal solution found (tolerance 1.00e-04)
Best objective 8.400000000000e+00, best bound 8.400000000000e+00, gap 0.0000%
Set parameter TimeLimit to value 15
Gurobi Optimizer version 12.0.3 build v12.0.3rc0 (win64 - Windows 10.0 (19045.2))

CPU model: Intel(R) Core(TM) i5-7400 CPU @ 3.00GHz, instruction set [SSE2|AVX|AVX2]
Thread count: 4 physical cores, 4 logical processors, using up to 1 threads

Non-default parameters:
TimeLimit  15
LogToConsole  0
Threads  1

Academic license 2699416 - for non-commercial use only - registered to pa___@id.uff.br
Optimize a model with 6 rows, 11 columns and 36 nonzeros
Model fingerprint: 0x5e878504
Variable types: 1 continuous, 10 integer (10 binary)
Coefficient statistics:
  Matrix range     [1e+00, 5e+00]
  Objective range  [1e+00, 5e+00]
  Bounds range     [1e+00, 7e+00]
  RHS range        [1e+01, 1e+01]

User MIP start produced solution with objective -0 (0.00s)
Loaded user MIP start with objective -0
MIP start from previous solve did not produce a new incumbent solution

Presolve time: 0.00s
Presolved: 6 rows, 11 columns, 36 nonzeros
Variable types: 0 continuous, 11 integer (10 binary)

Root relaxation: objective 3.000000e+00, 6 iterations, 0.00 seconds (0.00 work units)

    Nodes    |    Current Node    |     Objective Bounds      |     Work
 Expl Unexpl |  Obj  Depth IntInf | Incumbent    BestBd   Gap | It/Node Time

     0     0    3.00000    0    4   -0.00000    3.00000      -     -    0s
H    0     0                       1.0000000    3.00000   200%     -    0s
     0     0    2.86364    0    7    1.00000    2.86364   186%     -    0s
H    0     0                       2.0000000    2.57143  28.6%     -    0s
     0     0    2.57143    0    7    2.00000    2.57143  28.6%     -    0s

Cutting planes:
  Gomory: 1
  Cover: 1
  StrongCG: 1

Explored 1 nodes (11 simplex iterations) in 0.01 seconds (0.00 work units)
Thread count was 1 (of 4 available processors)

Solution count 3: 2 1 -0 

Optimal solution found (tolerance 1.00e-04)
Best objective 2.000000000000e+00, best bound 2.000000000000e+00, gap 0.0000%
Set parameter TimeLimit to value 15
Gurobi Optimizer version 12.0.3 build v12.0.3rc0 (win64 - Windows 10.0 (19045.2))

CPU model: Intel(R) Core(TM) i5-7400 CPU @ 3.00GHz, instruction set [SSE2|AVX|AVX2]
Thread count: 4 physical cores, 4 logical processors, using up to 1 threads

Non-default parameters:
TimeLimit  15
LogToConsole  0
Threads  1

Academic license 2699416 - for non-commercial use only - registered to pa___@id.uff.br
Optimize a model with 6 rows, 11 columns and 36 nonzeros
Model fingerprint: 0x5e702c4b
Variable types: 1 continuous, 10 integer (10 binary)
Coefficient statistics:
  Matrix range     [1e+00, 5e+00]
  Objective range  [1e+00, 5e+00]
  Bounds range     [1e+00, 7e+00]
  RHS range        [1e+01, 1e+01]

User MIP start produced solution with objective -0 (0.01s)
Loaded user MIP start with objective -0
MIP start from previous solve did not produce a new incumbent solution

Presolve time: 0.00s
Presolved: 6 rows, 11 columns, 36 nonzeros
Variable types: 0 continuous, 11 integer (10 binary)

Root relaxation: objective 1.307692e+00, 7 iterations, 0.00 seconds (0.00 work units)

    Nodes    |    Current Node    |     Objective Bounds      |     Work
 Expl Unexpl |  Obj  Depth IntInf | Incumbent    BestBd   Gap | It/Node Time

     0     0 infeasible    0        -0.00000   -0.00000  0.00%     -    0s

Explored 1 nodes (7 simplex iterations) in 0.01 seconds (0.00 work units)
Thread count was 1 (of 4 available processors)

Solution count 1: -0 
No other solutions better than -0

Optimal solution found (tolerance 1.00e-04)
Best objective -0.000000000000e+00, best bound -0.000000000000e+00, gap 0.0000%
